/*
 Navicat Premium Data Transfer

 Source Server         : localhost_3306
 Source Server Type    : MySQL
 Source Server Version : 80027
 Source Host           : localhost:3306
 Source Schema         : ry-vue

 Target Server Type    : MySQL
 Target Server Version : 80027
 File Encoding         : 65001

 Date: 25/03/2022 10:13:49
*/

SET NAMES utf8mb4;
SET FOREIGN_KEY_CHECKS = 0;

-- ----------------------------
-- Table structure for article
-- ----------------------------
DROP TABLE IF EXISTS `article`;
CREATE TABLE `article`  (
  `id` bigint(0) NOT NULL AUTO_INCREMENT,
  `comment_counts` int(0) NULL DEFAULT NULL COMMENT '评论数量',
  `create_date` bigint(0) NULL DEFAULT NULL COMMENT '创建时间',
  `summary` varchar(255) CHARACTER SET utf8 COLLATE utf8_general_ci NULL DEFAULT NULL COMMENT '简介',
  `title` varchar(64) CHARACTER SET utf8 COLLATE utf8_general_ci NULL DEFAULT NULL COMMENT '标题',
  `view_counts` int(0) NULL DEFAULT NULL COMMENT '浏览数量',
  `weight` int(0) NOT NULL COMMENT '是否置顶',
  `author_id` bigint(0) NULL DEFAULT NULL COMMENT '作者id',
  `body_id` bigint(0) NULL DEFAULT NULL COMMENT '内容id',
  `category_id` int(0) NULL DEFAULT NULL COMMENT '类别id',
  PRIMARY KEY (`id`) USING BTREE
) ENGINE = InnoDB AUTO_INCREMENT = 25 CHARACTER SET = utf8 COLLATE = utf8_general_ci ROW_FORMAT = Dynamic;

-- ----------------------------
-- Records of article
-- ----------------------------
INSERT INTO `article` VALUES (1, 23, 2018, '撒打算', '大萨达', 2323, 2323, 12312312, 321312, 312312);

-- ----------------------------
-- Table structure for gen_table
-- ----------------------------
DROP TABLE IF EXISTS `gen_table`;
CREATE TABLE `gen_table`  (
  `table_id` bigint(0) NOT NULL AUTO_INCREMENT COMMENT '编号',
  `table_name` varchar(200) CHARACTER SET utf8mb4 COLLATE utf8mb4_0900_ai_ci NULL DEFAULT '' COMMENT '表名称',
  `table_comment` varchar(500) CHARACTER SET utf8mb4 COLLATE utf8mb4_0900_ai_ci NULL DEFAULT '' COMMENT '表描述',
  `sub_table_name` varchar(64) CHARACTER SET utf8mb4 COLLATE utf8mb4_0900_ai_ci NULL DEFAULT NULL COMMENT '关联子表的表名',
  `sub_table_fk_name` varchar(64) CHARACTER SET utf8mb4 COLLATE utf8mb4_0900_ai_ci NULL DEFAULT NULL COMMENT '子表关联的外键名',
  `class_name` varchar(100) CHARACTER SET utf8mb4 COLLATE utf8mb4_0900_ai_ci NULL DEFAULT '' COMMENT '实体类名称',
  `tpl_category` varchar(200) CHARACTER SET utf8mb4 COLLATE utf8mb4_0900_ai_ci NULL DEFAULT 'crud' COMMENT '使用的模板（crud单表操作 tree树表操作）',
  `package_name` varchar(100) CHARACTER SET utf8mb4 COLLATE utf8mb4_0900_ai_ci NULL DEFAULT NULL COMMENT '生成包路径',
  `module_name` varchar(30) CHARACTER SET utf8mb4 COLLATE utf8mb4_0900_ai_ci NULL DEFAULT NULL COMMENT '生成模块名',
  `business_name` varchar(30) CHARACTER SET utf8mb4 COLLATE utf8mb4_0900_ai_ci NULL DEFAULT NULL COMMENT '生成业务名',
  `function_name` varchar(50) CHARACTER SET utf8mb4 COLLATE utf8mb4_0900_ai_ci NULL DEFAULT NULL COMMENT '生成功能名',
  `function_author` varchar(50) CHARACTER SET utf8mb4 COLLATE utf8mb4_0900_ai_ci NULL DEFAULT NULL COMMENT '生成功能作者',
  `gen_type` char(1) CHARACTER SET utf8mb4 COLLATE utf8mb4_0900_ai_ci NULL DEFAULT '0' COMMENT '生成代码方式（0zip压缩包 1自定义路径）',
  `gen_path` varchar(200) CHARACTER SET utf8mb4 COLLATE utf8mb4_0900_ai_ci NULL DEFAULT '/' COMMENT '生成路径（不填默认项目路径）',
  `options` varchar(1000) CHARACTER SET utf8mb4 COLLATE utf8mb4_0900_ai_ci NULL DEFAULT NULL COMMENT '其它生成选项',
  `create_by` varchar(64) CHARACTER SET utf8mb4 COLLATE utf8mb4_0900_ai_ci NULL DEFAULT '' COMMENT '创建者',
  `create_time` datetime(0) NULL DEFAULT NULL COMMENT '创建时间',
  `update_by` varchar(64) CHARACTER SET utf8mb4 COLLATE utf8mb4_0900_ai_ci NULL DEFAULT '' COMMENT '更新者',
  `update_time` datetime(0) NULL DEFAULT NULL COMMENT '更新时间',
  `remark` varchar(500) CHARACTER SET utf8mb4 COLLATE utf8mb4_0900_ai_ci NULL DEFAULT NULL COMMENT '备注',
  PRIMARY KEY (`table_id`) USING BTREE
) ENGINE = InnoDB AUTO_INCREMENT = 13 CHARACTER SET = utf8mb4 COLLATE = utf8mb4_0900_ai_ci COMMENT = '代码生成业务表' ROW_FORMAT = Dynamic;

-- ----------------------------
-- Records of gen_table
-- ----------------------------
INSERT INTO `gen_table` VALUES (1, 'user_search_record', '用户搜索记录', NULL, NULL, 'UserSearchRecord', 'crud', 'com.ruoyi.kooklen', 'userSearchRecord', 'userSearchRecord', '用户搜索记录', 'kooklen', '0', '/', '{\"parentMenuId\":\"2000\"}', 'admin', '2021-11-29 15:43:17', '', '2021-12-03 15:30:20', NULL);
INSERT INTO `gen_table` VALUES (5, 'trigger_record', '预警触发记录', NULL, NULL, 'TriggerRecord', 'crud', 'com.ruoyi.test', 'userTriggerRecord', 'userTriggerRecord', 'userTriggerRecord', 'kooklen', '0', '/', '{\"parentMenuId\":\"2000\"}', 'admin', '2021-11-30 09:23:54', '', '2021-12-03 14:52:17', NULL);
INSERT INTO `gen_table` VALUES (6, 'user_monitor_company', '用户监控列表', NULL, NULL, 'userMonitorCompany', 'crud', 'com.ruoyi.test', 'userMonitorCompany', 'userMonitorCompany', 'userMonitorCompany', 'kooklen', '0', '/', '{\"parentMenuId\":\"2068\"}', 'admin', '2021-11-30 10:07:25', '', '2021-12-28 11:40:11', NULL);
INSERT INTO `gen_table` VALUES (12, 'user_serarch_recorddd', '账户管理', NULL, NULL, 'UserSerarchRecorddd', 'crud', 'com.ruoyi.kooklen', 'UserSerarchRecorddd', 'UserSerarchRecorddd', 'UserSerarchRecorddd', 'kooklen', '0', '/', '{\"parentMenuId\":\"2081\"}', 'admin', '2021-12-01 15:08:37', '', '2021-12-03 15:38:58', NULL);
INSERT INTO `gen_table` VALUES (13, 'work_order_management', '工单管理', NULL, NULL, 'WorkOrderManagement', 'crud', 'com.ruoyi.kooklen', 'WorkOrderManagement', 'WorkOrderManagement', 'WorkOrderManagement', 'kooklen', '0', '/', '{\"parentMenuId\":\"2130\"}', 'admin', '2021-12-02 14:46:35', '', '2021-12-03 10:19:46', NULL);

-- ----------------------------
-- Table structure for gen_table_column
-- ----------------------------
DROP TABLE IF EXISTS `gen_table_column`;
CREATE TABLE `gen_table_column`  (
  `column_id` bigint(0) NOT NULL AUTO_INCREMENT COMMENT '编号',
  `table_id` varchar(64) CHARACTER SET utf8mb4 COLLATE utf8mb4_0900_ai_ci NULL DEFAULT NULL COMMENT '归属表编号',
  `column_name` varchar(200) CHARACTER SET utf8mb4 COLLATE utf8mb4_0900_ai_ci NULL DEFAULT NULL COMMENT '列名称',
  `column_comment` varchar(500) CHARACTER SET utf8mb4 COLLATE utf8mb4_0900_ai_ci NULL DEFAULT NULL COMMENT '列描述',
  `column_type` varchar(100) CHARACTER SET utf8mb4 COLLATE utf8mb4_0900_ai_ci NULL DEFAULT NULL COMMENT '列类型',
  `java_type` varchar(500) CHARACTER SET utf8mb4 COLLATE utf8mb4_0900_ai_ci NULL DEFAULT NULL COMMENT 'JAVA类型',
  `java_field` varchar(200) CHARACTER SET utf8mb4 COLLATE utf8mb4_0900_ai_ci NULL DEFAULT NULL COMMENT 'JAVA字段名',
  `is_pk` char(1) CHARACTER SET utf8mb4 COLLATE utf8mb4_0900_ai_ci NULL DEFAULT NULL COMMENT '是否主键（1是）',
  `is_increment` char(1) CHARACTER SET utf8mb4 COLLATE utf8mb4_0900_ai_ci NULL DEFAULT NULL COMMENT '是否自增（1是）',
  `is_required` char(1) CHARACTER SET utf8mb4 COLLATE utf8mb4_0900_ai_ci NULL DEFAULT NULL COMMENT '是否必填（1是）',
  `is_insert` char(1) CHARACTER SET utf8mb4 COLLATE utf8mb4_0900_ai_ci NULL DEFAULT NULL COMMENT '是否为插入字段（1是）',
  `is_edit` char(1) CHARACTER SET utf8mb4 COLLATE utf8mb4_0900_ai_ci NULL DEFAULT NULL COMMENT '是否编辑字段（1是）',
  `is_list` char(1) CHARACTER SET utf8mb4 COLLATE utf8mb4_0900_ai_ci NULL DEFAULT NULL COMMENT '是否列表字段（1是）',
  `is_query` char(1) CHARACTER SET utf8mb4 COLLATE utf8mb4_0900_ai_ci NULL DEFAULT NULL COMMENT '是否查询字段（1是）',
  `query_type` varchar(200) CHARACTER SET utf8mb4 COLLATE utf8mb4_0900_ai_ci NULL DEFAULT 'EQ' COMMENT '查询方式（等于、不等于、大于、小于、范围）',
  `html_type` varchar(200) CHARACTER SET utf8mb4 COLLATE utf8mb4_0900_ai_ci NULL DEFAULT NULL COMMENT '显示类型（文本框、文本域、下拉框、复选框、单选框、日期控件）',
  `dict_type` varchar(200) CHARACTER SET utf8mb4 COLLATE utf8mb4_0900_ai_ci NULL DEFAULT '' COMMENT '字典类型',
  `sort` int(0) NULL DEFAULT NULL COMMENT '排序',
  `create_by` varchar(64) CHARACTER SET utf8mb4 COLLATE utf8mb4_0900_ai_ci NULL DEFAULT '' COMMENT '创建者',
  `create_time` datetime(0) NULL DEFAULT NULL COMMENT '创建时间',
  `update_by` varchar(64) CHARACTER SET utf8mb4 COLLATE utf8mb4_0900_ai_ci NULL DEFAULT '' COMMENT '更新者',
  `update_time` datetime(0) NULL DEFAULT NULL COMMENT '更新时间',
  PRIMARY KEY (`column_id`) USING BTREE
) ENGINE = InnoDB AUTO_INCREMENT = 109 CHARACTER SET = utf8mb4 COLLATE = utf8mb4_0900_ai_ci COMMENT = '代码生成业务表字段' ROW_FORMAT = Dynamic;

-- ----------------------------
-- Records of gen_table_column
-- ----------------------------
INSERT INTO `gen_table_column` VALUES (1, '1', 'userid', '用户id', 'varchar(255)', 'String', 'userid', '0', '0', NULL, '1', '1', '1', '1', 'EQ', 'input', '', 1, 'admin', '2021-11-29 15:43:17', '', '2021-12-03 15:30:20');
INSERT INTO `gen_table_column` VALUES (2, '1', 'recordnumber', '记录号', 'int', 'Long', 'recordnumber', '1', '1', NULL, '1', '1', '1', '1', 'EQ', 'input', '', 2, 'admin', '2021-11-29 15:43:17', '', '2021-12-03 15:30:20');
INSERT INTO `gen_table_column` VALUES (3, '1', 'username', '用户名', 'varchar(255)', 'String', 'username', '0', '0', NULL, '1', '1', '1', '1', 'LIKE', 'input', '', 3, 'admin', '2021-11-29 15:43:17', '', '2021-12-03 15:30:20');
INSERT INTO `gen_table_column` VALUES (4, '1', 'companyid', '公司id', 'int', 'Long', 'companyid', '0', '0', NULL, '1', '1', '1', '1', 'EQ', 'input', '', 4, 'admin', '2021-11-29 15:43:17', '', '2021-12-03 15:30:20');
INSERT INTO `gen_table_column` VALUES (5, '1', 'companyname', '公司名', 'varchar(255)', 'String', 'companyname', '0', '0', NULL, '1', '1', '1', '1', 'LIKE', 'input', '', 5, 'admin', '2021-11-29 15:43:17', '', '2021-12-03 15:30:20');
INSERT INTO `gen_table_column` VALUES (6, '1', 'searchtime', '搜索时间', 'datetime', 'Date', 'searchtime', '0', '0', NULL, '1', '1', '1', '1', 'BETWEEN', 'datetime', '', 6, 'admin', '2021-11-29 15:43:17', '', '2021-12-03 15:30:20');
INSERT INTO `gen_table_column` VALUES (7, '1', 'state', '状态', 'varchar(255)', 'String', 'state', '0', '0', NULL, '1', '1', '1', '1', 'EQ', 'input', '', 7, 'admin', '2021-11-29 15:43:17', '', '2021-12-03 15:30:20');
INSERT INTO `gen_table_column` VALUES (30, '5', 'recordnumber', '记录号', 'int', 'Long', 'recordnumber', '1', '1', NULL, '1', '1', '1', '1', 'EQ', 'input', '', 1, 'admin', '2021-11-30 09:23:54', '', '2021-12-03 14:52:17');
INSERT INTO `gen_table_column` VALUES (31, '5', 'userid', '用户id', 'int', 'Long', 'userid', '0', '0', NULL, '1', '1', '1', '1', 'EQ', 'input', '', 2, 'admin', '2021-11-30 09:23:54', '', '2021-12-03 14:52:17');
INSERT INTO `gen_table_column` VALUES (32, '5', 'username', '用户名', 'varchar(255)', 'String', 'username', '0', '0', NULL, '1', '1', '1', '1', 'LIKE', 'input', '', 3, 'admin', '2021-11-30 09:23:54', '', '2021-12-03 14:52:17');
INSERT INTO `gen_table_column` VALUES (33, '5', 'companyid', '公司id', 'int', 'Long', 'companyid', '0', '0', NULL, '1', '1', '1', '1', 'EQ', 'input', '', 4, 'admin', '2021-11-30 09:23:54', '', '2021-12-03 14:52:17');
INSERT INTO `gen_table_column` VALUES (34, '5', 'companyname', '公司名', 'varchar(255)', 'String', 'companyname', '0', '0', NULL, '1', '1', '1', '1', 'LIKE', 'input', '', 5, 'admin', '2021-11-30 09:23:55', '', '2021-12-03 14:52:17');
INSERT INTO `gen_table_column` VALUES (35, '5', 'pushway', '推送方式', 'varchar(255)', 'String', 'pushway', '0', '0', NULL, '1', '1', '1', '1', 'EQ', 'input', '', 6, 'admin', '2021-11-30 09:23:55', '', '2021-12-03 14:52:17');
INSERT INTO `gen_table_column` VALUES (36, '5', 'triggertime', '触发时间', 'datetime', 'Date', 'triggertime', '0', '0', NULL, '1', '1', '1', '1', 'BETWEEN', 'datetime', '', 7, 'admin', '2021-11-30 09:23:55', '', '2021-12-03 14:52:17');
INSERT INTO `gen_table_column` VALUES (37, '5', 'address', '地址', 'varchar(255)', 'String', 'address', '0', '0', NULL, '1', '1', '1', '1', 'EQ', 'input', '', 8, 'admin', '2021-11-30 09:23:55', '', '2021-12-03 14:52:17');
INSERT INTO `gen_table_column` VALUES (38, '6', 'userid', '用户id', 'int', 'Long', 'userid', '0', '0', NULL, '1', '1', '1', '1', 'EQ', 'input', '', 1, 'admin', '2021-11-30 10:07:25', '', '2021-12-28 11:40:11');
INSERT INTO `gen_table_column` VALUES (39, '6', 'username', '用户名', 'varchar(255)', 'String', 'username', '0', '0', NULL, '1', '1', '1', '1', 'LIKE', 'input', '', 2, 'admin', '2021-11-30 10:07:25', '', '2021-12-28 11:40:11');
INSERT INTO `gen_table_column` VALUES (40, '6', 'companyid', '公司id', 'int', 'Long', 'companyid', '0', '0', NULL, '1', '1', '1', '1', 'EQ', 'input', '', 3, 'admin', '2021-11-30 10:07:25', '', '2021-12-28 11:40:11');
INSERT INTO `gen_table_column` VALUES (41, '6', 'recordnumber', '记录号', 'int', 'Long', 'recordnumber', '1', '1', NULL, '1', NULL, NULL, '1', 'EQ', 'input', '', 4, 'admin', '2021-11-30 10:07:25', '', '2021-12-28 11:40:11');
INSERT INTO `gen_table_column` VALUES (42, '6', 'companyname', '公司名', 'varchar(255)', 'String', 'companyname', '0', '0', NULL, '1', '1', '1', '1', 'LIKE', 'input', '', 5, 'admin', '2021-11-30 10:07:25', '', '2021-12-28 11:40:11');
INSERT INTO `gen_table_column` VALUES (43, '6', 'monitortime', '监控时间', 'datetime', 'Date', 'monitortime', '0', '0', NULL, '1', '1', '1', '1', 'BETWEEN', 'datetime', '', 6, 'admin', '2021-11-30 10:07:25', '', '2021-12-28 11:40:11');
INSERT INTO `gen_table_column` VALUES (85, '12', 'userid', '用户id', 'varchar(255)', 'String', 'userid', '0', '0', NULL, '1', '1', '1', '1', 'EQ', 'input', '', 1, 'admin', '2021-12-01 15:08:37', '', '2021-12-03 15:38:58');
INSERT INTO `gen_table_column` VALUES (87, '12', 'username', '用户名', 'varchar(255)', 'String', 'username', '0', '0', NULL, '1', '1', '1', '1', 'LIKE', 'input', '', 3, 'admin', '2021-12-01 15:08:37', '', '2021-12-03 15:38:58');
INSERT INTO `gen_table_column` VALUES (88, '12', 'starttime', '创建时间', 'datetime', 'Date', 'starttime', '0', '0', NULL, '1', '1', '1', '1', 'LIKE', 'datetime', '', 4, 'admin', '2021-12-01 15:08:37', '', '2021-12-03 15:38:58');
INSERT INTO `gen_table_column` VALUES (89, '12', 'searchfunction', '搜索功能', 'tinyint', 'Long', 'searchfunction', '0', '0', NULL, '1', '1', '1', '1', 'EQ', 'input', '', 5, 'admin', '2021-12-01 15:08:37', '', '2021-12-03 15:38:58');
INSERT INTO `gen_table_column` VALUES (90, '12', 'endtime', '结束时间', 'datetime', 'Date', 'endtime', '0', '0', NULL, NULL, NULL, NULL, NULL, 'EQ', 'datetime', '', 6, 'admin', '2021-12-01 15:08:37', '', '2021-12-03 15:38:58');
INSERT INTO `gen_table_column` VALUES (91, '12', 'monitorf', '监控功能', 'tinyint', 'Long', 'monitorf', '0', '0', NULL, '1', '1', '1', '1', 'EQ', 'input', '', 7, 'admin', '2021-12-01 15:08:37', '', '2021-12-03 15:38:58');
INSERT INTO `gen_table_column` VALUES (92, '12', 'password', '密码', 'varchar(255)', 'String', 'password', '0', '0', NULL, '1', '1', '1', '1', 'EQ', 'input', '', 8, 'admin', '2021-12-01 15:08:37', '', '2021-12-03 15:38:58');
INSERT INTO `gen_table_column` VALUES (93, '12', 'id', NULL, 'int', 'Long', 'id', '1', '1', NULL, NULL, NULL, NULL, NULL, 'EQ', 'input', '', 8, '', '2021-12-01 15:20:54', '', '2021-12-03 15:38:58');
INSERT INTO `gen_table_column` VALUES (94, '13', 'id', '系统号', 'int', 'Long', 'id', '1', '1', NULL, NULL, NULL, NULL, NULL, 'EQ', 'input', '', 1, 'admin', '2021-12-02 14:46:36', '', '2021-12-03 10:19:46');
INSERT INTO `gen_table_column` VALUES (95, '13', 'userid', '用户ID', 'int', 'Long', 'userid', '0', '0', NULL, '1', NULL, '1', '1', 'EQ', 'input', '', 2, 'admin', '2021-12-02 14:46:36', '', '2021-12-03 10:19:46');
INSERT INTO `gen_table_column` VALUES (96, '13', 'username', '用户名', 'varchar(255)', 'String', 'username', '0', '0', NULL, '1', NULL, '1', '1', 'LIKE', 'input', '', 3, 'admin', '2021-12-02 14:46:36', '', '2021-12-03 10:19:46');
INSERT INTO `gen_table_column` VALUES (97, '13', 'companyname', '公司名', 'varchar(255)', 'String', 'companyname', '0', '0', NULL, '1', NULL, '1', '1', 'LIKE', 'input', '', 4, 'admin', '2021-12-02 14:46:36', '', '2021-12-03 10:19:46');
INSERT INTO `gen_table_column` VALUES (98, '13', 'createtime', '创建时间', 'datetime', 'Date', 'createtime', '0', '0', NULL, '1', NULL, '1', '1', 'BETWEEN', 'datetime', '', 5, 'admin', '2021-12-02 14:46:36', '', '2021-12-03 10:19:46');
INSERT INTO `gen_table_column` VALUES (99, '13', 'state', '状态', 'tinyint', 'Long', 'state', '0', '0', NULL, '1', NULL, '1', '1', 'EQ', 'input', '', 6, 'admin', '2021-12-02 14:46:36', '', '2021-12-03 10:19:46');
INSERT INTO `gen_table_column` VALUES (100, '13', 'legalpeople', '法人名', 'varchar(255)', 'String', 'legalpeople', '0', '0', NULL, '1', NULL, '1', '1', 'EQ', 'input', '', 7, 'admin', '2021-12-02 14:46:36', '', '2021-12-03 10:19:46');
INSERT INTO `gen_table_column` VALUES (101, '13', 'province', '省份', 'varchar(255)', 'String', 'province', '0', '0', NULL, '1', NULL, '1', '1', 'EQ', 'input', '', 8, 'admin', '2021-12-02 14:46:36', '', '2021-12-03 10:19:46');
INSERT INTO `gen_table_column` VALUES (102, '13', 'city', '城市', 'varchar(255)', 'String', 'city', '0', '0', NULL, '1', NULL, '1', '1', 'EQ', 'input', '', 9, 'admin', '2021-12-02 14:46:36', '', '2021-12-03 10:19:46');
INSERT INTO `gen_table_column` VALUES (103, '13', 'code', '统一社会信用代码', 'int', 'Long', 'code', '0', '0', NULL, '1', NULL, '1', '1', 'EQ', 'input', '', 10, 'admin', '2021-12-02 14:46:36', '', '2021-12-03 10:19:46');
INSERT INTO `gen_table_column` VALUES (104, '13', 'contactphone', '联系方式', 'varchar(255)', 'String', 'contactphone', '0', '0', NULL, '1', NULL, '1', '1', 'EQ', 'input', '', 11, 'admin', '2021-12-02 14:46:36', '', '2021-12-03 10:19:46');
INSERT INTO `gen_table_column` VALUES (105, '13', 'note', '备注', 'varchar(255)', 'String', 'note', '0', '0', NULL, '1', NULL, '1', '1', 'EQ', 'input', '', 12, '', '2021-12-02 14:47:51', '', '2021-12-03 10:19:46');
INSERT INTO `gen_table_column` VALUES (106, '13', 'orderid', '工单号', 'int', 'Long', 'orderid', '0', '0', NULL, '1', NULL, '1', '1', 'EQ', 'input', '', 13, '', '2021-12-02 14:59:29', '', '2021-12-03 10:19:46');
INSERT INTO `gen_table_column` VALUES (107, '13', 'finaltime', '处理时间', 'datetime', 'Date', 'finaltime', '0', '0', NULL, '1', NULL, '1', '1', 'BETWEEN', 'datetime', '', 14, '', '2021-12-02 15:44:21', '', '2021-12-03 10:19:46');
INSERT INTO `gen_table_column` VALUES (108, '6', 'state', '公司状态', 'tinyint', 'Long', 'state', '0', '0', NULL, '1', '1', '1', '1', 'EQ', 'input', '', 7, '', '2021-12-27 16:01:19', '', '2021-12-28 11:40:11');
INSERT INTO `gen_table_column` VALUES (109, '6', 'isMonitor', '是否正在监控', 'tinyint', 'Long', 'ismonitor', '0', '0', NULL, '1', '1', '1', '1', 'EQ', 'input', '', 8, '', '2021-12-28 11:39:57', '', '2021-12-28 11:40:11');

-- ----------------------------
-- Table structure for qrtz_blob_triggers
-- ----------------------------
DROP TABLE IF EXISTS `qrtz_blob_triggers`;
CREATE TABLE `qrtz_blob_triggers`  (
  `sched_name` varchar(120) CHARACTER SET utf8mb4 COLLATE utf8mb4_0900_ai_ci NOT NULL COMMENT '调度名称',
  `trigger_name` varchar(200) CHARACTER SET utf8mb4 COLLATE utf8mb4_0900_ai_ci NOT NULL COMMENT 'qrtz_triggers表trigger_name的外键',
  `trigger_group` varchar(200) CHARACTER SET utf8mb4 COLLATE utf8mb4_0900_ai_ci NOT NULL COMMENT 'qrtz_triggers表trigger_group的外键',
  `blob_data` blob NULL COMMENT '存放持久化Trigger对象',
  PRIMARY KEY (`sched_name`, `trigger_name`, `trigger_group`) USING BTREE,
  CONSTRAINT `qrtz_blob_triggers_ibfk_1` FOREIGN KEY (`sched_name`, `trigger_name`, `trigger_group`) REFERENCES `qrtz_triggers` (`sched_name`, `trigger_name`, `trigger_group`) ON DELETE RESTRICT ON UPDATE RESTRICT
) ENGINE = InnoDB CHARACTER SET = utf8mb4 COLLATE = utf8mb4_0900_ai_ci COMMENT = 'Blob类型的触发器表' ROW_FORMAT = Dynamic;

-- ----------------------------
-- Records of qrtz_blob_triggers
-- ----------------------------

-- ----------------------------
-- Table structure for qrtz_calendars
-- ----------------------------
DROP TABLE IF EXISTS `qrtz_calendars`;
CREATE TABLE `qrtz_calendars`  (
  `sched_name` varchar(120) CHARACTER SET utf8mb4 COLLATE utf8mb4_0900_ai_ci NOT NULL COMMENT '调度名称',
  `calendar_name` varchar(200) CHARACTER SET utf8mb4 COLLATE utf8mb4_0900_ai_ci NOT NULL COMMENT '日历名称',
  `calendar` blob NOT NULL COMMENT '存放持久化calendar对象',
  PRIMARY KEY (`sched_name`, `calendar_name`) USING BTREE
) ENGINE = InnoDB CHARACTER SET = utf8mb4 COLLATE = utf8mb4_0900_ai_ci COMMENT = '日历信息表' ROW_FORMAT = Dynamic;

-- ----------------------------
-- Records of qrtz_calendars
-- ----------------------------

-- ----------------------------
-- Table structure for qrtz_cron_triggers
-- ----------------------------
DROP TABLE IF EXISTS `qrtz_cron_triggers`;
CREATE TABLE `qrtz_cron_triggers`  (
  `sched_name` varchar(120) CHARACTER SET utf8mb4 COLLATE utf8mb4_0900_ai_ci NOT NULL COMMENT '调度名称',
  `trigger_name` varchar(200) CHARACTER SET utf8mb4 COLLATE utf8mb4_0900_ai_ci NOT NULL COMMENT 'qrtz_triggers表trigger_name的外键',
  `trigger_group` varchar(200) CHARACTER SET utf8mb4 COLLATE utf8mb4_0900_ai_ci NOT NULL COMMENT 'qrtz_triggers表trigger_group的外键',
  `cron_expression` varchar(200) CHARACTER SET utf8mb4 COLLATE utf8mb4_0900_ai_ci NOT NULL COMMENT 'cron表达式',
  `time_zone_id` varchar(80) CHARACTER SET utf8mb4 COLLATE utf8mb4_0900_ai_ci NULL DEFAULT NULL COMMENT '时区',
  PRIMARY KEY (`sched_name`, `trigger_name`, `trigger_group`) USING BTREE,
  CONSTRAINT `qrtz_cron_triggers_ibfk_1` FOREIGN KEY (`sched_name`, `trigger_name`, `trigger_group`) REFERENCES `qrtz_triggers` (`sched_name`, `trigger_name`, `trigger_group`) ON DELETE RESTRICT ON UPDATE RESTRICT
) ENGINE = InnoDB CHARACTER SET = utf8mb4 COLLATE = utf8mb4_0900_ai_ci COMMENT = 'Cron类型的触发器表' ROW_FORMAT = Dynamic;

-- ----------------------------
-- Records of qrtz_cron_triggers
-- ----------------------------
INSERT INTO `qrtz_cron_triggers` VALUES ('RuoyiScheduler', 'TASK_CLASS_NAME1', 'DEFAULT', '0/10 * * * * ?', 'Asia/Shanghai');
INSERT INTO `qrtz_cron_triggers` VALUES ('RuoyiScheduler', 'TASK_CLASS_NAME2', 'DEFAULT', '0/15 * * * * ?', 'Asia/Shanghai');
INSERT INTO `qrtz_cron_triggers` VALUES ('RuoyiScheduler', 'TASK_CLASS_NAME3', 'DEFAULT', '0/20 * * * * ?', 'Asia/Shanghai');

-- ----------------------------
-- Table structure for qrtz_fired_triggers
-- ----------------------------
DROP TABLE IF EXISTS `qrtz_fired_triggers`;
CREATE TABLE `qrtz_fired_triggers`  (
  `sched_name` varchar(120) CHARACTER SET utf8mb4 COLLATE utf8mb4_0900_ai_ci NOT NULL COMMENT '调度名称',
  `entry_id` varchar(95) CHARACTER SET utf8mb4 COLLATE utf8mb4_0900_ai_ci NOT NULL COMMENT '调度器实例id',
  `trigger_name` varchar(200) CHARACTER SET utf8mb4 COLLATE utf8mb4_0900_ai_ci NOT NULL COMMENT 'qrtz_triggers表trigger_name的外键',
  `trigger_group` varchar(200) CHARACTER SET utf8mb4 COLLATE utf8mb4_0900_ai_ci NOT NULL COMMENT 'qrtz_triggers表trigger_group的外键',
  `instance_name` varchar(200) CHARACTER SET utf8mb4 COLLATE utf8mb4_0900_ai_ci NOT NULL COMMENT '调度器实例名',
  `fired_time` bigint(0) NOT NULL COMMENT '触发的时间',
  `sched_time` bigint(0) NOT NULL COMMENT '定时器制定的时间',
  `priority` int(0) NOT NULL COMMENT '优先级',
  `state` varchar(16) CHARACTER SET utf8mb4 COLLATE utf8mb4_0900_ai_ci NOT NULL COMMENT '状态',
  `job_name` varchar(200) CHARACTER SET utf8mb4 COLLATE utf8mb4_0900_ai_ci NULL DEFAULT NULL COMMENT '任务名称',
  `job_group` varchar(200) CHARACTER SET utf8mb4 COLLATE utf8mb4_0900_ai_ci NULL DEFAULT NULL COMMENT '任务组名',
  `is_nonconcurrent` varchar(1) CHARACTER SET utf8mb4 COLLATE utf8mb4_0900_ai_ci NULL DEFAULT NULL COMMENT '是否并发',
  `requests_recovery` varchar(1) CHARACTER SET utf8mb4 COLLATE utf8mb4_0900_ai_ci NULL DEFAULT NULL COMMENT '是否接受恢复执行',
  PRIMARY KEY (`sched_name`, `entry_id`) USING BTREE
) ENGINE = InnoDB CHARACTER SET = utf8mb4 COLLATE = utf8mb4_0900_ai_ci COMMENT = '已触发的触发器表' ROW_FORMAT = Dynamic;

-- ----------------------------
-- Records of qrtz_fired_triggers
-- ----------------------------

-- ----------------------------
-- Table structure for qrtz_job_details
-- ----------------------------
DROP TABLE IF EXISTS `qrtz_job_details`;
CREATE TABLE `qrtz_job_details`  (
  `sched_name` varchar(120) CHARACTER SET utf8mb4 COLLATE utf8mb4_0900_ai_ci NOT NULL COMMENT '调度名称',
  `job_name` varchar(200) CHARACTER SET utf8mb4 COLLATE utf8mb4_0900_ai_ci NOT NULL COMMENT '任务名称',
  `job_group` varchar(200) CHARACTER SET utf8mb4 COLLATE utf8mb4_0900_ai_ci NOT NULL COMMENT '任务组名',
  `description` varchar(250) CHARACTER SET utf8mb4 COLLATE utf8mb4_0900_ai_ci NULL DEFAULT NULL COMMENT '相关介绍',
  `job_class_name` varchar(250) CHARACTER SET utf8mb4 COLLATE utf8mb4_0900_ai_ci NOT NULL COMMENT '执行任务类名称',
  `is_durable` varchar(1) CHARACTER SET utf8mb4 COLLATE utf8mb4_0900_ai_ci NOT NULL COMMENT '是否持久化',
  `is_nonconcurrent` varchar(1) CHARACTER SET utf8mb4 COLLATE utf8mb4_0900_ai_ci NOT NULL COMMENT '是否并发',
  `is_update_data` varchar(1) CHARACTER SET utf8mb4 COLLATE utf8mb4_0900_ai_ci NOT NULL COMMENT '是否更新数据',
  `requests_recovery` varchar(1) CHARACTER SET utf8mb4 COLLATE utf8mb4_0900_ai_ci NOT NULL COMMENT '是否接受恢复执行',
  `job_data` blob NULL COMMENT '存放持久化job对象',
  PRIMARY KEY (`sched_name`, `job_name`, `job_group`) USING BTREE
) ENGINE = InnoDB CHARACTER SET = utf8mb4 COLLATE = utf8mb4_0900_ai_ci COMMENT = '任务详细信息表' ROW_FORMAT = Dynamic;

-- ----------------------------
-- Records of qrtz_job_details
-- ----------------------------
INSERT INTO `qrtz_job_details` VALUES ('RuoyiScheduler', 'TASK_CLASS_NAME1', 'DEFAULT', NULL, 'com.ruoyi.quartz.util.QuartzDisallowConcurrentExecution', '0', '1', '0', '0', 0xACED0005737200156F72672E71756172747A2E4A6F62446174614D61709FB083E8BFA9B0CB020000787200266F72672E71756172747A2E7574696C732E537472696E674B65794469727479466C61674D61708208E8C3FBC55D280200015A0013616C6C6F77735472616E7369656E74446174617872001D6F72672E71756172747A2E7574696C732E4469727479466C61674D617013E62EAD28760ACE0200025A000564697274794C00036D617074000F4C6A6176612F7574696C2F4D61703B787001737200116A6176612E7574696C2E486173684D61700507DAC1C31660D103000246000A6C6F6164466163746F724900097468726573686F6C6478703F4000000000000C7708000000100000000174000F5441534B5F50524F504552544945537372001E636F6D2E72756F79692E71756172747A2E646F6D61696E2E5379734A6F6200000000000000010200084C000A636F6E63757272656E747400124C6A6176612F6C616E672F537472696E673B4C000E63726F6E45787072657373696F6E71007E00094C000C696E766F6B6554617267657471007E00094C00086A6F6247726F757071007E00094C00056A6F6249647400104C6A6176612F6C616E672F4C6F6E673B4C00076A6F624E616D6571007E00094C000D6D697366697265506F6C69637971007E00094C000673746174757371007E000978720027636F6D2E72756F79692E636F6D6D6F6E2E636F72652E646F6D61696E2E42617365456E7469747900000000000000010200074C0008637265617465427971007E00094C000A63726561746554696D657400104C6A6176612F7574696C2F446174653B4C0006706172616D7371007E00034C000672656D61726B71007E00094C000B73656172636856616C756571007E00094C0008757064617465427971007E00094C000A75706461746554696D6571007E000C787074000561646D696E7372000E6A6176612E7574696C2E44617465686A81014B597419030000787077080000017D698F132078707400007070707400013174000E302F3130202A202A202A202A203F74001172795461736B2E72794E6F506172616D7374000744454641554C547372000E6A6176612E6C616E672E4C6F6E673B8BE490CC8F23DF0200014A000576616C7565787200106A6176612E6C616E672E4E756D62657286AC951D0B94E08B02000078700000000000000001740018E7B3BBE7BB9FE9BB98E8AEA4EFBC88E697A0E58F82EFBC8974000133740001317800);
INSERT INTO `qrtz_job_details` VALUES ('RuoyiScheduler', 'TASK_CLASS_NAME2', 'DEFAULT', NULL, 'com.ruoyi.quartz.util.QuartzDisallowConcurrentExecution', '0', '1', '0', '0', 0xACED0005737200156F72672E71756172747A2E4A6F62446174614D61709FB083E8BFA9B0CB020000787200266F72672E71756172747A2E7574696C732E537472696E674B65794469727479466C61674D61708208E8C3FBC55D280200015A0013616C6C6F77735472616E7369656E74446174617872001D6F72672E71756172747A2E7574696C732E4469727479466C61674D617013E62EAD28760ACE0200025A000564697274794C00036D617074000F4C6A6176612F7574696C2F4D61703B787001737200116A6176612E7574696C2E486173684D61700507DAC1C31660D103000246000A6C6F6164466163746F724900097468726573686F6C6478703F4000000000000C7708000000100000000174000F5441534B5F50524F504552544945537372001E636F6D2E72756F79692E71756172747A2E646F6D61696E2E5379734A6F6200000000000000010200084C000A636F6E63757272656E747400124C6A6176612F6C616E672F537472696E673B4C000E63726F6E45787072657373696F6E71007E00094C000C696E766F6B6554617267657471007E00094C00086A6F6247726F757071007E00094C00056A6F6249647400104C6A6176612F6C616E672F4C6F6E673B4C00076A6F624E616D6571007E00094C000D6D697366697265506F6C69637971007E00094C000673746174757371007E000978720027636F6D2E72756F79692E636F6D6D6F6E2E636F72652E646F6D61696E2E42617365456E7469747900000000000000010200074C0008637265617465427971007E00094C000A63726561746554696D657400104C6A6176612F7574696C2F446174653B4C0006706172616D7371007E00034C000672656D61726B71007E00094C000B73656172636856616C756571007E00094C0008757064617465427971007E00094C000A75706461746554696D6571007E000C787074000561646D696E7372000E6A6176612E7574696C2E44617465686A81014B597419030000787077080000017D698F132078707400007070707400013174000E302F3135202A202A202A202A203F74001572795461736B2E7279506172616D7328277279272974000744454641554C547372000E6A6176612E6C616E672E4C6F6E673B8BE490CC8F23DF0200014A000576616C7565787200106A6176612E6C616E672E4E756D62657286AC951D0B94E08B02000078700000000000000002740018E7B3BBE7BB9FE9BB98E8AEA4EFBC88E69C89E58F82EFBC8974000133740001317800);
INSERT INTO `qrtz_job_details` VALUES ('RuoyiScheduler', 'TASK_CLASS_NAME3', 'DEFAULT', NULL, 'com.ruoyi.quartz.util.QuartzDisallowConcurrentExecution', '0', '1', '0', '0', 0xACED0005737200156F72672E71756172747A2E4A6F62446174614D61709FB083E8BFA9B0CB020000787200266F72672E71756172747A2E7574696C732E537472696E674B65794469727479466C61674D61708208E8C3FBC55D280200015A0013616C6C6F77735472616E7369656E74446174617872001D6F72672E71756172747A2E7574696C732E4469727479466C61674D617013E62EAD28760ACE0200025A000564697274794C00036D617074000F4C6A6176612F7574696C2F4D61703B787001737200116A6176612E7574696C2E486173684D61700507DAC1C31660D103000246000A6C6F6164466163746F724900097468726573686F6C6478703F4000000000000C7708000000100000000174000F5441534B5F50524F504552544945537372001E636F6D2E72756F79692E71756172747A2E646F6D61696E2E5379734A6F6200000000000000010200084C000A636F6E63757272656E747400124C6A6176612F6C616E672F537472696E673B4C000E63726F6E45787072657373696F6E71007E00094C000C696E766F6B6554617267657471007E00094C00086A6F6247726F757071007E00094C00056A6F6249647400104C6A6176612F6C616E672F4C6F6E673B4C00076A6F624E616D6571007E00094C000D6D697366697265506F6C69637971007E00094C000673746174757371007E000978720027636F6D2E72756F79692E636F6D6D6F6E2E636F72652E646F6D61696E2E42617365456E7469747900000000000000010200074C0008637265617465427971007E00094C000A63726561746554696D657400104C6A6176612F7574696C2F446174653B4C0006706172616D7371007E00034C000672656D61726B71007E00094C000B73656172636856616C756571007E00094C0008757064617465427971007E00094C000A75706461746554696D6571007E000C787074000561646D696E7372000E6A6176612E7574696C2E44617465686A81014B597419030000787077080000017D698F132078707400007070707400013174000E302F3230202A202A202A202A203F74003872795461736B2E72794D756C7469706C65506172616D7328277279272C20747275652C20323030304C2C203331362E3530442C203130302974000744454641554C547372000E6A6176612E6C616E672E4C6F6E673B8BE490CC8F23DF0200014A000576616C7565787200106A6176612E6C616E672E4E756D62657286AC951D0B94E08B02000078700000000000000003740018E7B3BBE7BB9FE9BB98E8AEA4EFBC88E5A49AE58F82EFBC8974000133740001317800);

-- ----------------------------
-- Table structure for qrtz_locks
-- ----------------------------
DROP TABLE IF EXISTS `qrtz_locks`;
CREATE TABLE `qrtz_locks`  (
  `sched_name` varchar(120) CHARACTER SET utf8mb4 COLLATE utf8mb4_0900_ai_ci NOT NULL COMMENT '调度名称',
  `lock_name` varchar(40) CHARACTER SET utf8mb4 COLLATE utf8mb4_0900_ai_ci NOT NULL COMMENT '悲观锁名称',
  PRIMARY KEY (`sched_name`, `lock_name`) USING BTREE
) ENGINE = InnoDB CHARACTER SET = utf8mb4 COLLATE = utf8mb4_0900_ai_ci COMMENT = '存储的悲观锁信息表' ROW_FORMAT = Dynamic;

-- ----------------------------
-- Records of qrtz_locks
-- ----------------------------
INSERT INTO `qrtz_locks` VALUES ('RuoyiScheduler', 'STATE_ACCESS');
INSERT INTO `qrtz_locks` VALUES ('RuoyiScheduler', 'TRIGGER_ACCESS');

-- ----------------------------
-- Table structure for qrtz_paused_trigger_grps
-- ----------------------------
DROP TABLE IF EXISTS `qrtz_paused_trigger_grps`;
CREATE TABLE `qrtz_paused_trigger_grps`  (
  `sched_name` varchar(120) CHARACTER SET utf8mb4 COLLATE utf8mb4_0900_ai_ci NOT NULL COMMENT '调度名称',
  `trigger_group` varchar(200) CHARACTER SET utf8mb4 COLLATE utf8mb4_0900_ai_ci NOT NULL COMMENT 'qrtz_triggers表trigger_group的外键',
  PRIMARY KEY (`sched_name`, `trigger_group`) USING BTREE
) ENGINE = InnoDB CHARACTER SET = utf8mb4 COLLATE = utf8mb4_0900_ai_ci COMMENT = '暂停的触发器表' ROW_FORMAT = Dynamic;

-- ----------------------------
-- Records of qrtz_paused_trigger_grps
-- ----------------------------

-- ----------------------------
-- Table structure for qrtz_scheduler_state
-- ----------------------------
DROP TABLE IF EXISTS `qrtz_scheduler_state`;
CREATE TABLE `qrtz_scheduler_state`  (
  `sched_name` varchar(120) CHARACTER SET utf8mb4 COLLATE utf8mb4_0900_ai_ci NOT NULL COMMENT '调度名称',
  `instance_name` varchar(200) CHARACTER SET utf8mb4 COLLATE utf8mb4_0900_ai_ci NOT NULL COMMENT '实例名称',
  `last_checkin_time` bigint(0) NOT NULL COMMENT '上次检查时间',
  `checkin_interval` bigint(0) NOT NULL COMMENT '检查间隔时间',
  PRIMARY KEY (`sched_name`, `instance_name`) USING BTREE
) ENGINE = InnoDB CHARACTER SET = utf8mb4 COLLATE = utf8mb4_0900_ai_ci COMMENT = '调度器状态表' ROW_FORMAT = Dynamic;

-- ----------------------------
-- Records of qrtz_scheduler_state
-- ----------------------------
INSERT INTO `qrtz_scheduler_state` VALUES ('RuoyiScheduler', '天下无BUG1645754716806', 1646646059554, 15000);

-- ----------------------------
-- Table structure for qrtz_simple_triggers
-- ----------------------------
DROP TABLE IF EXISTS `qrtz_simple_triggers`;
CREATE TABLE `qrtz_simple_triggers`  (
  `sched_name` varchar(120) CHARACTER SET utf8mb4 COLLATE utf8mb4_0900_ai_ci NOT NULL COMMENT '调度名称',
  `trigger_name` varchar(200) CHARACTER SET utf8mb4 COLLATE utf8mb4_0900_ai_ci NOT NULL COMMENT 'qrtz_triggers表trigger_name的外键',
  `trigger_group` varchar(200) CHARACTER SET utf8mb4 COLLATE utf8mb4_0900_ai_ci NOT NULL COMMENT 'qrtz_triggers表trigger_group的外键',
  `repeat_count` bigint(0) NOT NULL COMMENT '重复的次数统计',
  `repeat_interval` bigint(0) NOT NULL COMMENT '重复的间隔时间',
  `times_triggered` bigint(0) NOT NULL COMMENT '已经触发的次数',
  PRIMARY KEY (`sched_name`, `trigger_name`, `trigger_group`) USING BTREE,
  CONSTRAINT `qrtz_simple_triggers_ibfk_1` FOREIGN KEY (`sched_name`, `trigger_name`, `trigger_group`) REFERENCES `qrtz_triggers` (`sched_name`, `trigger_name`, `trigger_group`) ON DELETE RESTRICT ON UPDATE RESTRICT
) ENGINE = InnoDB CHARACTER SET = utf8mb4 COLLATE = utf8mb4_0900_ai_ci COMMENT = '简单触发器的信息表' ROW_FORMAT = Dynamic;

-- ----------------------------
-- Records of qrtz_simple_triggers
-- ----------------------------

-- ----------------------------
-- Table structure for qrtz_simprop_triggers
-- ----------------------------
DROP TABLE IF EXISTS `qrtz_simprop_triggers`;
CREATE TABLE `qrtz_simprop_triggers`  (
  `sched_name` varchar(120) CHARACTER SET utf8mb4 COLLATE utf8mb4_0900_ai_ci NOT NULL COMMENT '调度名称',
  `trigger_name` varchar(200) CHARACTER SET utf8mb4 COLLATE utf8mb4_0900_ai_ci NOT NULL COMMENT 'qrtz_triggers表trigger_name的外键',
  `trigger_group` varchar(200) CHARACTER SET utf8mb4 COLLATE utf8mb4_0900_ai_ci NOT NULL COMMENT 'qrtz_triggers表trigger_group的外键',
  `str_prop_1` varchar(512) CHARACTER SET utf8mb4 COLLATE utf8mb4_0900_ai_ci NULL DEFAULT NULL COMMENT 'String类型的trigger的第一个参数',
  `str_prop_2` varchar(512) CHARACTER SET utf8mb4 COLLATE utf8mb4_0900_ai_ci NULL DEFAULT NULL COMMENT 'String类型的trigger的第二个参数',
  `str_prop_3` varchar(512) CHARACTER SET utf8mb4 COLLATE utf8mb4_0900_ai_ci NULL DEFAULT NULL COMMENT 'String类型的trigger的第三个参数',
  `int_prop_1` int(0) NULL DEFAULT NULL COMMENT 'int类型的trigger的第一个参数',
  `int_prop_2` int(0) NULL DEFAULT NULL COMMENT 'int类型的trigger的第二个参数',
  `long_prop_1` bigint(0) NULL DEFAULT NULL COMMENT 'long类型的trigger的第一个参数',
  `long_prop_2` bigint(0) NULL DEFAULT NULL COMMENT 'long类型的trigger的第二个参数',
  `dec_prop_1` decimal(13, 4) NULL DEFAULT NULL COMMENT 'decimal类型的trigger的第一个参数',
  `dec_prop_2` decimal(13, 4) NULL DEFAULT NULL COMMENT 'decimal类型的trigger的第二个参数',
  `bool_prop_1` varchar(1) CHARACTER SET utf8mb4 COLLATE utf8mb4_0900_ai_ci NULL DEFAULT NULL COMMENT 'Boolean类型的trigger的第一个参数',
  `bool_prop_2` varchar(1) CHARACTER SET utf8mb4 COLLATE utf8mb4_0900_ai_ci NULL DEFAULT NULL COMMENT 'Boolean类型的trigger的第二个参数',
  PRIMARY KEY (`sched_name`, `trigger_name`, `trigger_group`) USING BTREE,
  CONSTRAINT `qrtz_simprop_triggers_ibfk_1` FOREIGN KEY (`sched_name`, `trigger_name`, `trigger_group`) REFERENCES `qrtz_triggers` (`sched_name`, `trigger_name`, `trigger_group`) ON DELETE RESTRICT ON UPDATE RESTRICT
) ENGINE = InnoDB CHARACTER SET = utf8mb4 COLLATE = utf8mb4_0900_ai_ci COMMENT = '同步机制的行锁表' ROW_FORMAT = Dynamic;

-- ----------------------------
-- Records of qrtz_simprop_triggers
-- ----------------------------

-- ----------------------------
-- Table structure for qrtz_triggers
-- ----------------------------
DROP TABLE IF EXISTS `qrtz_triggers`;
CREATE TABLE `qrtz_triggers`  (
  `sched_name` varchar(120) CHARACTER SET utf8mb4 COLLATE utf8mb4_0900_ai_ci NOT NULL COMMENT '调度名称',
  `trigger_name` varchar(200) CHARACTER SET utf8mb4 COLLATE utf8mb4_0900_ai_ci NOT NULL COMMENT '触发器的名字',
  `trigger_group` varchar(200) CHARACTER SET utf8mb4 COLLATE utf8mb4_0900_ai_ci NOT NULL COMMENT '触发器所属组的名字',
  `job_name` varchar(200) CHARACTER SET utf8mb4 COLLATE utf8mb4_0900_ai_ci NOT NULL COMMENT 'qrtz_job_details表job_name的外键',
  `job_group` varchar(200) CHARACTER SET utf8mb4 COLLATE utf8mb4_0900_ai_ci NOT NULL COMMENT 'qrtz_job_details表job_group的外键',
  `description` varchar(250) CHARACTER SET utf8mb4 COLLATE utf8mb4_0900_ai_ci NULL DEFAULT NULL COMMENT '相关介绍',
  `next_fire_time` bigint(0) NULL DEFAULT NULL COMMENT '上一次触发时间（毫秒）',
  `prev_fire_time` bigint(0) NULL DEFAULT NULL COMMENT '下一次触发时间（默认为-1表示不触发）',
  `priority` int(0) NULL DEFAULT NULL COMMENT '优先级',
  `trigger_state` varchar(16) CHARACTER SET utf8mb4 COLLATE utf8mb4_0900_ai_ci NOT NULL COMMENT '触发器状态',
  `trigger_type` varchar(8) CHARACTER SET utf8mb4 COLLATE utf8mb4_0900_ai_ci NOT NULL COMMENT '触发器的类型',
  `start_time` bigint(0) NOT NULL COMMENT '开始时间',
  `end_time` bigint(0) NULL DEFAULT NULL COMMENT '结束时间',
  `calendar_name` varchar(200) CHARACTER SET utf8mb4 COLLATE utf8mb4_0900_ai_ci NULL DEFAULT NULL COMMENT '日程表名称',
  `misfire_instr` smallint(0) NULL DEFAULT NULL COMMENT '补偿执行的策略',
  `job_data` blob NULL COMMENT '存放持久化job对象',
  PRIMARY KEY (`sched_name`, `trigger_name`, `trigger_group`) USING BTREE,
  INDEX `sched_name`(`sched_name`, `job_name`, `job_group`) USING BTREE,
  CONSTRAINT `qrtz_triggers_ibfk_1` FOREIGN KEY (`sched_name`, `job_name`, `job_group`) REFERENCES `qrtz_job_details` (`sched_name`, `job_name`, `job_group`) ON DELETE RESTRICT ON UPDATE RESTRICT
) ENGINE = InnoDB CHARACTER SET = utf8mb4 COLLATE = utf8mb4_0900_ai_ci COMMENT = '触发器详细信息表' ROW_FORMAT = Dynamic;

-- ----------------------------
-- Records of qrtz_triggers
-- ----------------------------
INSERT INTO `qrtz_triggers` VALUES ('RuoyiScheduler', 'TASK_CLASS_NAME1', 'DEFAULT', 'TASK_CLASS_NAME1', 'DEFAULT', NULL, 1645754720000, -1, 5, 'PAUSED', 'CRON', 1645754716000, 0, NULL, 2, '');
INSERT INTO `qrtz_triggers` VALUES ('RuoyiScheduler', 'TASK_CLASS_NAME2', 'DEFAULT', 'TASK_CLASS_NAME2', 'DEFAULT', NULL, 1645754730000, -1, 5, 'PAUSED', 'CRON', 1645754716000, 0, NULL, 2, '');
INSERT INTO `qrtz_triggers` VALUES ('RuoyiScheduler', 'TASK_CLASS_NAME3', 'DEFAULT', 'TASK_CLASS_NAME3', 'DEFAULT', NULL, 1645754720000, -1, 5, 'PAUSED', 'CRON', 1645754717000, 0, NULL, 2, '');

-- ----------------------------
-- Table structure for sys_config
-- ----------------------------
DROP TABLE IF EXISTS `sys_config`;
CREATE TABLE `sys_config`  (
  `config_id` int(0) NOT NULL AUTO_INCREMENT COMMENT '参数主键',
  `config_name` varchar(100) CHARACTER SET utf8mb4 COLLATE utf8mb4_0900_ai_ci NULL DEFAULT '' COMMENT '参数名称',
  `config_key` varchar(100) CHARACTER SET utf8mb4 COLLATE utf8mb4_0900_ai_ci NULL DEFAULT '' COMMENT '参数键名',
  `config_value` varchar(500) CHARACTER SET utf8mb4 COLLATE utf8mb4_0900_ai_ci NULL DEFAULT '' COMMENT '参数键值',
  `config_type` char(1) CHARACTER SET utf8mb4 COLLATE utf8mb4_0900_ai_ci NULL DEFAULT 'N' COMMENT '系统内置（Y是 N否）',
  `create_by` varchar(64) CHARACTER SET utf8mb4 COLLATE utf8mb4_0900_ai_ci NULL DEFAULT '' COMMENT '创建者',
  `create_time` datetime(0) NULL DEFAULT NULL COMMENT '创建时间',
  `update_by` varchar(64) CHARACTER SET utf8mb4 COLLATE utf8mb4_0900_ai_ci NULL DEFAULT '' COMMENT '更新者',
  `update_time` datetime(0) NULL DEFAULT NULL COMMENT '更新时间',
  `remark` varchar(500) CHARACTER SET utf8mb4 COLLATE utf8mb4_0900_ai_ci NULL DEFAULT NULL COMMENT '备注',
  PRIMARY KEY (`config_id`) USING BTREE
) ENGINE = InnoDB AUTO_INCREMENT = 100 CHARACTER SET = utf8mb4 COLLATE = utf8mb4_0900_ai_ci COMMENT = '参数配置表' ROW_FORMAT = Dynamic;

-- ----------------------------
-- Records of sys_config
-- ----------------------------
INSERT INTO `sys_config` VALUES (1, '主框架页-默认皮肤样式名称', 'sys.index.skinName', 'skin-red', 'Y', 'admin', '2021-11-29 10:38:44', 'admin', '2021-12-06 11:55:43', '蓝色 skin-blue、绿色 skin-green、紫色 skin-purple、红色 skin-red、黄色 skin-yellow');
INSERT INTO `sys_config` VALUES (2, '用户管理-账号初始密码', 'sys.user.initPassword', '123456', 'Y', 'admin', '2021-11-29 10:38:44', '', NULL, '初始化密码 123456');
INSERT INTO `sys_config` VALUES (3, '主框架页-侧边栏主题', 'sys.index.sideTheme', 'theme-dark', 'Y', 'admin', '2021-11-29 10:38:44', '', NULL, '深色主题theme-dark，浅色主题theme-light');
INSERT INTO `sys_config` VALUES (4, '账号自助-验证码开关', 'sys.account.captchaOnOff', 'true', 'Y', 'admin', '2021-11-29 10:38:44', '', NULL, '是否开启验证码功能（true开启，false关闭）');
INSERT INTO `sys_config` VALUES (5, '账号自助-是否开启用户注册功能', 'sys.account.registerUser', 'false', 'Y', 'admin', '2021-11-29 10:38:44', '', NULL, '是否开启注册用户功能（true开启，false关闭）');

-- ----------------------------
-- Table structure for sys_dept
-- ----------------------------
DROP TABLE IF EXISTS `sys_dept`;
CREATE TABLE `sys_dept`  (
  `dept_id` bigint(0) NOT NULL AUTO_INCREMENT COMMENT '部门id',
  `parent_id` bigint(0) NULL DEFAULT 0 COMMENT '父部门id',
  `ancestors` varchar(50) CHARACTER SET utf8mb4 COLLATE utf8mb4_0900_ai_ci NULL DEFAULT '' COMMENT '祖级列表',
  `dept_name` varchar(30) CHARACTER SET utf8mb4 COLLATE utf8mb4_0900_ai_ci NULL DEFAULT '' COMMENT '部门名称',
  `order_num` int(0) NULL DEFAULT 0 COMMENT '显示顺序',
  `leader` varchar(20) CHARACTER SET utf8mb4 COLLATE utf8mb4_0900_ai_ci NULL DEFAULT NULL COMMENT '负责人',
  `phone` varchar(11) CHARACTER SET utf8mb4 COLLATE utf8mb4_0900_ai_ci NULL DEFAULT NULL COMMENT '联系电话',
  `email` varchar(50) CHARACTER SET utf8mb4 COLLATE utf8mb4_0900_ai_ci NULL DEFAULT NULL COMMENT '邮箱',
  `status` char(1) CHARACTER SET utf8mb4 COLLATE utf8mb4_0900_ai_ci NULL DEFAULT '0' COMMENT '部门状态（0正常 1停用）',
  `del_flag` char(1) CHARACTER SET utf8mb4 COLLATE utf8mb4_0900_ai_ci NULL DEFAULT '0' COMMENT '删除标志（0代表存在 2代表删除）',
  `create_by` varchar(64) CHARACTER SET utf8mb4 COLLATE utf8mb4_0900_ai_ci NULL DEFAULT '' COMMENT '创建者',
  `create_time` datetime(0) NULL DEFAULT NULL COMMENT '创建时间',
  `update_by` varchar(64) CHARACTER SET utf8mb4 COLLATE utf8mb4_0900_ai_ci NULL DEFAULT '' COMMENT '更新者',
  `update_time` datetime(0) NULL DEFAULT NULL COMMENT '更新时间',
  PRIMARY KEY (`dept_id`) USING BTREE
) ENGINE = InnoDB AUTO_INCREMENT = 200 CHARACTER SET = utf8mb4 COLLATE = utf8mb4_0900_ai_ci COMMENT = '部门表' ROW_FORMAT = Dynamic;

-- ----------------------------
-- Records of sys_dept
-- ----------------------------
INSERT INTO `sys_dept` VALUES (100, 0, '0', '若依科技', 0, '若依', '15888888888', 'ry@qq.com', '0', '0', 'admin', '2021-11-29 10:38:44', '', NULL);
INSERT INTO `sys_dept` VALUES (101, 100, '0,100', '深圳总公司', 1, '若依', '15888888888', 'ry@qq.com', '0', '0', 'admin', '2021-11-29 10:38:44', '', NULL);
INSERT INTO `sys_dept` VALUES (102, 100, '0,100', '长沙分公司', 2, '若依', '15888888888', 'ry@qq.com', '0', '0', 'admin', '2021-11-29 10:38:44', '', NULL);
INSERT INTO `sys_dept` VALUES (103, 101, '0,100,101', '研发部门', 1, '若依', '15888888888', 'ry@qq.com', '0', '0', 'admin', '2021-11-29 10:38:44', '', NULL);
INSERT INTO `sys_dept` VALUES (104, 101, '0,100,101', '市场部门', 2, '若依', '15888888888', 'ry@qq.com', '0', '0', 'admin', '2021-11-29 10:38:44', '', NULL);
INSERT INTO `sys_dept` VALUES (105, 101, '0,100,101', '测试部门', 3, '若依', '15888888888', 'ry@qq.com', '0', '0', 'admin', '2021-11-29 10:38:44', '', NULL);
INSERT INTO `sys_dept` VALUES (106, 101, '0,100,101', '财务部门', 4, '若依', '15888888888', 'ry@qq.com', '0', '0', 'admin', '2021-11-29 10:38:44', '', NULL);
INSERT INTO `sys_dept` VALUES (107, 101, '0,100,101', '运维部门', 5, '若依', '15888888888', 'ry@qq.com', '0', '0', 'admin', '2021-11-29 10:38:44', '', NULL);
INSERT INTO `sys_dept` VALUES (108, 102, '0,100,102', '市场部门', 1, '若依', '15888888888', 'ry@qq.com', '0', '0', 'admin', '2021-11-29 10:38:44', '', NULL);
INSERT INTO `sys_dept` VALUES (109, 102, '0,100,102', '财务部门', 2, '若依', '15888888888', 'ry@qq.com', '0', '0', 'admin', '2021-11-29 10:38:44', '', NULL);

-- ----------------------------
-- Table structure for sys_dict_data
-- ----------------------------
DROP TABLE IF EXISTS `sys_dict_data`;
CREATE TABLE `sys_dict_data`  (
  `dict_code` bigint(0) NOT NULL AUTO_INCREMENT COMMENT '字典编码',
  `dict_sort` int(0) NULL DEFAULT 0 COMMENT '字典排序',
  `dict_label` varchar(100) CHARACTER SET utf8mb4 COLLATE utf8mb4_0900_ai_ci NULL DEFAULT '' COMMENT '字典标签',
  `dict_value` varchar(100) CHARACTER SET utf8mb4 COLLATE utf8mb4_0900_ai_ci NULL DEFAULT '' COMMENT '字典键值',
  `dict_type` varchar(100) CHARACTER SET utf8mb4 COLLATE utf8mb4_0900_ai_ci NULL DEFAULT '' COMMENT '字典类型',
  `css_class` varchar(100) CHARACTER SET utf8mb4 COLLATE utf8mb4_0900_ai_ci NULL DEFAULT NULL COMMENT '样式属性（其他样式扩展）',
  `list_class` varchar(100) CHARACTER SET utf8mb4 COLLATE utf8mb4_0900_ai_ci NULL DEFAULT NULL COMMENT '表格回显样式',
  `is_default` char(1) CHARACTER SET utf8mb4 COLLATE utf8mb4_0900_ai_ci NULL DEFAULT 'N' COMMENT '是否默认（Y是 N否）',
  `status` char(1) CHARACTER SET utf8mb4 COLLATE utf8mb4_0900_ai_ci NULL DEFAULT '0' COMMENT '状态（0正常 1停用）',
  `create_by` varchar(64) CHARACTER SET utf8mb4 COLLATE utf8mb4_0900_ai_ci NULL DEFAULT '' COMMENT '创建者',
  `create_time` datetime(0) NULL DEFAULT NULL COMMENT '创建时间',
  `update_by` varchar(64) CHARACTER SET utf8mb4 COLLATE utf8mb4_0900_ai_ci NULL DEFAULT '' COMMENT '更新者',
  `update_time` datetime(0) NULL DEFAULT NULL COMMENT '更新时间',
  `remark` varchar(500) CHARACTER SET utf8mb4 COLLATE utf8mb4_0900_ai_ci NULL DEFAULT NULL COMMENT '备注',
  PRIMARY KEY (`dict_code`) USING BTREE
) ENGINE = InnoDB AUTO_INCREMENT = 100 CHARACTER SET = utf8mb4 COLLATE = utf8mb4_0900_ai_ci COMMENT = '字典数据表' ROW_FORMAT = Dynamic;

-- ----------------------------
-- Records of sys_dict_data
-- ----------------------------
INSERT INTO `sys_dict_data` VALUES (1, 1, '男', '0', 'sys_user_sex', '', '', 'Y', '0', 'admin', '2021-11-29 10:38:44', '', NULL, '性别男');
INSERT INTO `sys_dict_data` VALUES (2, 2, '女', '1', 'sys_user_sex', '', '', 'N', '0', 'admin', '2021-11-29 10:38:44', '', NULL, '性别女');
INSERT INTO `sys_dict_data` VALUES (3, 3, '未知', '2', 'sys_user_sex', '', '', 'N', '0', 'admin', '2021-11-29 10:38:44', '', NULL, '性别未知');
INSERT INTO `sys_dict_data` VALUES (4, 1, '显示', '0', 'sys_show_hide', '', 'primary', 'Y', '0', 'admin', '2021-11-29 10:38:44', '', NULL, '显示菜单');
INSERT INTO `sys_dict_data` VALUES (5, 2, '隐藏', '1', 'sys_show_hide', '', 'danger', 'N', '0', 'admin', '2021-11-29 10:38:44', '', NULL, '隐藏菜单');
INSERT INTO `sys_dict_data` VALUES (6, 1, '正常', '0', 'sys_normal_disable', '', 'primary', 'Y', '0', 'admin', '2021-11-29 10:38:44', '', NULL, '正常状态');
INSERT INTO `sys_dict_data` VALUES (7, 2, '停用', '1', 'sys_normal_disable', '', 'danger', 'N', '0', 'admin', '2021-11-29 10:38:44', '', NULL, '停用状态');
INSERT INTO `sys_dict_data` VALUES (8, 1, '正常', '0', 'sys_job_status', '', 'primary', 'Y', '0', 'admin', '2021-11-29 10:38:44', '', NULL, '正常状态');
INSERT INTO `sys_dict_data` VALUES (9, 2, '暂停', '1', 'sys_job_status', '', 'danger', 'N', '0', 'admin', '2021-11-29 10:38:44', '', NULL, '停用状态');
INSERT INTO `sys_dict_data` VALUES (10, 1, '默认', 'DEFAULT', 'sys_job_group', '', '', 'Y', '0', 'admin', '2021-11-29 10:38:44', '', NULL, '默认分组');
INSERT INTO `sys_dict_data` VALUES (11, 2, '系统', 'SYSTEM', 'sys_job_group', '', '', 'N', '0', 'admin', '2021-11-29 10:38:44', '', NULL, '系统分组');
INSERT INTO `sys_dict_data` VALUES (12, 1, '是', 'Y', 'sys_yes_no', '', 'primary', 'Y', '0', 'admin', '2021-11-29 10:38:44', '', NULL, '系统默认是');
INSERT INTO `sys_dict_data` VALUES (13, 2, '否', 'N', 'sys_yes_no', '', 'danger', 'N', '0', 'admin', '2021-11-29 10:38:44', '', NULL, '系统默认否');
INSERT INTO `sys_dict_data` VALUES (14, 1, '通知', '1', 'sys_notice_type', '', 'warning', 'Y', '0', 'admin', '2021-11-29 10:38:44', '', NULL, '通知');
INSERT INTO `sys_dict_data` VALUES (15, 2, '公告', '2', 'sys_notice_type', '', 'success', 'N', '0', 'admin', '2021-11-29 10:38:44', '', NULL, '公告');
INSERT INTO `sys_dict_data` VALUES (16, 1, '正常', '0', 'sys_notice_status', '', 'primary', 'Y', '0', 'admin', '2021-11-29 10:38:44', '', NULL, '正常状态');
INSERT INTO `sys_dict_data` VALUES (17, 2, '关闭', '1', 'sys_notice_status', '', 'danger', 'N', '0', 'admin', '2021-11-29 10:38:44', '', NULL, '关闭状态');
INSERT INTO `sys_dict_data` VALUES (18, 1, '新增', '1', 'sys_oper_type', '', 'info', 'N', '0', 'admin', '2021-11-29 10:38:44', '', NULL, '新增操作');
INSERT INTO `sys_dict_data` VALUES (19, 2, '修改', '2', 'sys_oper_type', '', 'info', 'N', '0', 'admin', '2021-11-29 10:38:44', '', NULL, '修改操作');
INSERT INTO `sys_dict_data` VALUES (20, 3, '删除', '3', 'sys_oper_type', '', 'danger', 'N', '0', 'admin', '2021-11-29 10:38:44', '', NULL, '删除操作');
INSERT INTO `sys_dict_data` VALUES (21, 4, '授权', '4', 'sys_oper_type', '', 'primary', 'N', '0', 'admin', '2021-11-29 10:38:44', '', NULL, '授权操作');
INSERT INTO `sys_dict_data` VALUES (22, 5, '导出', '5', 'sys_oper_type', '', 'warning', 'N', '0', 'admin', '2021-11-29 10:38:44', '', NULL, '导出操作');
INSERT INTO `sys_dict_data` VALUES (23, 6, '导入', '6', 'sys_oper_type', '', 'warning', 'N', '0', 'admin', '2021-11-29 10:38:44', '', NULL, '导入操作');
INSERT INTO `sys_dict_data` VALUES (24, 7, '强退', '7', 'sys_oper_type', '', 'danger', 'N', '0', 'admin', '2021-11-29 10:38:44', '', NULL, '强退操作');
INSERT INTO `sys_dict_data` VALUES (25, 8, '生成代码', '8', 'sys_oper_type', '', 'warning', 'N', '0', 'admin', '2021-11-29 10:38:44', '', NULL, '生成操作');
INSERT INTO `sys_dict_data` VALUES (26, 9, '清空数据', '9', 'sys_oper_type', '', 'danger', 'N', '0', 'admin', '2021-11-29 10:38:44', '', NULL, '清空操作');
INSERT INTO `sys_dict_data` VALUES (27, 1, '成功', '0', 'sys_common_status', '', 'primary', 'N', '0', 'admin', '2021-11-29 10:38:44', '', NULL, '正常状态');
INSERT INTO `sys_dict_data` VALUES (28, 2, '失败', '1', 'sys_common_status', '', 'danger', 'N', '0', 'admin', '2021-11-29 10:38:44', '', NULL, '停用状态');

-- ----------------------------
-- Table structure for sys_dict_type
-- ----------------------------
DROP TABLE IF EXISTS `sys_dict_type`;
CREATE TABLE `sys_dict_type`  (
  `dict_id` bigint(0) NOT NULL AUTO_INCREMENT COMMENT '字典主键',
  `dict_name` varchar(100) CHARACTER SET utf8mb4 COLLATE utf8mb4_0900_ai_ci NULL DEFAULT '' COMMENT '字典名称',
  `dict_type` varchar(100) CHARACTER SET utf8mb4 COLLATE utf8mb4_0900_ai_ci NULL DEFAULT '' COMMENT '字典类型',
  `status` char(1) CHARACTER SET utf8mb4 COLLATE utf8mb4_0900_ai_ci NULL DEFAULT '0' COMMENT '状态（0正常 1停用）',
  `create_by` varchar(64) CHARACTER SET utf8mb4 COLLATE utf8mb4_0900_ai_ci NULL DEFAULT '' COMMENT '创建者',
  `create_time` datetime(0) NULL DEFAULT NULL COMMENT '创建时间',
  `update_by` varchar(64) CHARACTER SET utf8mb4 COLLATE utf8mb4_0900_ai_ci NULL DEFAULT '' COMMENT '更新者',
  `update_time` datetime(0) NULL DEFAULT NULL COMMENT '更新时间',
  `remark` varchar(500) CHARACTER SET utf8mb4 COLLATE utf8mb4_0900_ai_ci NULL DEFAULT NULL COMMENT '备注',
  PRIMARY KEY (`dict_id`) USING BTREE,
  UNIQUE INDEX `dict_type`(`dict_type`) USING BTREE
) ENGINE = InnoDB AUTO_INCREMENT = 100 CHARACTER SET = utf8mb4 COLLATE = utf8mb4_0900_ai_ci COMMENT = '字典类型表' ROW_FORMAT = Dynamic;

-- ----------------------------
-- Records of sys_dict_type
-- ----------------------------
INSERT INTO `sys_dict_type` VALUES (1, '用户性别', 'sys_user_sex', '0', 'admin', '2021-11-29 10:38:44', '', NULL, '用户性别列表');
INSERT INTO `sys_dict_type` VALUES (2, '菜单状态', 'sys_show_hide', '0', 'admin', '2021-11-29 10:38:44', '', NULL, '菜单状态列表');
INSERT INTO `sys_dict_type` VALUES (3, '系统开关', 'sys_normal_disable', '0', 'admin', '2021-11-29 10:38:44', '', NULL, '系统开关列表');
INSERT INTO `sys_dict_type` VALUES (4, '任务状态', 'sys_job_status', '0', 'admin', '2021-11-29 10:38:44', '', NULL, '任务状态列表');
INSERT INTO `sys_dict_type` VALUES (5, '任务分组', 'sys_job_group', '0', 'admin', '2021-11-29 10:38:44', '', NULL, '任务分组列表');
INSERT INTO `sys_dict_type` VALUES (6, '系统是否', 'sys_yes_no', '0', 'admin', '2021-11-29 10:38:44', '', NULL, '系统是否列表');
INSERT INTO `sys_dict_type` VALUES (7, '通知类型', 'sys_notice_type', '0', 'admin', '2021-11-29 10:38:44', '', NULL, '通知类型列表');
INSERT INTO `sys_dict_type` VALUES (8, '通知状态', 'sys_notice_status', '0', 'admin', '2021-11-29 10:38:44', '', NULL, '通知状态列表');
INSERT INTO `sys_dict_type` VALUES (9, '操作类型', 'sys_oper_type', '0', 'admin', '2021-11-29 10:38:44', '', NULL, '操作类型列表');
INSERT INTO `sys_dict_type` VALUES (10, '系统状态', 'sys_common_status', '0', 'admin', '2021-11-29 10:38:44', '', NULL, '登录状态列表');

-- ----------------------------
-- Table structure for sys_job
-- ----------------------------
DROP TABLE IF EXISTS `sys_job`;
CREATE TABLE `sys_job`  (
  `job_id` bigint(0) NOT NULL AUTO_INCREMENT COMMENT '任务ID',
  `job_name` varchar(64) CHARACTER SET utf8mb4 COLLATE utf8mb4_0900_ai_ci NOT NULL DEFAULT '' COMMENT '任务名称',
  `job_group` varchar(64) CHARACTER SET utf8mb4 COLLATE utf8mb4_0900_ai_ci NOT NULL DEFAULT 'DEFAULT' COMMENT '任务组名',
  `invoke_target` varchar(500) CHARACTER SET utf8mb4 COLLATE utf8mb4_0900_ai_ci NOT NULL COMMENT '调用目标字符串',
  `cron_expression` varchar(255) CHARACTER SET utf8mb4 COLLATE utf8mb4_0900_ai_ci NULL DEFAULT '' COMMENT 'cron执行表达式',
  `misfire_policy` varchar(20) CHARACTER SET utf8mb4 COLLATE utf8mb4_0900_ai_ci NULL DEFAULT '3' COMMENT '计划执行错误策略（1立即执行 2执行一次 3放弃执行）',
  `concurrent` char(1) CHARACTER SET utf8mb4 COLLATE utf8mb4_0900_ai_ci NULL DEFAULT '1' COMMENT '是否并发执行（0允许 1禁止）',
  `status` char(1) CHARACTER SET utf8mb4 COLLATE utf8mb4_0900_ai_ci NULL DEFAULT '0' COMMENT '状态（0正常 1暂停）',
  `create_by` varchar(64) CHARACTER SET utf8mb4 COLLATE utf8mb4_0900_ai_ci NULL DEFAULT '' COMMENT '创建者',
  `create_time` datetime(0) NULL DEFAULT NULL COMMENT '创建时间',
  `update_by` varchar(64) CHARACTER SET utf8mb4 COLLATE utf8mb4_0900_ai_ci NULL DEFAULT '' COMMENT '更新者',
  `update_time` datetime(0) NULL DEFAULT NULL COMMENT '更新时间',
  `remark` varchar(500) CHARACTER SET utf8mb4 COLLATE utf8mb4_0900_ai_ci NULL DEFAULT '' COMMENT '备注信息',
  PRIMARY KEY (`job_id`, `job_name`, `job_group`) USING BTREE
) ENGINE = InnoDB AUTO_INCREMENT = 100 CHARACTER SET = utf8mb4 COLLATE = utf8mb4_0900_ai_ci COMMENT = '定时任务调度表' ROW_FORMAT = Dynamic;

-- ----------------------------
-- Records of sys_job
-- ----------------------------
INSERT INTO `sys_job` VALUES (1, '系统默认（无参）', 'DEFAULT', 'ryTask.ryNoParams', '0/10 * * * * ?', '3', '1', '1', 'admin', '2021-11-29 10:38:44', '', NULL, '');
INSERT INTO `sys_job` VALUES (2, '系统默认（有参）', 'DEFAULT', 'ryTask.ryParams(\'ry\')', '0/15 * * * * ?', '3', '1', '1', 'admin', '2021-11-29 10:38:44', '', NULL, '');
INSERT INTO `sys_job` VALUES (3, '系统默认（多参）', 'DEFAULT', 'ryTask.ryMultipleParams(\'ry\', true, 2000L, 316.50D, 100)', '0/20 * * * * ?', '3', '1', '1', 'admin', '2021-11-29 10:38:44', '', NULL, '');

-- ----------------------------
-- Table structure for sys_job_log
-- ----------------------------
DROP TABLE IF EXISTS `sys_job_log`;
CREATE TABLE `sys_job_log`  (
  `job_log_id` bigint(0) NOT NULL AUTO_INCREMENT COMMENT '任务日志ID',
  `job_name` varchar(64) CHARACTER SET utf8mb4 COLLATE utf8mb4_0900_ai_ci NOT NULL COMMENT '任务名称',
  `job_group` varchar(64) CHARACTER SET utf8mb4 COLLATE utf8mb4_0900_ai_ci NOT NULL COMMENT '任务组名',
  `invoke_target` varchar(500) CHARACTER SET utf8mb4 COLLATE utf8mb4_0900_ai_ci NOT NULL COMMENT '调用目标字符串',
  `job_message` varchar(500) CHARACTER SET utf8mb4 COLLATE utf8mb4_0900_ai_ci NULL DEFAULT NULL COMMENT '日志信息',
  `status` char(1) CHARACTER SET utf8mb4 COLLATE utf8mb4_0900_ai_ci NULL DEFAULT '0' COMMENT '执行状态（0正常 1失败）',
  `exception_info` varchar(2000) CHARACTER SET utf8mb4 COLLATE utf8mb4_0900_ai_ci NULL DEFAULT '' COMMENT '异常信息',
  `create_time` datetime(0) NULL DEFAULT NULL COMMENT '创建时间',
  PRIMARY KEY (`job_log_id`) USING BTREE
) ENGINE = InnoDB AUTO_INCREMENT = 1 CHARACTER SET = utf8mb4 COLLATE = utf8mb4_0900_ai_ci COMMENT = '定时任务调度日志表' ROW_FORMAT = Dynamic;

-- ----------------------------
-- Records of sys_job_log
-- ----------------------------

-- ----------------------------
-- Table structure for sys_logininfor
-- ----------------------------
DROP TABLE IF EXISTS `sys_logininfor`;
CREATE TABLE `sys_logininfor`  (
  `info_id` bigint(0) NOT NULL AUTO_INCREMENT COMMENT '访问ID',
  `user_name` varchar(50) CHARACTER SET utf8mb4 COLLATE utf8mb4_0900_ai_ci NULL DEFAULT '' COMMENT '用户账号',
  `ipaddr` varchar(128) CHARACTER SET utf8mb4 COLLATE utf8mb4_0900_ai_ci NULL DEFAULT '' COMMENT '登录IP地址',
  `login_location` varchar(255) CHARACTER SET utf8mb4 COLLATE utf8mb4_0900_ai_ci NULL DEFAULT '' COMMENT '登录地点',
  `browser` varchar(50) CHARACTER SET utf8mb4 COLLATE utf8mb4_0900_ai_ci NULL DEFAULT '' COMMENT '浏览器类型',
  `os` varchar(50) CHARACTER SET utf8mb4 COLLATE utf8mb4_0900_ai_ci NULL DEFAULT '' COMMENT '操作系统',
  `status` char(1) CHARACTER SET utf8mb4 COLLATE utf8mb4_0900_ai_ci NULL DEFAULT '0' COMMENT '登录状态（0成功 1失败）',
  `msg` varchar(255) CHARACTER SET utf8mb4 COLLATE utf8mb4_0900_ai_ci NULL DEFAULT '' COMMENT '提示消息',
  `login_time` datetime(0) NULL DEFAULT NULL COMMENT '访问时间',
  PRIMARY KEY (`info_id`) USING BTREE
) ENGINE = InnoDB AUTO_INCREMENT = 211 CHARACTER SET = utf8mb4 COLLATE = utf8mb4_0900_ai_ci COMMENT = '系统访问记录' ROW_FORMAT = Dynamic;

-- ----------------------------
-- Records of sys_logininfor
-- ----------------------------
INSERT INTO `sys_logininfor` VALUES (100, 'admin', '192.168.1.105', '内网IP', 'Chrome 9', 'Windows 10', '0', '登录成功', '2021-11-29 10:41:39');
INSERT INTO `sys_logininfor` VALUES (101, 'admin', '192.168.1.105', '内网IP', 'Chrome 9', 'Windows 10', '0', '登录成功', '2021-11-29 14:32:47');
INSERT INTO `sys_logininfor` VALUES (102, 'admin', '192.168.1.105', '内网IP', 'Chrome 9', 'Windows 10', '0', '退出成功', '2021-11-29 15:01:51');
INSERT INTO `sys_logininfor` VALUES (103, 'admin', '192.168.1.105', '内网IP', 'Chrome 9', 'Windows 10', '0', '登录成功', '2021-11-29 15:01:54');
INSERT INTO `sys_logininfor` VALUES (104, 'admin', '127.0.0.1', '内网IP', 'Chrome 9', 'Windows 10', '0', '登录成功', '2021-11-29 15:56:28');
INSERT INTO `sys_logininfor` VALUES (105, 'admin', '127.0.0.1', '内网IP', 'Chrome 9', 'Windows 10', '1', '验证码错误', '2021-11-30 09:22:45');
INSERT INTO `sys_logininfor` VALUES (106, 'admin', '127.0.0.1', '内网IP', 'Chrome 9', 'Windows 10', '0', '登录成功', '2021-11-30 09:22:48');
INSERT INTO `sys_logininfor` VALUES (107, 'admin', '192.168.1.101', '内网IP', 'Chrome 9', 'Mac OS X', '0', '登录成功', '2021-11-30 10:25:15');
INSERT INTO `sys_logininfor` VALUES (108, 'admin', '192.168.1.111', '内网IP', 'Chrome Mobile', 'Android 1.x', '0', '登录成功', '2021-11-30 10:25:32');
INSERT INTO `sys_logininfor` VALUES (109, 'admin', '192.168.1.105', '内网IP', 'Chrome 9', 'Windows 10', '0', '登录成功', '2021-11-30 10:26:35');
INSERT INTO `sys_logininfor` VALUES (110, 'admin', '127.0.0.1', '内网IP', 'Chrome 9', 'Windows 10', '0', '登录成功', '2021-11-30 10:57:04');
INSERT INTO `sys_logininfor` VALUES (111, 'admin', '127.0.0.1', '内网IP', 'Chrome 9', 'Windows 10', '0', '登录成功', '2021-11-30 14:05:53');
INSERT INTO `sys_logininfor` VALUES (112, 'admin', '192.168.1.101', '内网IP', 'Chrome 9', 'Mac OS X', '1', '验证码已失效', '2021-11-30 14:22:02');
INSERT INTO `sys_logininfor` VALUES (113, 'admin', '192.168.1.101', '内网IP', 'Chrome 9', 'Mac OS X', '0', '登录成功', '2021-11-30 14:22:05');
INSERT INTO `sys_logininfor` VALUES (114, 'admin', '127.0.0.1', '内网IP', 'Chrome 9', 'Windows 10', '0', '退出成功', '2021-11-30 15:19:21');
INSERT INTO `sys_logininfor` VALUES (115, 'admin', '127.0.0.1', '内网IP', 'Chrome 9', 'Windows 10', '0', '登录成功', '2021-11-30 15:19:24');
INSERT INTO `sys_logininfor` VALUES (116, 'admin', '127.0.0.1', '内网IP', 'Chrome 9', 'Windows 10', '0', '登录成功', '2021-11-30 17:20:15');
INSERT INTO `sys_logininfor` VALUES (117, 'admin', '127.0.0.1', '内网IP', 'Chrome 9', 'Windows 10', '0', '登录成功', '2021-12-01 09:34:21');
INSERT INTO `sys_logininfor` VALUES (118, 'admin', '127.0.0.1', '内网IP', 'Chrome 9', 'Windows 10', '0', '登录成功', '2021-12-01 11:00:16');
INSERT INTO `sys_logininfor` VALUES (119, 'admin', '127.0.0.1', '内网IP', 'Chrome 9', 'Windows 10', '0', '登录成功', '2021-12-01 11:30:59');
INSERT INTO `sys_logininfor` VALUES (120, 'admin', '127.0.0.1', '内网IP', 'Chrome 9', 'Windows 10', '0', '登录成功', '2021-12-01 14:22:26');
INSERT INTO `sys_logininfor` VALUES (121, 'admin', '192.168.1.105', '内网IP', 'Chrome 9', 'Windows 10', '0', '登录成功', '2021-12-01 15:16:07');
INSERT INTO `sys_logininfor` VALUES (122, 'admin', '192.168.1.101', '内网IP', 'Chrome 9', 'Mac OS X', '0', '登录成功', '2021-12-01 15:45:43');
INSERT INTO `sys_logininfor` VALUES (123, 'admin', '192.168.1.105', '内网IP', 'Chrome 9', 'Windows 10', '0', '退出成功', '2021-12-01 16:05:08');
INSERT INTO `sys_logininfor` VALUES (124, 'admin', '192.168.1.105', '内网IP', 'Chrome 9', 'Windows 10', '0', '登录成功', '2021-12-01 16:05:12');
INSERT INTO `sys_logininfor` VALUES (125, 'admin', '127.0.0.1', '内网IP', 'Chrome 9', 'Windows 10', '0', '登录成功', '2021-12-01 17:14:18');
INSERT INTO `sys_logininfor` VALUES (126, 'admin', '127.0.0.1', '内网IP', 'Chrome 9', 'Windows 10', '0', '登录成功', '2021-12-02 09:31:06');
INSERT INTO `sys_logininfor` VALUES (127, 'admin', '192.168.1.101', '内网IP', 'Chrome 9', 'Mac OS X', '0', '登录成功', '2021-12-02 10:02:41');
INSERT INTO `sys_logininfor` VALUES (128, 'admin', '192.168.1.105', '内网IP', 'Chrome 9', 'Windows 10', '0', '登录成功', '2021-12-02 11:22:55');
INSERT INTO `sys_logininfor` VALUES (129, 'admin', '192.168.1.105', '内网IP', 'Chrome 9', 'Windows 10', '0', '退出成功', '2021-12-02 11:23:03');
INSERT INTO `sys_logininfor` VALUES (130, 'admin', '192.168.1.105', '内网IP', 'Chrome 9', 'Windows 10', '1', '验证码已失效', '2021-12-02 11:37:11');
INSERT INTO `sys_logininfor` VALUES (131, 'admin', '192.168.1.105', '内网IP', 'Chrome 9', 'Windows 10', '0', '登录成功', '2021-12-02 11:37:16');
INSERT INTO `sys_logininfor` VALUES (132, 'admin', '192.168.1.105', '内网IP', 'Chrome 9', 'Windows 10', '0', '退出成功', '2021-12-02 11:39:08');
INSERT INTO `sys_logininfor` VALUES (133, 'admin', '127.0.0.1', '内网IP', 'Chrome 9', 'Windows 10', '1', '验证码错误', '2021-12-02 14:38:34');
INSERT INTO `sys_logininfor` VALUES (134, 'admin', '127.0.0.1', '内网IP', 'Chrome 9', 'Windows 10', '0', '登录成功', '2021-12-02 14:38:37');
INSERT INTO `sys_logininfor` VALUES (135, 'admin', '192.168.1.105', '内网IP', 'Chrome 9', 'Windows 10', '0', '登录成功', '2021-12-02 14:53:10');
INSERT INTO `sys_logininfor` VALUES (136, 'admin', '192.168.1.105', '内网IP', 'Chrome 9', 'Windows 10', '0', '登录成功', '2021-12-02 16:14:45');
INSERT INTO `sys_logininfor` VALUES (137, 'admin', '127.0.0.1', '内网IP', 'Chrome 9', 'Windows 10', '0', '登录成功', '2021-12-02 16:19:37');
INSERT INTO `sys_logininfor` VALUES (138, 'admin', '127.0.0.1', '内网IP', 'Chrome 9', 'Windows 10', '0', '登录成功', '2021-12-02 17:10:49');
INSERT INTO `sys_logininfor` VALUES (139, 'admin', '192.168.1.101', '内网IP', 'Chrome 9', 'Mac OS X', '1', '用户不存在/密码错误', '2021-12-02 17:23:38');
INSERT INTO `sys_logininfor` VALUES (140, 'admin', '192.168.1.101', '内网IP', 'Chrome 9', 'Mac OS X', '1', '验证码错误', '2021-12-02 17:23:42');
INSERT INTO `sys_logininfor` VALUES (141, 'admin', '192.168.1.101', '内网IP', 'Chrome 9', 'Mac OS X', '0', '登录成功', '2021-12-02 17:23:50');
INSERT INTO `sys_logininfor` VALUES (142, 'admin', '127.0.0.1', '内网IP', 'Chrome 9', 'Windows 10', '0', '登录成功', '2021-12-03 09:44:35');
INSERT INTO `sys_logininfor` VALUES (143, 'admin', '127.0.0.1', '内网IP', 'Chrome 9', 'Windows 10', '0', '退出成功', '2021-12-03 10:34:28');
INSERT INTO `sys_logininfor` VALUES (144, 'admin', '127.0.0.1', '内网IP', 'Chrome 9', 'Windows 10', '0', '登录成功', '2021-12-03 10:34:33');
INSERT INTO `sys_logininfor` VALUES (145, 'admin', '192.168.1.105', '内网IP', 'Chrome 9', 'Windows 10', '0', '登录成功', '2021-12-03 10:36:26');
INSERT INTO `sys_logininfor` VALUES (146, 'admin', '192.168.1.105', '内网IP', 'Chrome 9', 'Windows 10', '0', '登录成功', '2021-12-03 12:43:35');
INSERT INTO `sys_logininfor` VALUES (147, 'admin', '192.168.1.105', '内网IP', 'Chrome 9', 'Windows 10', '0', '登录成功', '2021-12-03 14:04:46');
INSERT INTO `sys_logininfor` VALUES (148, 'admin', '127.0.0.1', '内网IP', 'Chrome 9', 'Windows 10', '1', '验证码错误', '2021-12-03 15:17:13');
INSERT INTO `sys_logininfor` VALUES (149, 'admin', '127.0.0.1', '内网IP', 'Chrome 9', 'Windows 10', '0', '登录成功', '2021-12-03 15:17:15');
INSERT INTO `sys_logininfor` VALUES (150, 'admin', '192.168.1.101', '内网IP', 'Chrome 9', 'Mac OS X', '0', '登录成功', '2021-12-03 15:51:19');
INSERT INTO `sys_logininfor` VALUES (151, 'admin', '192.168.1.105', '内网IP', 'Chrome 9', 'Windows 10', '0', '登录成功', '2021-12-03 16:03:34');
INSERT INTO `sys_logininfor` VALUES (152, 'admin', '192.168.1.105', '内网IP', 'Chrome 9', 'Windows 10', '0', '登录成功', '2021-12-06 09:12:43');
INSERT INTO `sys_logininfor` VALUES (153, 'admin', '192.168.1.105', '内网IP', 'Chrome 9', 'Windows 10', '0', '登录成功', '2021-12-06 10:28:59');
INSERT INTO `sys_logininfor` VALUES (154, 'admin', '192.168.1.105', '内网IP', 'Chrome 9', 'Windows 10', '0', '退出成功', '2021-12-06 10:57:34');
INSERT INTO `sys_logininfor` VALUES (155, 'admin', '192.168.1.105', '内网IP', 'Chrome 9', 'Windows 10', '1', '验证码已失效', '2021-12-06 11:02:40');
INSERT INTO `sys_logininfor` VALUES (156, 'admin', '192.168.1.105', '内网IP', 'Chrome 9', 'Windows 10', '0', '登录成功', '2021-12-06 11:02:44');
INSERT INTO `sys_logininfor` VALUES (157, 'admin', '192.168.1.105', '内网IP', 'Chrome 9', 'Windows 10', '0', '退出成功', '2021-12-06 11:55:56');
INSERT INTO `sys_logininfor` VALUES (158, 'admin', '192.168.1.105', '内网IP', 'Chrome 9', 'Windows 10', '0', '登录成功', '2021-12-06 11:56:00');
INSERT INTO `sys_logininfor` VALUES (159, 'admin', '192.168.1.105', '内网IP', 'Chrome 9', 'Windows 10', '0', '登录成功', '2021-12-06 14:10:45');
INSERT INTO `sys_logininfor` VALUES (160, 'admin', '192.168.1.105', '内网IP', 'Chrome 9', 'Windows 10', '0', '登录成功', '2021-12-06 16:20:06');
INSERT INTO `sys_logininfor` VALUES (161, 'admin', '127.0.0.1', '内网IP', 'Chrome 9', 'Windows 10', '0', '登录成功', '2021-12-06 17:47:45');
INSERT INTO `sys_logininfor` VALUES (162, 'admin', '192.168.1.105', '内网IP', 'Chrome 9', 'Windows 10', '1', '验证码错误', '2021-12-07 14:29:34');
INSERT INTO `sys_logininfor` VALUES (163, 'admin', '192.168.1.105', '内网IP', 'Chrome 9', 'Windows 10', '0', '登录成功', '2021-12-07 14:29:40');
INSERT INTO `sys_logininfor` VALUES (164, 'admin', '192.168.1.105', '内网IP', 'Chrome 9', 'Windows 10', '0', '登录成功', '2021-12-07 15:31:10');
INSERT INTO `sys_logininfor` VALUES (165, 'admin', '127.0.0.1', '内网IP', 'Chrome 9', 'Windows 10', '0', '登录成功', '2021-12-07 17:19:57');
INSERT INTO `sys_logininfor` VALUES (166, 'admin', '127.0.0.1', '内网IP', 'Chrome 9', 'Windows 10', '0', '登录成功', '2021-12-08 10:00:15');
INSERT INTO `sys_logininfor` VALUES (167, 'admin', '192.168.1.105', '内网IP', 'Chrome 9', 'Windows 10', '0', '登录成功', '2021-12-09 11:06:42');
INSERT INTO `sys_logininfor` VALUES (168, 'admin', '192.168.1.105', '内网IP', 'Chrome 9', 'Windows 10', '0', '登录成功', '2021-12-09 12:00:08');
INSERT INTO `sys_logininfor` VALUES (169, 'admin', '192.168.1.105', '内网IP', 'Chrome 9', 'Windows 10', '0', '登录成功', '2021-12-09 14:14:53');
INSERT INTO `sys_logininfor` VALUES (170, 'admin', '127.0.0.1', '内网IP', 'Chrome 9', 'Windows 10', '0', '登录成功', '2021-12-15 10:32:54');
INSERT INTO `sys_logininfor` VALUES (171, 'admin', '127.0.0.1', '内网IP', 'Chrome 9', 'Windows 10', '0', '登录成功', '2021-12-15 11:17:44');
INSERT INTO `sys_logininfor` VALUES (172, 'admin', '127.0.0.1', '内网IP', 'Chrome 9', 'Windows 10', '0', '登录成功', '2021-12-15 14:33:57');
INSERT INTO `sys_logininfor` VALUES (173, 'admin', '192.168.1.105', '内网IP', 'Chrome 9', 'Windows 10', '0', '登录成功', '2021-12-15 14:55:05');
INSERT INTO `sys_logininfor` VALUES (174, 'admin', '127.0.0.1', '内网IP', 'Chrome 9', 'Windows 10', '0', '登录成功', '2021-12-16 09:32:17');
INSERT INTO `sys_logininfor` VALUES (175, 'admin', '192.168.1.105', '内网IP', 'Chrome 9', 'Windows 10', '1', '验证码已失效', '2021-12-16 12:19:31');
INSERT INTO `sys_logininfor` VALUES (176, 'admin', '192.168.1.105', '内网IP', 'Chrome 9', 'Windows 10', '0', '登录成功', '2021-12-16 12:19:34');
INSERT INTO `sys_logininfor` VALUES (177, 'admin', '127.0.0.1', '内网IP', 'Chrome 9', 'Windows 10', '0', '登录成功', '2021-12-16 16:44:22');
INSERT INTO `sys_logininfor` VALUES (178, 'admin', '127.0.0.1', '内网IP', 'Chrome 9', 'Windows 10', '0', '登录成功', '2021-12-20 09:15:27');
INSERT INTO `sys_logininfor` VALUES (179, 'admin', '127.0.0.1', '内网IP', 'Chrome 9', 'Windows 10', '0', '登录成功', '2021-12-20 14:36:54');
INSERT INTO `sys_logininfor` VALUES (180, 'admin', '127.0.0.1', '内网IP', 'Chrome 9', 'Windows 10', '0', '登录成功', '2021-12-21 10:29:24');
INSERT INTO `sys_logininfor` VALUES (181, 'admin', '127.0.0.1', '内网IP', 'Chrome 9', 'Windows 10', '0', '登录成功', '2021-12-21 11:24:14');
INSERT INTO `sys_logininfor` VALUES (182, 'admin', '127.0.0.1', '内网IP', 'Chrome 9', 'Windows 10', '0', '登录成功', '2021-12-22 14:45:13');
INSERT INTO `sys_logininfor` VALUES (183, 'admin', '127.0.0.1', '内网IP', 'Chrome 9', 'Windows 10', '0', '登录成功', '2021-12-23 11:27:08');
INSERT INTO `sys_logininfor` VALUES (184, 'admin', '192.168.1.105', '内网IP', 'Chrome 9', 'Windows 10', '0', '登录成功', '2021-12-23 14:06:27');
INSERT INTO `sys_logininfor` VALUES (185, 'admin', '192.168.1.105', '内网IP', 'Chrome 9', 'Windows 10', '0', '登录成功', '2021-12-27 15:55:17');
INSERT INTO `sys_logininfor` VALUES (186, 'admin', '127.0.0.1', '内网IP', 'Chrome 9', 'Windows 10', '0', '登录成功', '2021-12-28 10:32:31');
INSERT INTO `sys_logininfor` VALUES (187, 'admin', '127.0.0.1', '内网IP', 'Chrome 9', 'Windows 10', '0', '登录成功', '2021-12-28 11:38:27');
INSERT INTO `sys_logininfor` VALUES (188, 'admin', '127.0.0.1', '内网IP', 'Chrome 9', 'Windows 10', '0', '登录成功', '2021-12-29 15:10:11');
INSERT INTO `sys_logininfor` VALUES (189, 'admin', '127.0.0.1', '内网IP', 'Chrome 9', 'Windows 10', '0', '登录成功', '2021-12-30 15:52:11');
INSERT INTO `sys_logininfor` VALUES (190, 'admin', '127.0.0.1', '内网IP', 'Chrome 9', 'Windows 10', '1', '验证码错误', '2021-12-30 17:09:27');
INSERT INTO `sys_logininfor` VALUES (191, 'admin', '127.0.0.1', '内网IP', 'Chrome 9', 'Windows 10', '0', '登录成功', '2021-12-30 17:09:30');
INSERT INTO `sys_logininfor` VALUES (192, 'admin', '127.0.0.1', '内网IP', 'Chrome 9', 'Windows 10', '0', '登录成功', '2022-01-07 14:22:15');
INSERT INTO `sys_logininfor` VALUES (193, 'admin', '127.0.0.1', '内网IP', 'Chrome 9', 'Windows 10', '0', '登录成功', '2022-01-17 11:53:52');
INSERT INTO `sys_logininfor` VALUES (194, 'admin', '127.0.0.1', '内网IP', 'Chrome 9', 'Windows 10', '0', '登录成功', '2022-01-18 11:44:56');
INSERT INTO `sys_logininfor` VALUES (195, 'admin', '127.0.0.1', '内网IP', 'Chrome 9', 'Windows 10', '0', '登录成功', '2022-01-18 14:57:10');
INSERT INTO `sys_logininfor` VALUES (196, 'admin', '127.0.0.1', '内网IP', 'Chrome 9', 'Windows 10', '0', '登录成功', '2022-02-16 15:54:58');
INSERT INTO `sys_logininfor` VALUES (197, 'admin', '127.0.0.1', '内网IP', 'Chrome 9', 'Windows 10', '0', '登录成功', '2022-02-16 16:02:37');
INSERT INTO `sys_logininfor` VALUES (198, 'admin', '127.0.0.1', '内网IP', 'Chrome 9', 'Windows 10', '0', '退出成功', '2022-02-16 16:02:37');
INSERT INTO `sys_logininfor` VALUES (199, 'admin', '127.0.0.1', '内网IP', 'Chrome 9', 'Windows 10', '0', '登录成功', '2022-02-16 16:03:38');
INSERT INTO `sys_logininfor` VALUES (200, 'admin', '127.0.0.1', '内网IP', 'Chrome 9', 'Windows 10', '0', '退出成功', '2022-02-16 16:03:38');
INSERT INTO `sys_logininfor` VALUES (201, 'admin', '127.0.0.1', '内网IP', 'Chrome 9', 'Windows 10', '0', '登录成功', '2022-02-16 16:03:54');
INSERT INTO `sys_logininfor` VALUES (202, 'admin', '127.0.0.1', '内网IP', 'Chrome 9', 'Windows 10', '0', '退出成功', '2022-02-16 16:03:54');
INSERT INTO `sys_logininfor` VALUES (203, 'admin', '127.0.0.1', '内网IP', 'Chrome 9', 'Windows 10', '0', '登录成功', '2022-02-16 16:05:58');
INSERT INTO `sys_logininfor` VALUES (204, 'admin', '127.0.0.1', '内网IP', 'Chrome 9', 'Windows 10', '0', '退出成功', '2022-02-16 16:05:58');
INSERT INTO `sys_logininfor` VALUES (205, 'admin', '127.0.0.1', '内网IP', 'Chrome 9', 'Windows 10', '0', '登录成功', '2022-02-16 16:06:25');
INSERT INTO `sys_logininfor` VALUES (206, 'admin', '127.0.0.1', '内网IP', 'Chrome 9', 'Windows 10', '0', '退出成功', '2022-02-16 16:06:32');
INSERT INTO `sys_logininfor` VALUES (207, 'admin', '127.0.0.1', '内网IP', 'Chrome 9', 'Windows 10', '0', '登录成功', '2022-02-22 09:49:58');
INSERT INTO `sys_logininfor` VALUES (208, 'admin', '127.0.0.1', '内网IP', 'Chrome 9', 'Windows 10', '0', '退出成功', '2022-02-22 10:17:55');
INSERT INTO `sys_logininfor` VALUES (209, 'admin', '192.168.1.105', '内网IP', 'Chrome 9', 'Windows 10', '0', '登录成功', '2022-02-22 10:21:11');
INSERT INTO `sys_logininfor` VALUES (210, 'admin', '127.0.0.1', '内网IP', 'Chrome 9', 'Windows 10', '0', '登录成功', '2022-02-22 11:39:21');
INSERT INTO `sys_logininfor` VALUES (211, 'admin', '192.168.1.105', '内网IP', 'Chrome 9', 'Windows 10', '0', '登录成功', '2022-02-22 11:39:50');

-- ----------------------------
-- Table structure for sys_menu
-- ----------------------------
DROP TABLE IF EXISTS `sys_menu`;
CREATE TABLE `sys_menu`  (
  `menu_id` bigint(0) NOT NULL AUTO_INCREMENT COMMENT '菜单ID',
  `menu_name` varchar(50) CHARACTER SET utf8mb4 COLLATE utf8mb4_0900_ai_ci NOT NULL COMMENT '菜单名称',
  `parent_id` bigint(0) NULL DEFAULT 0 COMMENT '父菜单ID',
  `order_num` int(0) NULL DEFAULT 0 COMMENT '显示顺序',
  `path` varchar(200) CHARACTER SET utf8mb4 COLLATE utf8mb4_0900_ai_ci NULL DEFAULT '' COMMENT '路由地址',
  `component` varchar(255) CHARACTER SET utf8mb4 COLLATE utf8mb4_0900_ai_ci NULL DEFAULT NULL COMMENT '组件路径',
  `query` varchar(255) CHARACTER SET utf8mb4 COLLATE utf8mb4_0900_ai_ci NULL DEFAULT NULL COMMENT '路由参数',
  `is_frame` int(0) NULL DEFAULT 1 COMMENT '是否为外链（0是 1否）',
  `is_cache` int(0) NULL DEFAULT 0 COMMENT '是否缓存（0缓存 1不缓存）',
  `menu_type` char(1) CHARACTER SET utf8mb4 COLLATE utf8mb4_0900_ai_ci NULL DEFAULT '' COMMENT '菜单类型（M目录 C菜单 F按钮）',
  `visible` char(1) CHARACTER SET utf8mb4 COLLATE utf8mb4_0900_ai_ci NULL DEFAULT '0' COMMENT '菜单状态（0显示 1隐藏）',
  `status` char(1) CHARACTER SET utf8mb4 COLLATE utf8mb4_0900_ai_ci NULL DEFAULT '0' COMMENT '菜单状态（0正常 1停用）',
  `perms` varchar(100) CHARACTER SET utf8mb4 COLLATE utf8mb4_0900_ai_ci NULL DEFAULT NULL COMMENT '权限标识',
  `icon` varchar(100) CHARACTER SET utf8mb4 COLLATE utf8mb4_0900_ai_ci NULL DEFAULT '#' COMMENT '菜单图标',
  `create_by` varchar(64) CHARACTER SET utf8mb4 COLLATE utf8mb4_0900_ai_ci NULL DEFAULT '' COMMENT '创建者',
  `create_time` datetime(0) NULL DEFAULT NULL COMMENT '创建时间',
  `update_by` varchar(64) CHARACTER SET utf8mb4 COLLATE utf8mb4_0900_ai_ci NULL DEFAULT '' COMMENT '更新者',
  `update_time` datetime(0) NULL DEFAULT NULL COMMENT '更新时间',
  `remark` varchar(500) CHARACTER SET utf8mb4 COLLATE utf8mb4_0900_ai_ci NULL DEFAULT '' COMMENT '备注',
  PRIMARY KEY (`menu_id`) USING BTREE
) ENGINE = InnoDB AUTO_INCREMENT = 2143 CHARACTER SET = utf8mb4 COLLATE = utf8mb4_0900_ai_ci COMMENT = '菜单权限表' ROW_FORMAT = Dynamic;

-- ----------------------------
-- Records of sys_menu
-- ----------------------------
INSERT INTO `sys_menu` VALUES (1, '系统管理', 0, 4, 'system', NULL, '', 1, 0, 'M', '0', '0', '', 'system', 'admin', '2021-11-29 10:38:44', 'admin', '2021-11-29 15:48:18', '系统管理目录');
INSERT INTO `sys_menu` VALUES (2, '系统监控', 0, 5, 'monitor', NULL, '', 1, 0, 'M', '0', '0', '', 'monitor', 'admin', '2021-11-29 10:38:44', 'admin', '2021-11-30 10:06:03', '系统监控目录');
INSERT INTO `sys_menu` VALUES (3, '系统工具', 0, 3, 'tool', NULL, '', 1, 0, 'M', '0', '0', '', 'tool', 'admin', '2021-11-29 10:38:44', '', NULL, '系统工具目录');
INSERT INTO `sys_menu` VALUES (100, '用户管理', 1, 1, 'user', 'system/user/index', '', 1, 0, 'C', '0', '0', 'system:user:list', 'user', 'admin', '2021-11-29 10:38:44', '', NULL, '用户管理菜单');
INSERT INTO `sys_menu` VALUES (101, '角色管理', 1, 2, 'role', 'system/role/index', '', 1, 0, 'C', '0', '0', 'system:role:list', 'peoples', 'admin', '2021-11-29 10:38:44', '', NULL, '角色管理菜单');
INSERT INTO `sys_menu` VALUES (102, '菜单管理', 1, 3, 'menu', 'system/menu/index', '', 1, 0, 'C', '0', '0', 'system:menu:list', 'tree-table', 'admin', '2021-11-29 10:38:44', '', NULL, '菜单管理菜单');
INSERT INTO `sys_menu` VALUES (103, '部门管理', 1, 4, 'dept', 'system/dept/index', '', 1, 0, 'C', '0', '0', 'system:dept:list', 'tree', 'admin', '2021-11-29 10:38:44', '', NULL, '部门管理菜单');
INSERT INTO `sys_menu` VALUES (104, '岗位管理', 1, 5, 'post', 'system/post/index', '', 1, 0, 'C', '0', '0', 'system:post:list', 'post', 'admin', '2021-11-29 10:38:44', '', NULL, '岗位管理菜单');
INSERT INTO `sys_menu` VALUES (105, '字典管理', 1, 6, 'dict', 'system/dict/index', '', 1, 0, 'C', '0', '0', 'system:dict:list', 'dict', 'admin', '2021-11-29 10:38:44', '', NULL, '字典管理菜单');
INSERT INTO `sys_menu` VALUES (106, '参数设置', 1, 7, 'config', 'system/config/index', '', 1, 0, 'C', '0', '0', 'system:config:list', 'edit', 'admin', '2021-11-29 10:38:44', '', NULL, '参数设置菜单');
INSERT INTO `sys_menu` VALUES (107, '通知公告', 1, 8, 'notice', 'system/notice/index', '', 1, 0, 'C', '0', '0', 'system:notice:list', 'message', 'admin', '2021-11-29 10:38:44', '', NULL, '通知公告菜单');
INSERT INTO `sys_menu` VALUES (108, '日志管理', 1, 9, 'log', '', '', 1, 0, 'M', '0', '0', '', 'log', 'admin', '2021-11-29 10:38:44', '', NULL, '日志管理菜单');
INSERT INTO `sys_menu` VALUES (109, '在线用户', 2, 1, 'online', 'monitor/online/index', '', 1, 0, 'C', '0', '0', 'monitor:online:list', 'online', 'admin', '2021-11-29 10:38:44', '', NULL, '在线用户菜单');
INSERT INTO `sys_menu` VALUES (110, '定时任务', 2, 2, 'job', 'monitor/job/index', '', 1, 0, 'C', '0', '0', 'monitor:job:list', 'job', 'admin', '2021-11-29 10:38:44', '', NULL, '定时任务菜单');
INSERT INTO `sys_menu` VALUES (111, '数据监控', 2, 3, 'druid', 'monitor/druid/index', '', 1, 0, 'C', '0', '0', 'monitor:druid:list', 'druid', 'admin', '2021-11-29 10:38:44', '', NULL, '数据监控菜单');
INSERT INTO `sys_menu` VALUES (112, '服务监控', 2, 4, 'server', 'monitor/server/index', '', 1, 0, 'C', '0', '0', 'monitor:server:list', 'server', 'admin', '2021-11-29 10:38:44', '', NULL, '服务监控菜单');
INSERT INTO `sys_menu` VALUES (113, '缓存监控', 2, 5, 'cache', 'monitor/cache/index', '', 1, 0, 'C', '0', '0', 'monitor:cache:list', 'redis', 'admin', '2021-11-29 10:38:44', '', NULL, '缓存监控菜单');
INSERT INTO `sys_menu` VALUES (114, '表单构建', 3, 1, 'build', 'tool/build/index', '', 1, 0, 'C', '0', '0', 'tool:build:list', 'build', 'admin', '2021-11-29 10:38:44', '', NULL, '表单构建菜单');
INSERT INTO `sys_menu` VALUES (115, '代码生成', 3, 2, 'gen', 'tool/gen/index', '', 1, 0, 'C', '0', '0', 'tool:gen:list', 'code', 'admin', '2021-11-29 10:38:44', '', NULL, '代码生成菜单');
INSERT INTO `sys_menu` VALUES (116, '系统接口', 3, 3, 'swagger', 'tool/swagger/index', '', 1, 0, 'C', '0', '0', 'tool:swagger:list', 'swagger', 'admin', '2021-11-29 10:38:44', '', NULL, '系统接口菜单');
INSERT INTO `sys_menu` VALUES (500, '操作日志', 108, 1, 'operlog', 'monitor/operlog/index', '', 1, 0, 'C', '0', '0', 'monitor:operlog:list', 'form', 'admin', '2021-11-29 10:38:44', '', NULL, '操作日志菜单');
INSERT INTO `sys_menu` VALUES (501, '登录日志', 108, 2, 'logininfor', 'monitor/logininfor/index', '', 1, 0, 'C', '0', '0', 'monitor:logininfor:list', 'logininfor', 'admin', '2021-11-29 10:38:44', '', NULL, '登录日志菜单');
INSERT INTO `sys_menu` VALUES (1001, '用户查询', 100, 1, '', '', '', 1, 0, 'F', '0', '0', 'system:user:query', '#', 'admin', '2021-11-29 10:38:44', '', NULL, '');
INSERT INTO `sys_menu` VALUES (1002, '用户新增', 100, 2, '', '', '', 1, 0, 'F', '0', '0', 'system:user:add', '#', 'admin', '2021-11-29 10:38:44', '', NULL, '');
INSERT INTO `sys_menu` VALUES (1003, '用户修改', 100, 3, '', '', '', 1, 0, 'F', '0', '0', 'system:user:edit', '#', 'admin', '2021-11-29 10:38:44', '', NULL, '');
INSERT INTO `sys_menu` VALUES (1004, '用户删除', 100, 4, '', '', '', 1, 0, 'F', '0', '0', 'system:user:remove', '#', 'admin', '2021-11-29 10:38:44', '', NULL, '');
INSERT INTO `sys_menu` VALUES (1005, '用户导出', 100, 5, '', '', '', 1, 0, 'F', '0', '0', 'system:user:export', '#', 'admin', '2021-11-29 10:38:44', '', NULL, '');
INSERT INTO `sys_menu` VALUES (1006, '用户导入', 100, 6, '', '', '', 1, 0, 'F', '0', '0', 'system:user:import', '#', 'admin', '2021-11-29 10:38:44', '', NULL, '');
INSERT INTO `sys_menu` VALUES (1007, '重置密码', 100, 7, '', '', '', 1, 0, 'F', '0', '0', 'system:user:resetPwd', '#', 'admin', '2021-11-29 10:38:44', '', NULL, '');
INSERT INTO `sys_menu` VALUES (1008, '角色查询', 101, 1, '', '', '', 1, 0, 'F', '0', '0', 'system:role:query', '#', 'admin', '2021-11-29 10:38:44', '', NULL, '');
INSERT INTO `sys_menu` VALUES (1009, '角色新增', 101, 2, '', '', '', 1, 0, 'F', '0', '0', 'system:role:add', '#', 'admin', '2021-11-29 10:38:44', '', NULL, '');
INSERT INTO `sys_menu` VALUES (1010, '角色修改', 101, 3, '', '', '', 1, 0, 'F', '0', '0', 'system:role:edit', '#', 'admin', '2021-11-29 10:38:44', '', NULL, '');
INSERT INTO `sys_menu` VALUES (1011, '角色删除', 101, 4, '', '', '', 1, 0, 'F', '0', '0', 'system:role:remove', '#', 'admin', '2021-11-29 10:38:44', '', NULL, '');
INSERT INTO `sys_menu` VALUES (1012, '角色导出', 101, 5, '', '', '', 1, 0, 'F', '0', '0', 'system:role:export', '#', 'admin', '2021-11-29 10:38:44', '', NULL, '');
INSERT INTO `sys_menu` VALUES (1013, '菜单查询', 102, 1, '', '', '', 1, 0, 'F', '0', '0', 'system:menu:query', '#', 'admin', '2021-11-29 10:38:44', '', NULL, '');
INSERT INTO `sys_menu` VALUES (1014, '菜单新增', 102, 2, '', '', '', 1, 0, 'F', '0', '0', 'system:menu:add', '#', 'admin', '2021-11-29 10:38:44', '', NULL, '');
INSERT INTO `sys_menu` VALUES (1015, '菜单修改', 102, 3, '', '', '', 1, 0, 'F', '0', '0', 'system:menu:edit', '#', 'admin', '2021-11-29 10:38:44', '', NULL, '');
INSERT INTO `sys_menu` VALUES (1016, '菜单删除', 102, 4, '', '', '', 1, 0, 'F', '0', '0', 'system:menu:remove', '#', 'admin', '2021-11-29 10:38:44', '', NULL, '');
INSERT INTO `sys_menu` VALUES (1017, '部门查询', 103, 1, '', '', '', 1, 0, 'F', '0', '0', 'system:dept:query', '#', 'admin', '2021-11-29 10:38:44', '', NULL, '');
INSERT INTO `sys_menu` VALUES (1018, '部门新增', 103, 2, '', '', '', 1, 0, 'F', '0', '0', 'system:dept:add', '#', 'admin', '2021-11-29 10:38:44', '', NULL, '');
INSERT INTO `sys_menu` VALUES (1019, '部门修改', 103, 3, '', '', '', 1, 0, 'F', '0', '0', 'system:dept:edit', '#', 'admin', '2021-11-29 10:38:44', '', NULL, '');
INSERT INTO `sys_menu` VALUES (1020, '部门删除', 103, 4, '', '', '', 1, 0, 'F', '0', '0', 'system:dept:remove', '#', 'admin', '2021-11-29 10:38:44', '', NULL, '');
INSERT INTO `sys_menu` VALUES (1021, '岗位查询', 104, 1, '', '', '', 1, 0, 'F', '0', '0', 'system:post:query', '#', 'admin', '2021-11-29 10:38:44', '', NULL, '');
INSERT INTO `sys_menu` VALUES (1022, '岗位新增', 104, 2, '', '', '', 1, 0, 'F', '0', '0', 'system:post:add', '#', 'admin', '2021-11-29 10:38:44', '', NULL, '');
INSERT INTO `sys_menu` VALUES (1023, '岗位修改', 104, 3, '', '', '', 1, 0, 'F', '0', '0', 'system:post:edit', '#', 'admin', '2021-11-29 10:38:44', '', NULL, '');
INSERT INTO `sys_menu` VALUES (1024, '岗位删除', 104, 4, '', '', '', 1, 0, 'F', '0', '0', 'system:post:remove', '#', 'admin', '2021-11-29 10:38:44', '', NULL, '');
INSERT INTO `sys_menu` VALUES (1025, '岗位导出', 104, 5, '', '', '', 1, 0, 'F', '0', '0', 'system:post:export', '#', 'admin', '2021-11-29 10:38:44', '', NULL, '');
INSERT INTO `sys_menu` VALUES (1026, '字典查询', 105, 1, '#', '', '', 1, 0, 'F', '0', '0', 'system:dict:query', '#', 'admin', '2021-11-29 10:38:44', '', NULL, '');
INSERT INTO `sys_menu` VALUES (1027, '字典新增', 105, 2, '#', '', '', 1, 0, 'F', '0', '0', 'system:dict:add', '#', 'admin', '2021-11-29 10:38:44', '', NULL, '');
INSERT INTO `sys_menu` VALUES (1028, '字典修改', 105, 3, '#', '', '', 1, 0, 'F', '0', '0', 'system:dict:edit', '#', 'admin', '2021-11-29 10:38:44', '', NULL, '');
INSERT INTO `sys_menu` VALUES (1029, '字典删除', 105, 4, '#', '', '', 1, 0, 'F', '0', '0', 'system:dict:remove', '#', 'admin', '2021-11-29 10:38:44', '', NULL, '');
INSERT INTO `sys_menu` VALUES (1030, '字典导出', 105, 5, '#', '', '', 1, 0, 'F', '0', '0', 'system:dict:export', '#', 'admin', '2021-11-29 10:38:44', '', NULL, '');
INSERT INTO `sys_menu` VALUES (1031, '参数查询', 106, 1, '#', '', '', 1, 0, 'F', '0', '0', 'system:config:query', '#', 'admin', '2021-11-29 10:38:44', '', NULL, '');
INSERT INTO `sys_menu` VALUES (1032, '参数新增', 106, 2, '#', '', '', 1, 0, 'F', '0', '0', 'system:config:add', '#', 'admin', '2021-11-29 10:38:44', '', NULL, '');
INSERT INTO `sys_menu` VALUES (1033, '参数修改', 106, 3, '#', '', '', 1, 0, 'F', '0', '0', 'system:config:edit', '#', 'admin', '2021-11-29 10:38:44', '', NULL, '');
INSERT INTO `sys_menu` VALUES (1034, '参数删除', 106, 4, '#', '', '', 1, 0, 'F', '0', '0', 'system:config:remove', '#', 'admin', '2021-11-29 10:38:44', '', NULL, '');
INSERT INTO `sys_menu` VALUES (1035, '参数导出', 106, 5, '#', '', '', 1, 0, 'F', '0', '0', 'system:config:export', '#', 'admin', '2021-11-29 10:38:44', '', NULL, '');
INSERT INTO `sys_menu` VALUES (1036, '公告查询', 107, 1, '#', '', '', 1, 0, 'F', '0', '0', 'system:notice:query', '#', 'admin', '2021-11-29 10:38:44', '', NULL, '');
INSERT INTO `sys_menu` VALUES (1037, '公告新增', 107, 2, '#', '', '', 1, 0, 'F', '0', '0', 'system:notice:add', '#', 'admin', '2021-11-29 10:38:44', '', NULL, '');
INSERT INTO `sys_menu` VALUES (1038, '公告修改', 107, 3, '#', '', '', 1, 0, 'F', '0', '0', 'system:notice:edit', '#', 'admin', '2021-11-29 10:38:44', '', NULL, '');
INSERT INTO `sys_menu` VALUES (1039, '公告删除', 107, 4, '#', '', '', 1, 0, 'F', '0', '0', 'system:notice:remove', '#', 'admin', '2021-11-29 10:38:44', '', NULL, '');
INSERT INTO `sys_menu` VALUES (1040, '操作查询', 500, 1, '#', '', '', 1, 0, 'F', '0', '0', 'monitor:operlog:query', '#', 'admin', '2021-11-29 10:38:44', '', NULL, '');
INSERT INTO `sys_menu` VALUES (1041, '操作删除', 500, 2, '#', '', '', 1, 0, 'F', '0', '0', 'monitor:operlog:remove', '#', 'admin', '2021-11-29 10:38:44', '', NULL, '');
INSERT INTO `sys_menu` VALUES (1042, '日志导出', 500, 4, '#', '', '', 1, 0, 'F', '0', '0', 'monitor:operlog:export', '#', 'admin', '2021-11-29 10:38:44', '', NULL, '');
INSERT INTO `sys_menu` VALUES (1043, '登录查询', 501, 1, '#', '', '', 1, 0, 'F', '0', '0', 'monitor:logininfor:query', '#', 'admin', '2021-11-29 10:38:44', '', NULL, '');
INSERT INTO `sys_menu` VALUES (1044, '登录删除', 501, 2, '#', '', '', 1, 0, 'F', '0', '0', 'monitor:logininfor:remove', '#', 'admin', '2021-11-29 10:38:44', '', NULL, '');
INSERT INTO `sys_menu` VALUES (1045, '日志导出', 501, 3, '#', '', '', 1, 0, 'F', '0', '0', 'monitor:logininfor:export', '#', 'admin', '2021-11-29 10:38:44', '', NULL, '');
INSERT INTO `sys_menu` VALUES (1046, '在线查询', 109, 1, '#', '', '', 1, 0, 'F', '0', '0', 'monitor:online:query', '#', 'admin', '2021-11-29 10:38:44', '', NULL, '');
INSERT INTO `sys_menu` VALUES (1047, '批量强退', 109, 2, '#', '', '', 1, 0, 'F', '0', '0', 'monitor:online:batchLogout', '#', 'admin', '2021-11-29 10:38:44', '', NULL, '');
INSERT INTO `sys_menu` VALUES (1048, '单条强退', 109, 3, '#', '', '', 1, 0, 'F', '0', '0', 'monitor:online:forceLogout', '#', 'admin', '2021-11-29 10:38:44', '', NULL, '');
INSERT INTO `sys_menu` VALUES (1049, '任务查询', 110, 1, '#', '', '', 1, 0, 'F', '0', '0', 'monitor:job:query', '#', 'admin', '2021-11-29 10:38:44', '', NULL, '');
INSERT INTO `sys_menu` VALUES (1050, '任务新增', 110, 2, '#', '', '', 1, 0, 'F', '0', '0', 'monitor:job:add', '#', 'admin', '2021-11-29 10:38:44', '', NULL, '');
INSERT INTO `sys_menu` VALUES (1051, '任务修改', 110, 3, '#', '', '', 1, 0, 'F', '0', '0', 'monitor:job:edit', '#', 'admin', '2021-11-29 10:38:44', '', NULL, '');
INSERT INTO `sys_menu` VALUES (1052, '任务删除', 110, 4, '#', '', '', 1, 0, 'F', '0', '0', 'monitor:job:remove', '#', 'admin', '2021-11-29 10:38:44', '', NULL, '');
INSERT INTO `sys_menu` VALUES (1053, '状态修改', 110, 5, '#', '', '', 1, 0, 'F', '0', '0', 'monitor:job:changeStatus', '#', 'admin', '2021-11-29 10:38:44', '', NULL, '');
INSERT INTO `sys_menu` VALUES (1054, '任务导出', 110, 7, '#', '', '', 1, 0, 'F', '0', '0', 'monitor:job:export', '#', 'admin', '2021-11-29 10:38:44', '', NULL, '');
INSERT INTO `sys_menu` VALUES (1055, '生成查询', 115, 1, '#', '', '', 1, 0, 'F', '0', '0', 'tool:gen:query', '#', 'admin', '2021-11-29 10:38:44', '', NULL, '');
INSERT INTO `sys_menu` VALUES (1056, '生成修改', 115, 2, '#', '', '', 1, 0, 'F', '0', '0', 'tool:gen:edit', '#', 'admin', '2021-11-29 10:38:44', '', NULL, '');
INSERT INTO `sys_menu` VALUES (1057, '生成删除', 115, 3, '#', '', '', 1, 0, 'F', '0', '0', 'tool:gen:remove', '#', 'admin', '2021-11-29 10:38:44', '', NULL, '');
INSERT INTO `sys_menu` VALUES (1058, '导入代码', 115, 2, '#', '', '', 1, 0, 'F', '0', '0', 'tool:gen:import', '#', 'admin', '2021-11-29 10:38:44', '', NULL, '');
INSERT INTO `sys_menu` VALUES (1059, '预览代码', 115, 4, '#', '', '', 1, 0, 'F', '0', '0', 'tool:gen:preview', '#', 'admin', '2021-11-29 10:38:44', '', NULL, '');
INSERT INTO `sys_menu` VALUES (1060, '生成代码', 115, 5, '#', '', '', 1, 0, 'F', '0', '0', 'tool:gen:code', '#', 'admin', '2021-11-29 10:38:44', '', NULL, '');
INSERT INTO `sys_menu` VALUES (2000, '征信报告监控', 0, 1, 'user', NULL, NULL, 1, 0, 'M', '0', '0', NULL, 'checkbox', 'admin', '2021-11-29 15:47:42', '', NULL, '');
INSERT INTO `sys_menu` VALUES (2002, '用户搜索记录', 2000, 1, 'userSearchRecord', 'userSearchRecord/userSearchRecord/index', NULL, 1, 0, 'C', '0', '0', 'userSearchRecord:userSearchRecord:list', '#', 'admin', '2021-11-29 15:55:10', 'admin', '2021-11-29 17:32:29', '用户搜索记录菜单');
INSERT INTO `sys_menu` VALUES (2003, '用户搜索记录查询', 2002, 1, '#', '', NULL, 1, 0, 'F', '0', '0', 'userSearchRecord:userSearchRecord:query', '#', 'admin', '2021-11-29 15:55:10', '', NULL, '');
INSERT INTO `sys_menu` VALUES (2004, '用户搜索记录新增', 2002, 2, '#', '', NULL, 1, 0, 'F', '0', '0', 'userSearchRecord:userSearchRecord:add', '#', 'admin', '2021-11-29 15:55:10', '', NULL, '');
INSERT INTO `sys_menu` VALUES (2005, '用户搜索记录修改', 2002, 3, '#', '', NULL, 1, 0, 'F', '0', '0', 'userSearchRecord:userSearchRecord:edit', '#', 'admin', '2021-11-29 15:55:10', '', NULL, '');
INSERT INTO `sys_menu` VALUES (2006, '用户搜索记录删除', 2002, 4, '#', '', NULL, 1, 0, 'F', '0', '0', 'userSearchRecord:userSearchRecord:remove', '#', 'admin', '2021-11-29 15:55:10', '', NULL, '');
INSERT INTO `sys_menu` VALUES (2007, '用户搜索记录导出', 2002, 5, '#', '', NULL, 1, 0, 'F', '0', '0', 'userSearchRecord:userSearchRecord:export', '#', 'admin', '2021-11-29 15:55:10', '', NULL, '');
INSERT INTO `sys_menu` VALUES (2062, '预警触发记录', 2068, 1, 'userTriggerRecord', 'userTriggerRecord/userTriggerRecord/index', NULL, 1, 0, 'C', '0', '0', 'userTriggerRecord:userTriggerRecord:list', '#', 'admin', '2021-11-30 09:46:43', 'admin', '2021-11-30 10:06:35', 'userTriggerRecord菜单');
INSERT INTO `sys_menu` VALUES (2063, 'userTriggerRecord查询', 2062, 1, '#', '', NULL, 1, 0, 'F', '0', '0', 'userTriggerRecord:userTriggerRecord:query', '#', 'admin', '2021-11-30 09:46:43', '', NULL, '');
INSERT INTO `sys_menu` VALUES (2064, 'userTriggerRecord新增', 2062, 2, '#', '', NULL, 1, 0, 'F', '0', '0', 'userTriggerRecord:userTriggerRecord:add', '#', 'admin', '2021-11-30 09:46:43', '', NULL, '');
INSERT INTO `sys_menu` VALUES (2065, 'userTriggerRecord修改', 2062, 3, '#', '', NULL, 1, 0, 'F', '0', '0', 'userTriggerRecord:userTriggerRecord:edit', '#', 'admin', '2021-11-30 09:46:43', '', NULL, '');
INSERT INTO `sys_menu` VALUES (2066, 'userTriggerRecord删除', 2062, 4, '#', '', NULL, 1, 0, 'F', '0', '0', 'userTriggerRecord:userTriggerRecord:remove', '#', 'admin', '2021-11-30 09:46:43', '', NULL, '');
INSERT INTO `sys_menu` VALUES (2067, 'userTriggerRecord导出', 2062, 5, '#', '', NULL, 1, 0, 'F', '0', '0', 'userTriggerRecord:userTriggerRecord:export', '#', 'admin', '2021-11-30 09:46:43', '', NULL, '');
INSERT INTO `sys_menu` VALUES (2068, '贷后预警监控', 0, 2, 'user/monitor', NULL, NULL, 1, 0, 'M', '0', '0', NULL, '404', 'admin', '2021-11-30 10:05:53', '', NULL, '');
INSERT INTO `sys_menu` VALUES (2069, '用户监控列表', 2068, 1, 'userMonitorCompany', 'userMonitorCompany/userMonitorCompany/index', NULL, 1, 0, 'C', '0', '0', 'userMonitorCompany:userMonitorCompany:list', '#', 'admin', '2021-11-30 10:11:58', 'admin', '2021-11-30 10:16:01', 'userMonitorCompany菜单');
INSERT INTO `sys_menu` VALUES (2070, 'userMonitorCompany查询', 2069, 1, '#', '', NULL, 1, 0, 'F', '0', '0', 'userMonitorCompany:userMonitorCompany:query', '#', 'admin', '2021-11-30 10:11:58', '', NULL, '');
INSERT INTO `sys_menu` VALUES (2071, 'userMonitorCompany新增', 2069, 2, '#', '', NULL, 1, 0, 'F', '0', '0', 'userMonitorCompany:userMonitorCompany:add', '#', 'admin', '2021-11-30 10:11:58', '', NULL, '');
INSERT INTO `sys_menu` VALUES (2072, 'userMonitorCompany修改', 2069, 3, '#', '', NULL, 1, 0, 'F', '0', '0', 'userMonitorCompany:userMonitorCompany:edit', '#', 'admin', '2021-11-30 10:11:58', '', NULL, '');
INSERT INTO `sys_menu` VALUES (2073, 'userMonitorCompany删除', 2069, 4, '#', '', NULL, 1, 0, 'F', '0', '0', 'userMonitorCompany:userMonitorCompany:remove', '#', 'admin', '2021-11-30 10:11:58', '', NULL, '');
INSERT INTO `sys_menu` VALUES (2074, 'userMonitorCompany导出', 2069, 5, '#', '', NULL, 1, 0, 'F', '0', '0', 'userMonitorCompany:userMonitorCompany:export', '#', 'admin', '2021-11-30 10:11:58', '', NULL, '');
INSERT INTO `sys_menu` VALUES (2124, '账户管理', 0, 0, 'UserSerarchRecorddd', 'UserSerarchRecorddd/UserSerarchRecorddd/index', NULL, 1, 0, 'C', '0', '0', 'UserSerarchRecorddd:UserSerarchRecorddd:list', 'peoples', 'admin', '2021-12-01 15:26:23', 'admin', '2021-12-01 16:06:26', 'UserSerarchRecorddd菜单');
INSERT INTO `sys_menu` VALUES (2125, 'UserSerarchRecorddd查询', 2124, 1, '#', '', NULL, 1, 0, 'F', '0', '0', 'UserSerarchRecorddd:UserSerarchRecorddd:query', '#', 'admin', '2021-12-01 15:26:23', '', NULL, '');
INSERT INTO `sys_menu` VALUES (2126, 'UserSerarchRecorddd新增', 2124, 2, '#', '', NULL, 1, 0, 'F', '0', '0', 'UserSerarchRecorddd:UserSerarchRecorddd:add', '#', 'admin', '2021-12-01 15:26:23', '', NULL, '');
INSERT INTO `sys_menu` VALUES (2127, 'UserSerarchRecorddd修改', 2124, 3, '#', '', NULL, 1, 0, 'F', '0', '0', 'UserSerarchRecorddd:UserSerarchRecorddd:edit', '#', 'admin', '2021-12-01 15:26:23', '', NULL, '');
INSERT INTO `sys_menu` VALUES (2128, 'UserSerarchRecorddd删除', 2124, 4, '#', '', NULL, 1, 0, 'F', '0', '0', 'UserSerarchRecorddd:UserSerarchRecorddd:remove', '#', 'admin', '2021-12-01 15:26:23', '', NULL, '');
INSERT INTO `sys_menu` VALUES (2129, 'UserSerarchRecorddd导出', 2124, 5, '#', '', NULL, 1, 0, 'F', '0', '0', 'UserSerarchRecorddd:UserSerarchRecorddd:export', '#', 'admin', '2021-12-01 15:26:23', '', NULL, '');
INSERT INTO `sys_menu` VALUES (2130, '工单管理', 0, 2, '/wordorder', NULL, NULL, 1, 0, 'M', '0', '0', '', 'email', 'admin', '2021-12-02 14:45:18', 'admin', '2021-12-02 14:46:15', '');
INSERT INTO `sys_menu` VALUES (2131, '待处理', 2130, 1, 'WorkOrderManagement', 'WorkOrderManagement/WorkOrderManagement/index', NULL, 1, 0, 'C', '0', '0', 'WorkOrderManagement:WorkOrderManagement:list', 'edit', 'admin', '2021-12-02 14:52:45', 'admin', '2021-12-02 17:04:05', 'WorkOrderManagement菜单');
INSERT INTO `sys_menu` VALUES (2132, 'WorkOrderManagement查询', 2131, 1, '#', '', NULL, 1, 0, 'F', '0', '0', 'WorkOrderManagement:WorkOrderManagement:query', '#', 'admin', '2021-12-02 14:52:45', '', NULL, '');
INSERT INTO `sys_menu` VALUES (2133, 'WorkOrderManagement新增', 2131, 2, '#', '', NULL, 1, 0, 'F', '0', '0', 'WorkOrderManagement:WorkOrderManagement:add', '#', 'admin', '2021-12-02 14:52:45', '', NULL, '');
INSERT INTO `sys_menu` VALUES (2134, 'WorkOrderManagement修改', 2131, 3, '#', '', NULL, 1, 0, 'F', '0', '0', 'WorkOrderManagement:WorkOrderManagement:edit', '#', 'admin', '2021-12-02 14:52:45', '', NULL, '');
INSERT INTO `sys_menu` VALUES (2135, 'WorkOrderManagement删除', 2131, 4, '#', '', NULL, 1, 0, 'F', '0', '0', 'WorkOrderManagement:WorkOrderManagement:remove', '#', 'admin', '2021-12-02 14:52:45', '', NULL, '');
INSERT INTO `sys_menu` VALUES (2136, 'WorkOrderManagement导出', 2131, 5, '#', '', NULL, 1, 0, 'F', '0', '0', 'WorkOrderManagement:WorkOrderManagement:export', '#', 'admin', '2021-12-02 14:52:45', '', NULL, '');
INSERT INTO `sys_menu` VALUES (2137, '已处理', 2130, 2, 'WorkOM', 'WorkOM/WorkOM/index', NULL, 1, 0, 'C', '0', '0', 'WorkOM:WorkOM:list', 'checkbox', 'admin', '2021-12-02 16:36:34', '', NULL, '');

-- ----------------------------
-- Table structure for sys_notice
-- ----------------------------
DROP TABLE IF EXISTS `sys_notice`;
CREATE TABLE `sys_notice`  (
  `notice_id` int(0) NOT NULL AUTO_INCREMENT COMMENT '公告ID',
  `notice_title` varchar(50) CHARACTER SET utf8mb4 COLLATE utf8mb4_0900_ai_ci NOT NULL COMMENT '公告标题',
  `notice_type` char(1) CHARACTER SET utf8mb4 COLLATE utf8mb4_0900_ai_ci NOT NULL COMMENT '公告类型（1通知 2公告）',
  `notice_content` longblob NULL COMMENT '公告内容',
  `status` char(1) CHARACTER SET utf8mb4 COLLATE utf8mb4_0900_ai_ci NULL DEFAULT '0' COMMENT '公告状态（0正常 1关闭）',
  `create_by` varchar(64) CHARACTER SET utf8mb4 COLLATE utf8mb4_0900_ai_ci NULL DEFAULT '' COMMENT '创建者',
  `create_time` datetime(0) NULL DEFAULT NULL COMMENT '创建时间',
  `update_by` varchar(64) CHARACTER SET utf8mb4 COLLATE utf8mb4_0900_ai_ci NULL DEFAULT '' COMMENT '更新者',
  `update_time` datetime(0) NULL DEFAULT NULL COMMENT '更新时间',
  `remark` varchar(255) CHARACTER SET utf8mb4 COLLATE utf8mb4_0900_ai_ci NULL DEFAULT NULL COMMENT '备注',
  PRIMARY KEY (`notice_id`) USING BTREE
) ENGINE = InnoDB AUTO_INCREMENT = 10 CHARACTER SET = utf8mb4 COLLATE = utf8mb4_0900_ai_ci COMMENT = '通知公告表' ROW_FORMAT = Dynamic;

-- ----------------------------
-- Records of sys_notice
-- ----------------------------
INSERT INTO `sys_notice` VALUES (1, '温馨提醒：2018-07-01 若依新版本发布啦', '2', 0xE696B0E78988E69CACE58685E5AEB9, '0', 'admin', '2021-11-29 10:38:44', '', NULL, '管理员');
INSERT INTO `sys_notice` VALUES (2, '维护通知：2018-07-01 若依系统凌晨维护', '1', 0xE7BBB4E68AA4E58685E5AEB9, '0', 'admin', '2021-11-29 10:38:44', '', NULL, '管理员');

-- ----------------------------
-- Table structure for sys_oper_log
-- ----------------------------
DROP TABLE IF EXISTS `sys_oper_log`;
CREATE TABLE `sys_oper_log`  (
  `oper_id` bigint(0) NOT NULL AUTO_INCREMENT COMMENT '日志主键',
  `title` varchar(50) CHARACTER SET utf8mb4 COLLATE utf8mb4_0900_ai_ci NULL DEFAULT '' COMMENT '模块标题',
  `business_type` int(0) NULL DEFAULT 0 COMMENT '业务类型（0其它 1新增 2修改 3删除）',
  `method` varchar(100) CHARACTER SET utf8mb4 COLLATE utf8mb4_0900_ai_ci NULL DEFAULT '' COMMENT '方法名称',
  `request_method` varchar(10) CHARACTER SET utf8mb4 COLLATE utf8mb4_0900_ai_ci NULL DEFAULT '' COMMENT '请求方式',
  `operator_type` int(0) NULL DEFAULT 0 COMMENT '操作类别（0其它 1后台用户 2手机端用户）',
  `oper_name` varchar(50) CHARACTER SET utf8mb4 COLLATE utf8mb4_0900_ai_ci NULL DEFAULT '' COMMENT '操作人员',
  `dept_name` varchar(50) CHARACTER SET utf8mb4 COLLATE utf8mb4_0900_ai_ci NULL DEFAULT '' COMMENT '部门名称',
  `oper_url` varchar(255) CHARACTER SET utf8mb4 COLLATE utf8mb4_0900_ai_ci NULL DEFAULT '' COMMENT '请求URL',
  `oper_ip` varchar(128) CHARACTER SET utf8mb4 COLLATE utf8mb4_0900_ai_ci NULL DEFAULT '' COMMENT '主机地址',
  `oper_location` varchar(255) CHARACTER SET utf8mb4 COLLATE utf8mb4_0900_ai_ci NULL DEFAULT '' COMMENT '操作地点',
  `oper_param` varchar(2000) CHARACTER SET utf8mb4 COLLATE utf8mb4_0900_ai_ci NULL DEFAULT '' COMMENT '请求参数',
  `json_result` varchar(2000) CHARACTER SET utf8mb4 COLLATE utf8mb4_0900_ai_ci NULL DEFAULT '' COMMENT '返回参数',
  `status` int(0) NULL DEFAULT 0 COMMENT '操作状态（0正常 1异常）',
  `error_msg` varchar(2000) CHARACTER SET utf8mb4 COLLATE utf8mb4_0900_ai_ci NULL DEFAULT '' COMMENT '错误消息',
  `oper_time` datetime(0) NULL DEFAULT NULL COMMENT '操作时间',
  PRIMARY KEY (`oper_id`) USING BTREE
) ENGINE = InnoDB AUTO_INCREMENT = 639 CHARACTER SET = utf8mb4 COLLATE = utf8mb4_0900_ai_ci COMMENT = '操作日志记录' ROW_FORMAT = Dynamic;

-- ----------------------------
-- Records of sys_oper_log
-- ----------------------------
INSERT INTO `sys_oper_log` VALUES (100, '菜单管理', 3, 'com.ruoyi.web.controller.system.SysMenuController.remove()', 'DELETE', 1, 'admin', NULL, '/system/menu/4', '192.168.1.105', '内网IP', '{menuId=4}', '{\"msg\":\"菜单已分配,不允许删除\",\"code\":500}', 0, NULL, '2021-11-29 14:59:29');
INSERT INTO `sys_oper_log` VALUES (101, '角色管理', 2, 'com.ruoyi.web.controller.system.SysRoleController.edit()', 'PUT', 1, 'admin', NULL, '/system/role', '192.168.1.105', '内网IP', '{\"flag\":false,\"roleId\":2,\"admin\":false,\"remark\":\"普通角色\",\"dataScope\":\"2\",\"delFlag\":\"0\",\"params\":{},\"roleSort\":\"2\",\"deptCheckStrictly\":true,\"createTime\":1638153524000,\"updateBy\":\"admin\",\"menuCheckStrictly\":true,\"roleKey\":\"common\",\"roleName\":\"普通角色\",\"menuIds\":[1,100,1001,1002,1003,1004,1005,1006,1007,101,1008,1009,1010,1011,1012,102,1013,1014,1015,1016,103,1017,1018,1019,1020,104,1021,1022,1023,1024,1025,105,1026,1027,1028,1029,1030,106,1031,1032,1033,1034,1035,107,1036,1037,1038,1039,108,500,1040,1041,1042,501,1043,1044,1045,2,109,1046,1047,1048,110,1049,1050,1051,1052,1053,1054,111,112,113,3,114,115,1055,1056,1058,1057,1059,1060,116],\"status\":\"0\"}', '{\"msg\":\"操作成功\",\"code\":200}', 0, NULL, '2021-11-29 14:59:47');
INSERT INTO `sys_oper_log` VALUES (102, '菜单管理', 3, 'com.ruoyi.web.controller.system.SysMenuController.remove()', 'DELETE', 1, 'admin', NULL, '/system/menu/4', '192.168.1.105', '内网IP', '{menuId=4}', '{\"msg\":\"操作成功\",\"code\":200}', 0, NULL, '2021-11-29 14:59:52');
INSERT INTO `sys_oper_log` VALUES (103, '代码生成', 6, 'com.ruoyi.generator.controller.GenController.importTableSave()', 'POST', 1, 'admin', NULL, '/tool/gen/importTable', '192.168.1.105', '内网IP', 'user_search_record', '{\"msg\":\"操作成功\",\"code\":200}', 0, NULL, '2021-11-29 15:43:17');
INSERT INTO `sys_oper_log` VALUES (104, '代码生成', 2, 'com.ruoyi.generator.controller.GenController.editSave()', 'PUT', 1, 'admin', NULL, '/tool/gen', '192.168.1.105', '内网IP', '{\"sub\":false,\"functionAuthor\":\"kooklen\",\"columns\":[{\"capJavaField\":\"Userid\",\"usableColumn\":false,\"columnId\":1,\"isIncrement\":\"0\",\"increment\":false,\"insert\":true,\"isList\":\"1\",\"dictType\":\"\",\"required\":false,\"superColumn\":false,\"updateBy\":\"\",\"isInsert\":\"1\",\"javaField\":\"userid\",\"htmlType\":\"input\",\"edit\":true,\"query\":true,\"columnComment\":\"用户id\",\"isQuery\":\"1\",\"sort\":1,\"list\":true,\"params\":{},\"javaType\":\"String\",\"queryType\":\"EQ\",\"columnType\":\"varchar(255)\",\"createBy\":\"admin\",\"isPk\":\"0\",\"createTime\":1638171797000,\"isEdit\":\"1\",\"tableId\":1,\"pk\":false,\"columnName\":\"userid\"},{\"capJavaField\":\"Recordnumber\",\"usableColumn\":false,\"columnId\":2,\"isIncrement\":\"1\",\"increment\":true,\"insert\":true,\"isList\":\"1\",\"dictType\":\"\",\"required\":false,\"superColumn\":false,\"updateBy\":\"\",\"isInsert\":\"1\",\"javaField\":\"recordnumber\",\"htmlType\":\"input\",\"edit\":true,\"query\":true,\"columnComment\":\"记录号\",\"isQuery\":\"1\",\"sort\":2,\"list\":true,\"params\":{},\"javaType\":\"Long\",\"queryType\":\"EQ\",\"columnType\":\"int\",\"createBy\":\"admin\",\"isPk\":\"1\",\"createTime\":1638171797000,\"isEdit\":\"1\",\"tableId\":1,\"pk\":true,\"columnName\":\"recordnumber\"},{\"capJavaField\":\"Username\",\"usableColumn\":false,\"columnId\":3,\"isIncrement\":\"0\",\"increment\":false,\"insert\":true,\"isList\":\"1\",\"dictType\":\"\",\"required\":false,\"superColumn\":false,\"updateBy\":\"\",\"isInsert\":\"1\",\"javaField\":\"username\",\"htmlType\":\"input\",\"edit\":true,\"query\":true,\"columnComment\":\"用户名\",\"isQuery\":\"1\",\"sort\":3,\"list\":true,\"params\":{},\"javaType\":\"String\",\"queryType\":\"LIKE\",\"columnType\":\"varchar(255)\",\"createBy\":\"admin\",\"isPk\":\"0\",\"createTime\":1638171797000,\"isEdit\":\"1\",\"tableId\":1,\"pk\":false,\"columnName\":\"username\"},{\"capJavaField\":\"Companyid\",\"usableColumn\":false,\"columnId\":4,\"isIncrement\":\"0\",\"increment\":false,\"insert\":true,\"isList\":\"1\",\"dictType\":\"\",\"required\":false,\"superColumn\":false,\"updateBy\":\"\",\"isInsert\":\"1\",\"javaField\":\"companyid\",\"htmlType\":\"input\",\"edit\":true,\"query\":true,\"columnComment\":\"公司id\",\"isQuery\":\"1\",\"sort\":4,\"list\":true,\"params\":{},\"javaType\":\"Long\",\"queryType\":\"EQ\",\"colum', '{\"msg\":\"操作成功\",\"code\":200}', 0, NULL, '2021-11-29 15:46:38');
INSERT INTO `sys_oper_log` VALUES (105, '菜单管理', 1, 'com.ruoyi.web.controller.system.SysMenuController.add()', 'POST', 1, 'admin', NULL, '/system/menu', '192.168.1.105', '内网IP', '{\"visible\":\"0\",\"icon\":\"checkbox\",\"orderNum\":\"1\",\"menuName\":\"征信报告监控\",\"params\":{},\"parentId\":0,\"isCache\":\"0\",\"path\":\"user\",\"createBy\":\"admin\",\"children\":[],\"isFrame\":\"1\",\"menuType\":\"M\",\"status\":\"0\"}', '{\"msg\":\"操作成功\",\"code\":200}', 0, NULL, '2021-11-29 15:47:42');
INSERT INTO `sys_oper_log` VALUES (106, '菜单管理', 2, 'com.ruoyi.web.controller.system.SysMenuController.edit()', 'PUT', 1, 'admin', NULL, '/system/menu', '192.168.1.105', '内网IP', '{\"visible\":\"0\",\"query\":\"\",\"icon\":\"system\",\"orderNum\":\"0\",\"menuName\":\"系统管理\",\"params\":{},\"parentId\":0,\"isCache\":\"0\",\"path\":\"system\",\"children\":[],\"createTime\":1638153524000,\"updateBy\":\"admin\",\"isFrame\":\"1\",\"menuId\":1,\"menuType\":\"M\",\"perms\":\"\",\"status\":\"0\"}', '{\"msg\":\"操作成功\",\"code\":200}', 0, NULL, '2021-11-29 15:48:05');
INSERT INTO `sys_oper_log` VALUES (107, '菜单管理', 2, 'com.ruoyi.web.controller.system.SysMenuController.edit()', 'PUT', 1, 'admin', NULL, '/system/menu', '192.168.1.105', '内网IP', '{\"visible\":\"0\",\"query\":\"\",\"icon\":\"system\",\"orderNum\":\"4\",\"menuName\":\"系统管理\",\"params\":{},\"parentId\":0,\"isCache\":\"0\",\"path\":\"system\",\"children\":[],\"createTime\":1638153524000,\"updateBy\":\"admin\",\"isFrame\":\"1\",\"menuId\":1,\"menuType\":\"M\",\"perms\":\"\",\"status\":\"0\"}', '{\"msg\":\"操作成功\",\"code\":200}', 0, NULL, '2021-11-29 15:48:18');
INSERT INTO `sys_oper_log` VALUES (108, '菜单管理', 1, 'com.ruoyi.web.controller.system.SysMenuController.add()', 'POST', 1, 'admin', NULL, '/system/menu', '192.168.1.105', '内网IP', '{\"visible\":\"0\",\"icon\":\"date\",\"orderNum\":\"1\",\"menuName\":\"报告查询记录\",\"params\":{},\"parentId\":2000,\"isCache\":\"0\",\"path\":\"userSearchRecord\",\"createBy\":\"admin\",\"children\":[],\"isFrame\":\"1\",\"menuType\":\"M\",\"status\":\"0\"}', '{\"msg\":\"操作成功\",\"code\":200}', 0, NULL, '2021-11-29 15:50:12');
INSERT INTO `sys_oper_log` VALUES (109, '菜单管理', 2, 'com.ruoyi.web.controller.system.SysMenuController.edit()', 'PUT', 1, 'admin', NULL, '/system/menu', '192.168.1.105', '内网IP', '{\"visible\":\"0\",\"icon\":\"date\",\"orderNum\":\"1\",\"menuName\":\"报告查询记录\",\"params\":{},\"parentId\":2000,\"isCache\":\"0\",\"path\":\"userSearchRecord\",\"component\":\"user/userSearchRecord\",\"children\":[],\"createTime\":1638172212000,\"updateBy\":\"admin\",\"isFrame\":\"1\",\"menuId\":2001,\"menuType\":\"C\",\"perms\":\"\",\"status\":\"0\"}', '{\"msg\":\"操作成功\",\"code\":200}', 0, NULL, '2021-11-29 15:50:51');
INSERT INTO `sys_oper_log` VALUES (110, '菜单管理', 2, 'com.ruoyi.web.controller.system.SysMenuController.edit()', 'PUT', 1, 'admin', NULL, '/system/menu', '192.168.1.105', '内网IP', '{\"visible\":\"0\",\"icon\":\"date\",\"orderNum\":\"1\",\"menuName\":\"报告查询记录\",\"params\":{},\"parentId\":2000,\"isCache\":\"0\",\"path\":\"userSearchRecord\",\"component\":\"user/userSearchRecord/index\",\"children\":[],\"createTime\":1638172212000,\"updateBy\":\"admin\",\"isFrame\":\"1\",\"menuId\":2001,\"menuType\":\"C\",\"perms\":\"\",\"status\":\"0\"}', '{\"msg\":\"操作成功\",\"code\":200}', 0, NULL, '2021-11-29 15:51:27');
INSERT INTO `sys_oper_log` VALUES (111, '代码生成', 8, 'com.ruoyi.generator.controller.GenController.batchGenCode()', 'GET', 1, 'admin', NULL, '/tool/gen/batchGenCode', '192.168.1.105', '内网IP', '{}', NULL, 0, NULL, '2021-11-29 15:52:00');
INSERT INTO `sys_oper_log` VALUES (112, '代码生成', 6, 'com.ruoyi.generator.controller.GenController.importTableSave()', 'POST', 1, 'admin', NULL, '/tool/gen/importTable', '127.0.0.1', '内网IP', 'trigger_record', '{\"msg\":\"操作成功\",\"code\":200}', 0, NULL, '2021-11-29 16:21:04');
INSERT INTO `sys_oper_log` VALUES (113, '代码生成', 2, 'com.ruoyi.generator.controller.GenController.editSave()', 'PUT', 1, 'admin', NULL, '/tool/gen', '127.0.0.1', '内网IP', '{\"sub\":false,\"functionAuthor\":\"kooklen\",\"columns\":[{\"capJavaField\":\"Index\",\"usableColumn\":false,\"columnId\":8,\"isIncrement\":\"1\",\"increment\":true,\"insert\":false,\"isList\":\"1\",\"dictType\":\"\",\"required\":false,\"superColumn\":false,\"updateBy\":\"\",\"javaField\":\"index\",\"htmlType\":\"input\",\"edit\":false,\"query\":true,\"isQuery\":\"1\",\"sort\":1,\"list\":true,\"params\":{},\"javaType\":\"Long\",\"queryType\":\"EQ\",\"columnType\":\"int\",\"createBy\":\"admin\",\"isPk\":\"1\",\"createTime\":1638174064000,\"tableId\":2,\"pk\":true,\"columnName\":\"index\"},{\"capJavaField\":\"Userid\",\"usableColumn\":false,\"columnId\":9,\"isIncrement\":\"0\",\"increment\":false,\"insert\":false,\"isList\":\"1\",\"dictType\":\"\",\"required\":false,\"superColumn\":false,\"updateBy\":\"\",\"javaField\":\"userid\",\"htmlType\":\"input\",\"edit\":false,\"query\":true,\"isQuery\":\"1\",\"sort\":2,\"list\":true,\"params\":{},\"javaType\":\"Long\",\"queryType\":\"EQ\",\"columnType\":\"int\",\"createBy\":\"admin\",\"isPk\":\"0\",\"createTime\":1638174064000,\"tableId\":2,\"pk\":false,\"columnName\":\"userid\"},{\"capJavaField\":\"Username\",\"usableColumn\":false,\"columnId\":10,\"isIncrement\":\"0\",\"increment\":false,\"insert\":false,\"isList\":\"1\",\"dictType\":\"\",\"required\":false,\"superColumn\":false,\"updateBy\":\"\",\"javaField\":\"username\",\"htmlType\":\"input\",\"edit\":false,\"query\":true,\"isQuery\":\"1\",\"sort\":3,\"list\":true,\"params\":{},\"javaType\":\"String\",\"queryType\":\"LIKE\",\"columnType\":\"varchar(255)\",\"createBy\":\"admin\",\"isPk\":\"0\",\"createTime\":1638174064000,\"tableId\":2,\"pk\":false,\"columnName\":\"username\"},{\"capJavaField\":\"Companyid\",\"usableColumn\":false,\"columnId\":11,\"isIncrement\":\"0\",\"increment\":false,\"insert\":false,\"isList\":\"1\",\"dictType\":\"\",\"required\":false,\"superColumn\":false,\"updateBy\":\"\",\"javaField\":\"companyid\",\"htmlType\":\"input\",\"edit\":false,\"query\":true,\"isQuery\":\"1\",\"sort\":4,\"list\":true,\"params\":{},\"javaType\":\"Long\",\"queryType\":\"EQ\",\"columnType\":\"int\",\"createBy\":\"admin\",\"isPk\":\"0\",\"createTime\":1638174064000,\"tableId\":2,\"pk\":false,\"columnName\":\"companyid\"},{\"capJavaField\":\"Companyname\",\"usableColumn\":false,\"columnId\":12,\"isIncrement\":\"0\",\"incremen', '{\"msg\":\"操作成功\",\"code\":200}', 0, NULL, '2021-11-29 16:22:17');
INSERT INTO `sys_oper_log` VALUES (114, '代码生成', 2, 'com.ruoyi.generator.controller.GenController.editSave()', 'PUT', 1, 'admin', NULL, '/tool/gen', '127.0.0.1', '内网IP', '{\"sub\":false,\"functionAuthor\":\"kooklen\",\"columns\":[{\"capJavaField\":\"Index\",\"usableColumn\":false,\"columnId\":8,\"isIncrement\":\"1\",\"increment\":true,\"insert\":false,\"isList\":\"1\",\"dictType\":\"\",\"required\":false,\"superColumn\":false,\"updateBy\":\"\",\"javaField\":\"index\",\"htmlType\":\"input\",\"edit\":false,\"query\":true,\"isQuery\":\"1\",\"updateTime\":1638174137000,\"sort\":1,\"list\":true,\"params\":{},\"javaType\":\"Long\",\"queryType\":\"EQ\",\"columnType\":\"int\",\"createBy\":\"admin\",\"isPk\":\"1\",\"createTime\":1638174064000,\"tableId\":2,\"pk\":true,\"columnName\":\"index\"},{\"capJavaField\":\"Userid\",\"usableColumn\":false,\"columnId\":9,\"isIncrement\":\"0\",\"increment\":false,\"insert\":false,\"isList\":\"1\",\"dictType\":\"\",\"required\":false,\"superColumn\":false,\"updateBy\":\"\",\"javaField\":\"userid\",\"htmlType\":\"input\",\"edit\":false,\"query\":true,\"isQuery\":\"1\",\"updateTime\":1638174137000,\"sort\":2,\"list\":true,\"params\":{},\"javaType\":\"Long\",\"queryType\":\"EQ\",\"columnType\":\"int\",\"createBy\":\"admin\",\"isPk\":\"0\",\"createTime\":1638174064000,\"tableId\":2,\"pk\":false,\"columnName\":\"userid\"},{\"capJavaField\":\"Username\",\"usableColumn\":false,\"columnId\":10,\"isIncrement\":\"0\",\"increment\":false,\"insert\":false,\"isList\":\"1\",\"dictType\":\"\",\"required\":false,\"superColumn\":false,\"updateBy\":\"\",\"javaField\":\"username\",\"htmlType\":\"input\",\"edit\":false,\"query\":true,\"isQuery\":\"1\",\"updateTime\":1638174137000,\"sort\":3,\"list\":true,\"params\":{},\"javaType\":\"String\",\"queryType\":\"LIKE\",\"columnType\":\"varchar(255)\",\"createBy\":\"admin\",\"isPk\":\"0\",\"createTime\":1638174064000,\"tableId\":2,\"pk\":false,\"columnName\":\"username\"},{\"capJavaField\":\"Companyid\",\"usableColumn\":false,\"columnId\":11,\"isIncrement\":\"0\",\"increment\":false,\"insert\":false,\"isList\":\"1\",\"dictType\":\"\",\"required\":false,\"superColumn\":false,\"updateBy\":\"\",\"javaField\":\"companyid\",\"htmlType\":\"input\",\"edit\":false,\"query\":true,\"isQuery\":\"1\",\"updateTime\":1638174137000,\"sort\":4,\"list\":true,\"params\":{},\"javaType\":\"Long\",\"queryType\":\"EQ\",\"columnType\":\"int\",\"createBy\":\"admin\",\"isPk\":\"0\",\"createTime\":1638174064000,\"tableId\":2,\"pk\":false,\"columnNam', '{\"msg\":\"操作成功\",\"code\":200}', 0, NULL, '2021-11-29 16:22:26');
INSERT INTO `sys_oper_log` VALUES (115, '代码生成', 8, 'com.ruoyi.generator.controller.GenController.batchGenCode()', 'GET', 1, 'admin', NULL, '/tool/gen/batchGenCode', '127.0.0.1', '内网IP', '{}', NULL, 0, NULL, '2021-11-29 16:22:59');
INSERT INTO `sys_oper_log` VALUES (116, '代码生成', 2, 'com.ruoyi.generator.controller.GenController.editSave()', 'PUT', 1, 'admin', NULL, '/tool/gen', '127.0.0.1', '内网IP', '{\"sub\":false,\"functionAuthor\":\"kooklen\",\"columns\":[{\"capJavaField\":\"Index\",\"usableColumn\":false,\"columnId\":8,\"isIncrement\":\"1\",\"increment\":true,\"insert\":true,\"isList\":\"1\",\"dictType\":\"\",\"required\":false,\"superColumn\":false,\"updateBy\":\"\",\"isInsert\":\"1\",\"javaField\":\"index\",\"htmlType\":\"input\",\"edit\":true,\"query\":true,\"isQuery\":\"1\",\"updateTime\":1638174146000,\"sort\":1,\"list\":true,\"params\":{},\"javaType\":\"Long\",\"queryType\":\"EQ\",\"columnType\":\"int\",\"createBy\":\"admin\",\"isPk\":\"1\",\"createTime\":1638174064000,\"isEdit\":\"1\",\"tableId\":2,\"pk\":true,\"columnName\":\"index\"},{\"capJavaField\":\"Userid\",\"usableColumn\":false,\"columnId\":9,\"isIncrement\":\"0\",\"increment\":false,\"insert\":true,\"isList\":\"1\",\"dictType\":\"\",\"required\":false,\"superColumn\":false,\"updateBy\":\"\",\"isInsert\":\"1\",\"javaField\":\"userid\",\"htmlType\":\"input\",\"edit\":true,\"query\":true,\"isQuery\":\"1\",\"updateTime\":1638174146000,\"sort\":2,\"list\":true,\"params\":{},\"javaType\":\"Long\",\"queryType\":\"EQ\",\"columnType\":\"int\",\"createBy\":\"admin\",\"isPk\":\"0\",\"createTime\":1638174064000,\"isEdit\":\"1\",\"tableId\":2,\"pk\":false,\"columnName\":\"userid\"},{\"capJavaField\":\"Username\",\"usableColumn\":false,\"columnId\":10,\"isIncrement\":\"0\",\"increment\":false,\"insert\":true,\"isList\":\"1\",\"dictType\":\"\",\"required\":false,\"superColumn\":false,\"updateBy\":\"\",\"isInsert\":\"1\",\"javaField\":\"username\",\"htmlType\":\"input\",\"edit\":true,\"query\":true,\"isQuery\":\"1\",\"updateTime\":1638174146000,\"sort\":3,\"list\":true,\"params\":{},\"javaType\":\"String\",\"queryType\":\"LIKE\",\"columnType\":\"varchar(255)\",\"createBy\":\"admin\",\"isPk\":\"0\",\"createTime\":1638174064000,\"isEdit\":\"1\",\"tableId\":2,\"pk\":false,\"columnName\":\"username\"},{\"capJavaField\":\"Companyid\",\"usableColumn\":false,\"columnId\":11,\"isIncrement\":\"0\",\"increment\":false,\"insert\":true,\"isList\":\"1\",\"dictType\":\"\",\"required\":false,\"superColumn\":false,\"updateBy\":\"\",\"isInsert\":\"1\",\"javaField\":\"companyid\",\"htmlType\":\"input\",\"edit\":true,\"query\":true,\"isQuery\":\"1\",\"updateTime\":1638174146000,\"sort\":4,\"list\":true,\"params\":{},\"javaType\":\"Long\",\"queryType\":\"EQ\",\"columnType\":\"int\"', '{\"msg\":\"操作成功\",\"code\":200}', 0, NULL, '2021-11-29 16:26:34');
INSERT INTO `sys_oper_log` VALUES (117, '代码生成', 8, 'com.ruoyi.generator.controller.GenController.batchGenCode()', 'GET', 1, 'admin', NULL, '/tool/gen/batchGenCode', '127.0.0.1', '内网IP', '{}', NULL, 0, NULL, '2021-11-29 16:26:38');
INSERT INTO `sys_oper_log` VALUES (118, '菜单管理', 3, 'com.ruoyi.web.controller.system.SysMenuController.remove()', 'DELETE', 1, 'admin', NULL, '/system/menu/2008', '127.0.0.1', '内网IP', '{menuId=2008}', '{\"msg\":\"存在子菜单,不允许删除\",\"code\":500}', 0, NULL, '2021-11-29 16:30:22');
INSERT INTO `sys_oper_log` VALUES (119, '菜单管理', 3, 'com.ruoyi.web.controller.system.SysMenuController.remove()', 'DELETE', 1, 'admin', NULL, '/system/menu/2014', '127.0.0.1', '内网IP', '{menuId=2014}', '{\"msg\":\"存在子菜单,不允许删除\",\"code\":500}', 0, NULL, '2021-11-29 16:30:26');
INSERT INTO `sys_oper_log` VALUES (120, '菜单管理', 3, 'com.ruoyi.web.controller.system.SysMenuController.remove()', 'DELETE', 1, 'admin', NULL, '/system/menu/2009', '127.0.0.1', '内网IP', '{menuId=2009}', '{\"msg\":\"操作成功\",\"code\":200}', 0, NULL, '2021-11-29 16:30:33');
INSERT INTO `sys_oper_log` VALUES (121, '菜单管理', 3, 'com.ruoyi.web.controller.system.SysMenuController.remove()', 'DELETE', 1, 'admin', NULL, '/system/menu/2012', '127.0.0.1', '内网IP', '{menuId=2012}', '{\"msg\":\"操作成功\",\"code\":200}', 0, NULL, '2021-11-29 16:30:37');
INSERT INTO `sys_oper_log` VALUES (122, '菜单管理', 3, 'com.ruoyi.web.controller.system.SysMenuController.remove()', 'DELETE', 1, 'admin', NULL, '/system/menu/2011', '127.0.0.1', '内网IP', '{menuId=2011}', '{\"msg\":\"操作成功\",\"code\":200}', 0, NULL, '2021-11-29 16:30:40');
INSERT INTO `sys_oper_log` VALUES (123, '菜单管理', 3, 'com.ruoyi.web.controller.system.SysMenuController.remove()', 'DELETE', 1, 'admin', NULL, '/system/menu/2010', '127.0.0.1', '内网IP', '{menuId=2010}', '{\"msg\":\"操作成功\",\"code\":200}', 0, NULL, '2021-11-29 16:30:42');
INSERT INTO `sys_oper_log` VALUES (124, '菜单管理', 3, 'com.ruoyi.web.controller.system.SysMenuController.remove()', 'DELETE', 1, 'admin', NULL, '/system/menu/2013', '127.0.0.1', '内网IP', '{menuId=2013}', '{\"msg\":\"操作成功\",\"code\":200}', 0, NULL, '2021-11-29 16:30:44');
INSERT INTO `sys_oper_log` VALUES (125, '菜单管理', 3, 'com.ruoyi.web.controller.system.SysMenuController.remove()', 'DELETE', 1, 'admin', NULL, '/system/menu/2008', '127.0.0.1', '内网IP', '{menuId=2008}', '{\"msg\":\"操作成功\",\"code\":200}', 0, NULL, '2021-11-29 16:30:47');
INSERT INTO `sys_oper_log` VALUES (126, '菜单管理', 3, 'com.ruoyi.web.controller.system.SysMenuController.remove()', 'DELETE', 1, 'admin', NULL, '/system/menu/2015', '127.0.0.1', '内网IP', '{menuId=2015}', '{\"msg\":\"操作成功\",\"code\":200}', 0, NULL, '2021-11-29 16:30:50');
INSERT INTO `sys_oper_log` VALUES (127, '菜单管理', 3, 'com.ruoyi.web.controller.system.SysMenuController.remove()', 'DELETE', 1, 'admin', NULL, '/system/menu/2016', '127.0.0.1', '内网IP', '{menuId=2016}', '{\"msg\":\"操作成功\",\"code\":200}', 0, NULL, '2021-11-29 16:30:52');
INSERT INTO `sys_oper_log` VALUES (128, '菜单管理', 3, 'com.ruoyi.web.controller.system.SysMenuController.remove()', 'DELETE', 1, 'admin', NULL, '/system/menu/2014', '127.0.0.1', '内网IP', '{menuId=2014}', '{\"msg\":\"存在子菜单,不允许删除\",\"code\":500}', 0, NULL, '2021-11-29 16:30:55');
INSERT INTO `sys_oper_log` VALUES (129, '菜单管理', 3, 'com.ruoyi.web.controller.system.SysMenuController.remove()', 'DELETE', 1, 'admin', NULL, '/system/menu/2017', '127.0.0.1', '内网IP', '{menuId=2017}', '{\"msg\":\"操作成功\",\"code\":200}', 0, NULL, '2021-11-29 16:30:56');
INSERT INTO `sys_oper_log` VALUES (130, '菜单管理', 3, 'com.ruoyi.web.controller.system.SysMenuController.remove()', 'DELETE', 1, 'admin', NULL, '/system/menu/2018', '127.0.0.1', '内网IP', '{menuId=2018}', '{\"msg\":\"操作成功\",\"code\":200}', 0, NULL, '2021-11-29 16:30:58');
INSERT INTO `sys_oper_log` VALUES (131, '菜单管理', 3, 'com.ruoyi.web.controller.system.SysMenuController.remove()', 'DELETE', 1, 'admin', NULL, '/system/menu/2019', '127.0.0.1', '内网IP', '{menuId=2019}', '{\"msg\":\"操作成功\",\"code\":200}', 0, NULL, '2021-11-29 16:31:00');
INSERT INTO `sys_oper_log` VALUES (132, '菜单管理', 3, 'com.ruoyi.web.controller.system.SysMenuController.remove()', 'DELETE', 1, 'admin', NULL, '/system/menu/2014', '127.0.0.1', '内网IP', '{menuId=2014}', '{\"msg\":\"操作成功\",\"code\":200}', 0, NULL, '2021-11-29 16:31:02');
INSERT INTO `sys_oper_log` VALUES (133, '菜单管理', 3, 'com.ruoyi.web.controller.system.SysMenuController.remove()', 'DELETE', 1, 'admin', NULL, '/system/menu/2021', '127.0.0.1', '内网IP', '{menuId=2021}', '{\"msg\":\"操作成功\",\"code\":200}', 0, NULL, '2021-11-29 16:31:05');
INSERT INTO `sys_oper_log` VALUES (134, '菜单管理', 3, 'com.ruoyi.web.controller.system.SysMenuController.remove()', 'DELETE', 1, 'admin', NULL, '/system/menu/2023', '127.0.0.1', '内网IP', '{menuId=2023}', '{\"msg\":\"操作成功\",\"code\":200}', 0, NULL, '2021-11-29 16:31:07');
INSERT INTO `sys_oper_log` VALUES (135, '菜单管理', 3, 'com.ruoyi.web.controller.system.SysMenuController.remove()', 'DELETE', 1, 'admin', NULL, '/system/menu/2024', '127.0.0.1', '内网IP', '{menuId=2024}', '{\"msg\":\"操作成功\",\"code\":200}', 0, NULL, '2021-11-29 16:31:08');
INSERT INTO `sys_oper_log` VALUES (136, '菜单管理', 3, 'com.ruoyi.web.controller.system.SysMenuController.remove()', 'DELETE', 1, 'admin', NULL, '/system/menu/2022', '127.0.0.1', '内网IP', '{menuId=2022}', '{\"msg\":\"操作成功\",\"code\":200}', 0, NULL, '2021-11-29 16:31:09');
INSERT INTO `sys_oper_log` VALUES (137, '菜单管理', 3, 'com.ruoyi.web.controller.system.SysMenuController.remove()', 'DELETE', 1, 'admin', NULL, '/system/menu/2025', '127.0.0.1', '内网IP', '{menuId=2025}', '{\"msg\":\"操作成功\",\"code\":200}', 0, NULL, '2021-11-29 16:31:11');
INSERT INTO `sys_oper_log` VALUES (138, '菜单管理', 3, 'com.ruoyi.web.controller.system.SysMenuController.remove()', 'DELETE', 1, 'admin', NULL, '/system/menu/2020', '127.0.0.1', '内网IP', '{menuId=2020}', '{\"msg\":\"操作成功\",\"code\":200}', 0, NULL, '2021-11-29 16:31:13');
INSERT INTO `sys_oper_log` VALUES (139, '代码生成', 2, 'com.ruoyi.generator.controller.GenController.editSave()', 'PUT', 1, 'admin', NULL, '/tool/gen', '127.0.0.1', '内网IP', '{\"sub\":false,\"functionAuthor\":\"kooklen\",\"columns\":[{\"capJavaField\":\"Index\",\"usableColumn\":false,\"columnId\":8,\"isIncrement\":\"1\",\"increment\":true,\"insert\":true,\"isList\":\"1\",\"dictType\":\"\",\"required\":false,\"superColumn\":false,\"updateBy\":\"\",\"isInsert\":\"1\",\"javaField\":\"index\",\"htmlType\":\"input\",\"edit\":true,\"query\":true,\"isQuery\":\"1\",\"updateTime\":1638174393000,\"sort\":1,\"list\":true,\"params\":{},\"javaType\":\"Long\",\"queryType\":\"EQ\",\"columnType\":\"int\",\"createBy\":\"admin\",\"isPk\":\"1\",\"createTime\":1638174064000,\"isEdit\":\"1\",\"tableId\":2,\"pk\":true,\"columnName\":\"index\"},{\"capJavaField\":\"Userid\",\"usableColumn\":false,\"columnId\":9,\"isIncrement\":\"0\",\"increment\":false,\"insert\":true,\"isList\":\"1\",\"dictType\":\"\",\"required\":false,\"superColumn\":false,\"updateBy\":\"\",\"isInsert\":\"1\",\"javaField\":\"userid\",\"htmlType\":\"input\",\"edit\":true,\"query\":true,\"isQuery\":\"1\",\"updateTime\":1638174393000,\"sort\":2,\"list\":true,\"params\":{},\"javaType\":\"Long\",\"queryType\":\"EQ\",\"columnType\":\"int\",\"createBy\":\"admin\",\"isPk\":\"0\",\"createTime\":1638174064000,\"isEdit\":\"1\",\"tableId\":2,\"pk\":false,\"columnName\":\"userid\"},{\"capJavaField\":\"Username\",\"usableColumn\":false,\"columnId\":10,\"isIncrement\":\"0\",\"increment\":false,\"insert\":true,\"isList\":\"1\",\"dictType\":\"\",\"required\":false,\"superColumn\":false,\"updateBy\":\"\",\"isInsert\":\"1\",\"javaField\":\"username\",\"htmlType\":\"input\",\"edit\":true,\"query\":true,\"isQuery\":\"1\",\"updateTime\":1638174393000,\"sort\":3,\"list\":true,\"params\":{},\"javaType\":\"String\",\"queryType\":\"LIKE\",\"columnType\":\"varchar(255)\",\"createBy\":\"admin\",\"isPk\":\"0\",\"createTime\":1638174064000,\"isEdit\":\"1\",\"tableId\":2,\"pk\":false,\"columnName\":\"username\"},{\"capJavaField\":\"Companyid\",\"usableColumn\":false,\"columnId\":11,\"isIncrement\":\"0\",\"increment\":false,\"insert\":true,\"isList\":\"1\",\"dictType\":\"\",\"required\":false,\"superColumn\":false,\"updateBy\":\"\",\"isInsert\":\"1\",\"javaField\":\"companyid\",\"htmlType\":\"input\",\"edit\":true,\"query\":true,\"isQuery\":\"1\",\"updateTime\":1638174393000,\"sort\":4,\"list\":true,\"params\":{},\"javaType\":\"Long\",\"queryType\":\"EQ\",\"columnType\":\"int\"', '{\"msg\":\"操作成功\",\"code\":200}', 0, NULL, '2021-11-29 16:33:18');
INSERT INTO `sys_oper_log` VALUES (140, '代码生成', 8, 'com.ruoyi.generator.controller.GenController.batchGenCode()', 'GET', 1, 'admin', NULL, '/tool/gen/batchGenCode', '127.0.0.1', '内网IP', '{}', NULL, 0, NULL, '2021-11-29 16:33:24');
INSERT INTO `sys_oper_log` VALUES (141, '代码生成', 2, 'com.ruoyi.generator.controller.GenController.editSave()', 'PUT', 1, 'admin', NULL, '/tool/gen', '127.0.0.1', '内网IP', '{\"sub\":false,\"functionAuthor\":\"kooklen\",\"columns\":[{\"capJavaField\":\"Index\",\"usableColumn\":false,\"columnId\":8,\"isIncrement\":\"1\",\"increment\":true,\"insert\":true,\"isList\":\"1\",\"dictType\":\"\",\"required\":false,\"superColumn\":false,\"updateBy\":\"\",\"isInsert\":\"1\",\"javaField\":\"index\",\"htmlType\":\"input\",\"edit\":true,\"query\":true,\"columnComment\":\"编号\",\"isQuery\":\"1\",\"updateTime\":1638174798000,\"sort\":1,\"list\":true,\"params\":{},\"javaType\":\"Long\",\"queryType\":\"EQ\",\"columnType\":\"int\",\"createBy\":\"admin\",\"isPk\":\"1\",\"createTime\":1638174064000,\"isEdit\":\"1\",\"tableId\":2,\"pk\":true,\"columnName\":\"index\"},{\"capJavaField\":\"Userid\",\"usableColumn\":false,\"columnId\":9,\"isIncrement\":\"0\",\"increment\":false,\"insert\":true,\"isList\":\"1\",\"dictType\":\"\",\"required\":false,\"superColumn\":false,\"updateBy\":\"\",\"isInsert\":\"1\",\"javaField\":\"userid\",\"htmlType\":\"input\",\"edit\":true,\"query\":true,\"columnComment\":\"用户id\",\"isQuery\":\"1\",\"updateTime\":1638174798000,\"sort\":2,\"list\":true,\"params\":{},\"javaType\":\"Long\",\"queryType\":\"EQ\",\"columnType\":\"int\",\"createBy\":\"admin\",\"isPk\":\"0\",\"createTime\":1638174064000,\"isEdit\":\"1\",\"tableId\":2,\"pk\":false,\"columnName\":\"userid\"},{\"capJavaField\":\"Username\",\"usableColumn\":false,\"columnId\":10,\"isIncrement\":\"0\",\"increment\":false,\"insert\":true,\"isList\":\"1\",\"dictType\":\"\",\"required\":false,\"superColumn\":false,\"updateBy\":\"\",\"isInsert\":\"1\",\"javaField\":\"username\",\"htmlType\":\"input\",\"edit\":true,\"query\":true,\"columnComment\":\"用户名\",\"isQuery\":\"1\",\"updateTime\":1638174798000,\"sort\":3,\"list\":true,\"params\":{},\"javaType\":\"String\",\"queryType\":\"LIKE\",\"columnType\":\"varchar(255)\",\"createBy\":\"admin\",\"isPk\":\"0\",\"createTime\":1638174064000,\"isEdit\":\"1\",\"tableId\":2,\"pk\":false,\"columnName\":\"username\"},{\"capJavaField\":\"Companyid\",\"usableColumn\":false,\"columnId\":11,\"isIncrement\":\"0\",\"increment\":false,\"insert\":true,\"isList\":\"1\",\"dictType\":\"\",\"required\":false,\"superColumn\":false,\"updateBy\":\"\",\"isInsert\":\"1\",\"javaField\":\"companyid\",\"htmlType\":\"input\",\"edit\":true,\"query\":true,\"columnComment\":\"公司id\",\"isQuery\":\"1\",\"updateTime\":16381747980', '{\"msg\":\"操作成功\",\"code\":200}', 0, NULL, '2021-11-29 16:40:36');
INSERT INTO `sys_oper_log` VALUES (142, '代码生成', 8, 'com.ruoyi.generator.controller.GenController.batchGenCode()', 'GET', 1, 'admin', NULL, '/tool/gen/batchGenCode', '127.0.0.1', '内网IP', '{}', NULL, 0, NULL, '2021-11-29 16:40:53');
INSERT INTO `sys_oper_log` VALUES (143, '代码生成', 8, 'com.ruoyi.generator.controller.GenController.batchGenCode()', 'GET', 1, 'admin', NULL, '/tool/gen/batchGenCode', '127.0.0.1', '内网IP', '{}', NULL, 0, NULL, '2021-11-29 16:40:53');
INSERT INTO `sys_oper_log` VALUES (144, '菜单管理', 3, 'com.ruoyi.web.controller.system.SysMenuController.remove()', 'DELETE', 1, 'admin', NULL, '/system/menu/2027', '127.0.0.1', '内网IP', '{menuId=2027}', '{\"msg\":\"操作成功\",\"code\":200}', 0, NULL, '2021-11-29 16:53:22');
INSERT INTO `sys_oper_log` VALUES (145, '菜单管理', 3, 'com.ruoyi.web.controller.system.SysMenuController.remove()', 'DELETE', 1, 'admin', NULL, '/system/menu/2028', '127.0.0.1', '内网IP', '{menuId=2028}', '{\"msg\":\"操作成功\",\"code\":200}', 0, NULL, '2021-11-29 16:53:23');
INSERT INTO `sys_oper_log` VALUES (146, '菜单管理', 3, 'com.ruoyi.web.controller.system.SysMenuController.remove()', 'DELETE', 1, 'admin', NULL, '/system/menu/2029', '127.0.0.1', '内网IP', '{menuId=2029}', '{\"msg\":\"操作成功\",\"code\":200}', 0, NULL, '2021-11-29 16:53:25');
INSERT INTO `sys_oper_log` VALUES (147, '菜单管理', 3, 'com.ruoyi.web.controller.system.SysMenuController.remove()', 'DELETE', 1, 'admin', NULL, '/system/menu/2030', '127.0.0.1', '内网IP', '{menuId=2030}', '{\"msg\":\"操作成功\",\"code\":200}', 0, NULL, '2021-11-29 16:53:27');
INSERT INTO `sys_oper_log` VALUES (148, '菜单管理', 3, 'com.ruoyi.web.controller.system.SysMenuController.remove()', 'DELETE', 1, 'admin', NULL, '/system/menu/2031', '127.0.0.1', '内网IP', '{menuId=2031}', '{\"msg\":\"操作成功\",\"code\":200}', 0, NULL, '2021-11-29 16:53:28');
INSERT INTO `sys_oper_log` VALUES (149, '菜单管理', 3, 'com.ruoyi.web.controller.system.SysMenuController.remove()', 'DELETE', 1, 'admin', NULL, '/system/menu/2026', '127.0.0.1', '内网IP', '{menuId=2026}', '{\"msg\":\"操作成功\",\"code\":200}', 0, NULL, '2021-11-29 16:53:32');
INSERT INTO `sys_oper_log` VALUES (150, '菜单管理', 3, 'com.ruoyi.web.controller.system.SysMenuController.remove()', 'DELETE', 1, 'admin', NULL, '/system/menu/2033', '127.0.0.1', '内网IP', '{menuId=2033}', '{\"msg\":\"操作成功\",\"code\":200}', 0, NULL, '2021-11-29 16:53:35');
INSERT INTO `sys_oper_log` VALUES (151, '菜单管理', 3, 'com.ruoyi.web.controller.system.SysMenuController.remove()', 'DELETE', 1, 'admin', NULL, '/system/menu/2034', '127.0.0.1', '内网IP', '{menuId=2034}', '{\"msg\":\"操作成功\",\"code\":200}', 0, NULL, '2021-11-29 16:53:37');
INSERT INTO `sys_oper_log` VALUES (152, '菜单管理', 3, 'com.ruoyi.web.controller.system.SysMenuController.remove()', 'DELETE', 1, 'admin', NULL, '/system/menu/2035', '127.0.0.1', '内网IP', '{menuId=2035}', '{\"msg\":\"操作成功\",\"code\":200}', 0, NULL, '2021-11-29 16:53:38');
INSERT INTO `sys_oper_log` VALUES (153, '菜单管理', 3, 'com.ruoyi.web.controller.system.SysMenuController.remove()', 'DELETE', 1, 'admin', NULL, '/system/menu/2036', '127.0.0.1', '内网IP', '{menuId=2036}', '{\"msg\":\"操作成功\",\"code\":200}', 0, NULL, '2021-11-29 16:53:40');
INSERT INTO `sys_oper_log` VALUES (154, '菜单管理', 3, 'com.ruoyi.web.controller.system.SysMenuController.remove()', 'DELETE', 1, 'admin', NULL, '/system/menu/2037', '127.0.0.1', '内网IP', '{menuId=2037}', '{\"msg\":\"操作成功\",\"code\":200}', 0, NULL, '2021-11-29 16:53:43');
INSERT INTO `sys_oper_log` VALUES (155, '菜单管理', 3, 'com.ruoyi.web.controller.system.SysMenuController.remove()', 'DELETE', 1, 'admin', NULL, '/system/menu/2032', '127.0.0.1', '内网IP', '{menuId=2032}', '{\"msg\":\"操作成功\",\"code\":200}', 0, NULL, '2021-11-29 16:53:44');
INSERT INTO `sys_oper_log` VALUES (156, '菜单管理', 3, 'com.ruoyi.web.controller.system.SysMenuController.remove()', 'DELETE', 1, 'admin', NULL, '/system/menu/2039', '127.0.0.1', '内网IP', '{menuId=2039}', '{\"msg\":\"操作成功\",\"code\":200}', 0, NULL, '2021-11-29 16:53:47');
INSERT INTO `sys_oper_log` VALUES (157, '菜单管理', 3, 'com.ruoyi.web.controller.system.SysMenuController.remove()', 'DELETE', 1, 'admin', NULL, '/system/menu/2040', '127.0.0.1', '内网IP', '{menuId=2040}', '{\"msg\":\"操作成功\",\"code\":200}', 0, NULL, '2021-11-29 16:53:49');
INSERT INTO `sys_oper_log` VALUES (158, '菜单管理', 3, 'com.ruoyi.web.controller.system.SysMenuController.remove()', 'DELETE', 1, 'admin', NULL, '/system/menu/2041', '127.0.0.1', '内网IP', '{menuId=2041}', '{\"msg\":\"操作成功\",\"code\":200}', 0, NULL, '2021-11-29 16:53:50');
INSERT INTO `sys_oper_log` VALUES (159, '菜单管理', 3, 'com.ruoyi.web.controller.system.SysMenuController.remove()', 'DELETE', 1, 'admin', NULL, '/system/menu/2042', '127.0.0.1', '内网IP', '{menuId=2042}', '{\"msg\":\"操作成功\",\"code\":200}', 0, NULL, '2021-11-29 16:53:52');
INSERT INTO `sys_oper_log` VALUES (160, '菜单管理', 3, 'com.ruoyi.web.controller.system.SysMenuController.remove()', 'DELETE', 1, 'admin', NULL, '/system/menu/2043', '127.0.0.1', '内网IP', '{menuId=2043}', '{\"msg\":\"操作成功\",\"code\":200}', 0, NULL, '2021-11-29 16:53:54');
INSERT INTO `sys_oper_log` VALUES (161, '菜单管理', 3, 'com.ruoyi.web.controller.system.SysMenuController.remove()', 'DELETE', 1, 'admin', NULL, '/system/menu/2038', '127.0.0.1', '内网IP', '{menuId=2038}', '{\"msg\":\"操作成功\",\"code\":200}', 0, NULL, '2021-11-29 16:53:55');
INSERT INTO `sys_oper_log` VALUES (162, '代码生成', 6, 'com.ruoyi.generator.controller.GenController.importTableSave()', 'POST', 1, 'admin', NULL, '/tool/gen/importTable', '127.0.0.1', '内网IP', 'user_monitor_company', '{\"msg\":\"操作成功\",\"code\":200}', 0, NULL, '2021-11-29 17:09:24');
INSERT INTO `sys_oper_log` VALUES (163, '代码生成', 2, 'com.ruoyi.generator.controller.GenController.editSave()', 'PUT', 1, 'admin', NULL, '/tool/gen', '127.0.0.1', '内网IP', '{\"sub\":false,\"functionAuthor\":\"kooklen\",\"columns\":[{\"capJavaField\":\"Userid\",\"usableColumn\":false,\"columnId\":16,\"isIncrement\":\"0\",\"increment\":false,\"insert\":true,\"isList\":\"1\",\"dictType\":\"\",\"required\":false,\"superColumn\":false,\"updateBy\":\"\",\"isInsert\":\"1\",\"javaField\":\"userid\",\"htmlType\":\"input\",\"edit\":true,\"query\":true,\"isQuery\":\"1\",\"sort\":1,\"list\":true,\"params\":{},\"javaType\":\"Long\",\"queryType\":\"EQ\",\"columnType\":\"int\",\"createBy\":\"admin\",\"isPk\":\"0\",\"createTime\":1638176964000,\"isEdit\":\"1\",\"tableId\":3,\"pk\":false,\"columnName\":\"userid\"},{\"capJavaField\":\"Username\",\"usableColumn\":false,\"columnId\":17,\"isIncrement\":\"0\",\"increment\":false,\"insert\":true,\"isList\":\"1\",\"dictType\":\"\",\"required\":false,\"superColumn\":false,\"updateBy\":\"\",\"isInsert\":\"1\",\"javaField\":\"username\",\"htmlType\":\"input\",\"edit\":true,\"query\":true,\"isQuery\":\"1\",\"sort\":2,\"list\":true,\"params\":{},\"javaType\":\"String\",\"queryType\":\"LIKE\",\"columnType\":\"varchar(255)\",\"createBy\":\"admin\",\"isPk\":\"0\",\"createTime\":1638176964000,\"isEdit\":\"1\",\"tableId\":3,\"pk\":false,\"columnName\":\"username\"},{\"capJavaField\":\"Companyid\",\"usableColumn\":false,\"columnId\":18,\"isIncrement\":\"0\",\"increment\":false,\"insert\":true,\"isList\":\"1\",\"dictType\":\"\",\"required\":false,\"superColumn\":false,\"updateBy\":\"\",\"isInsert\":\"1\",\"javaField\":\"companyid\",\"htmlType\":\"input\",\"edit\":true,\"query\":true,\"isQuery\":\"1\",\"sort\":3,\"list\":true,\"params\":{},\"javaType\":\"Long\",\"queryType\":\"EQ\",\"columnType\":\"int\",\"createBy\":\"admin\",\"isPk\":\"0\",\"createTime\":1638176964000,\"isEdit\":\"1\",\"tableId\":3,\"pk\":false,\"columnName\":\"companyid\"},{\"capJavaField\":\"Index\",\"usableColumn\":false,\"columnId\":19,\"isIncrement\":\"1\",\"increment\":true,\"insert\":true,\"dictType\":\"\",\"required\":false,\"superColumn\":false,\"updateBy\":\"\",\"isInsert\":\"1\",\"javaField\":\"index\",\"htmlType\":\"input\",\"edit\":false,\"query\":false,\"sort\":4,\"list\":false,\"params\":{},\"javaType\":\"Long\",\"queryType\":\"EQ\",\"columnType\":\"int\",\"createBy\":\"admin\",\"isPk\":\"1\",\"createTime\":1638176964000,\"tableId\":3,\"pk\":true,\"columnName\":\"index\"},{\"capJavaField\":\"Compan', '{\"msg\":\"操作成功\",\"code\":200}', 0, NULL, '2021-11-29 17:10:29');
INSERT INTO `sys_oper_log` VALUES (164, '代码生成', 8, 'com.ruoyi.generator.controller.GenController.batchGenCode()', 'GET', 1, 'admin', NULL, '/tool/gen/batchGenCode', '127.0.0.1', '内网IP', '{}', NULL, 0, NULL, '2021-11-29 17:10:38');
INSERT INTO `sys_oper_log` VALUES (165, '代码生成', 2, 'com.ruoyi.generator.controller.GenController.editSave()', 'PUT', 1, 'admin', NULL, '/tool/gen', '127.0.0.1', '内网IP', '{\"sub\":false,\"functionAuthor\":\"kooklen\",\"columns\":[{\"capJavaField\":\"Index\",\"usableColumn\":false,\"columnId\":8,\"isIncrement\":\"1\",\"increment\":true,\"insert\":false,\"dictType\":\"\",\"required\":false,\"superColumn\":false,\"updateBy\":\"\",\"javaField\":\"index\",\"htmlType\":\"input\",\"edit\":false,\"query\":false,\"columnComment\":\"编号\",\"updateTime\":1638175236000,\"sort\":1,\"list\":false,\"params\":{},\"javaType\":\"Long\",\"queryType\":\"EQ\",\"columnType\":\"int\",\"createBy\":\"admin\",\"isPk\":\"1\",\"createTime\":1638174064000,\"tableId\":2,\"pk\":true,\"columnName\":\"index\"},{\"capJavaField\":\"Userid\",\"usableColumn\":false,\"columnId\":9,\"isIncrement\":\"0\",\"increment\":false,\"insert\":true,\"isList\":\"1\",\"dictType\":\"\",\"required\":false,\"superColumn\":false,\"updateBy\":\"\",\"isInsert\":\"1\",\"javaField\":\"userid\",\"htmlType\":\"input\",\"edit\":true,\"query\":true,\"columnComment\":\"用户id\",\"isQuery\":\"1\",\"updateTime\":1638175236000,\"sort\":2,\"list\":true,\"params\":{},\"javaType\":\"Long\",\"queryType\":\"EQ\",\"columnType\":\"int\",\"createBy\":\"admin\",\"isPk\":\"0\",\"createTime\":1638174064000,\"isEdit\":\"1\",\"tableId\":2,\"pk\":false,\"columnName\":\"userid\"},{\"capJavaField\":\"Username\",\"usableColumn\":false,\"columnId\":10,\"isIncrement\":\"0\",\"increment\":false,\"insert\":true,\"isList\":\"1\",\"dictType\":\"\",\"required\":false,\"superColumn\":false,\"updateBy\":\"\",\"isInsert\":\"1\",\"javaField\":\"username\",\"htmlType\":\"input\",\"edit\":true,\"query\":true,\"columnComment\":\"用户名\",\"isQuery\":\"1\",\"updateTime\":1638175236000,\"sort\":3,\"list\":true,\"params\":{},\"javaType\":\"String\",\"queryType\":\"LIKE\",\"columnType\":\"varchar(255)\",\"createBy\":\"admin\",\"isPk\":\"0\",\"createTime\":1638174064000,\"isEdit\":\"1\",\"tableId\":2,\"pk\":false,\"columnName\":\"username\"},{\"capJavaField\":\"Companyid\",\"usableColumn\":false,\"columnId\":11,\"isIncrement\":\"0\",\"increment\":false,\"insert\":true,\"isList\":\"1\",\"dictType\":\"\",\"required\":false,\"superColumn\":false,\"updateBy\":\"\",\"isInsert\":\"1\",\"javaField\":\"companyid\",\"htmlType\":\"input\",\"edit\":true,\"query\":true,\"columnComment\":\"公司id\",\"isQuery\":\"1\",\"updateTime\":1638175236000,\"sort\":4,\"list\":true,\"params\":{},\"javaType\":\"Lon', '{\"msg\":\"操作成功\",\"code\":200}', 0, NULL, '2021-11-29 17:29:04');
INSERT INTO `sys_oper_log` VALUES (166, '代码生成', 8, 'com.ruoyi.generator.controller.GenController.batchGenCode()', 'GET', 1, 'admin', NULL, '/tool/gen/batchGenCode', '127.0.0.1', '内网IP', '{}', NULL, 0, NULL, '2021-11-29 17:29:19');
INSERT INTO `sys_oper_log` VALUES (167, '代码生成', 3, 'com.ruoyi.generator.controller.GenController.remove()', 'DELETE', 1, 'admin', NULL, '/tool/gen/2', '127.0.0.1', '内网IP', '{tableIds=2}', '{\"msg\":\"操作成功\",\"code\":200}', 0, NULL, '2021-11-29 17:31:49');
INSERT INTO `sys_oper_log` VALUES (168, '代码生成', 3, 'com.ruoyi.generator.controller.GenController.remove()', 'DELETE', 1, 'admin', NULL, '/tool/gen/3', '127.0.0.1', '内网IP', '{tableIds=3}', '{\"msg\":\"操作成功\",\"code\":200}', 0, NULL, '2021-11-29 17:31:55');
INSERT INTO `sys_oper_log` VALUES (169, '菜单管理', 2, 'com.ruoyi.web.controller.system.SysMenuController.edit()', 'PUT', 1, 'admin', NULL, '/system/menu', '127.0.0.1', '内网IP', '{\"visible\":\"0\",\"icon\":\"#\",\"orderNum\":\"1\",\"menuName\":\"用户搜索记录\",\"params\":{},\"parentId\":2000,\"isCache\":\"0\",\"path\":\"userSearchRecord\",\"component\":\"userSearchRecord/userSearchRecord/index\",\"children\":[],\"createTime\":1638172510000,\"updateBy\":\"admin\",\"isFrame\":\"1\",\"menuId\":2002,\"menuType\":\"C\",\"perms\":\"userSearchRecord:userSearchRecord:list\",\"status\":\"0\"}', '{\"msg\":\"操作成功\",\"code\":200}', 0, NULL, '2021-11-29 17:32:29');
INSERT INTO `sys_oper_log` VALUES (170, '角色管理', 2, 'com.ruoyi.web.controller.system.SysRoleController.edit()', 'PUT', 1, 'admin', NULL, '/system/role', '127.0.0.1', '内网IP', '{\"flag\":false,\"roleId\":2,\"admin\":false,\"remark\":\"普通角色\",\"dataScope\":\"2\",\"delFlag\":\"0\",\"params\":{},\"roleSort\":\"2\",\"deptCheckStrictly\":true,\"createTime\":1638153524000,\"updateBy\":\"admin\",\"menuCheckStrictly\":true,\"roleKey\":\"common\",\"roleName\":\"普通角色\",\"menuIds\":[2000,2001,2002,2003,2004,2005,2006,2007,2044,2045,2046,2047,2048,2049,2,109,1046,1047,1048,110,1049,1050,1051,1052,1053,1054,111,112,113,3,114,115,1055,1056,1058,1057,1059,1060,116,1,100,1001,1002,1003,1004,1005,1006,1007,101,1008,1009,1010,1011,1012,102,1013,1014,1015,1016,103,1017,1018,1019,1020,104,1021,1022,1023,1024,1025,105,1026,1027,1028,1029,1030,106,1031,1032,1033,1034,1035,107,1036,1037,1038,1039,108,500,1040,1041,1042,501,1043,1044,1045],\"status\":\"0\"}', '{\"msg\":\"操作成功\",\"code\":200}', 0, NULL, '2021-11-29 17:32:54');
INSERT INTO `sys_oper_log` VALUES (171, '菜单管理', 3, 'com.ruoyi.web.controller.system.SysMenuController.remove()', 'DELETE', 1, 'admin', NULL, '/system/menu/2000', '127.0.0.1', '内网IP', '{menuId=2000}', '{\"msg\":\"存在子菜单,不允许删除\",\"code\":500}', 0, NULL, '2021-11-29 17:33:10');
INSERT INTO `sys_oper_log` VALUES (172, '菜单管理', 3, 'com.ruoyi.web.controller.system.SysMenuController.remove()', 'DELETE', 1, 'admin', NULL, '/system/menu/2001', '127.0.0.1', '内网IP', '{menuId=2001}', '{\"msg\":\"菜单已分配,不允许删除\",\"code\":500}', 0, NULL, '2021-11-29 17:33:14');
INSERT INTO `sys_oper_log` VALUES (173, '菜单管理', 3, 'com.ruoyi.web.controller.system.SysMenuController.remove()', 'DELETE', 1, 'admin', NULL, '/system/menu/2000', '127.0.0.1', '内网IP', '{menuId=2000}', '{\"msg\":\"存在子菜单,不允许删除\",\"code\":500}', 0, NULL, '2021-11-29 17:33:16');
INSERT INTO `sys_oper_log` VALUES (174, '菜单管理', 3, 'com.ruoyi.web.controller.system.SysMenuController.remove()', 'DELETE', 1, 'admin', NULL, '/system/menu/2001', '127.0.0.1', '内网IP', '{menuId=2001}', '{\"msg\":\"菜单已分配,不允许删除\",\"code\":500}', 0, NULL, '2021-11-29 17:33:20');
INSERT INTO `sys_oper_log` VALUES (175, '角色管理', 2, 'com.ruoyi.web.controller.system.SysRoleController.edit()', 'PUT', 1, 'admin', NULL, '/system/role', '127.0.0.1', '内网IP', '{\"flag\":false,\"roleId\":2,\"admin\":false,\"remark\":\"普通角色\",\"dataScope\":\"2\",\"delFlag\":\"0\",\"params\":{},\"roleSort\":\"2\",\"deptCheckStrictly\":true,\"createTime\":1638153524000,\"updateBy\":\"admin\",\"menuCheckStrictly\":true,\"roleKey\":\"common\",\"roleName\":\"普通角色\",\"menuIds\":[2,109,1046,1047,1048,110,1049,1050,1051,1052,1053,1054,111,112,113,3,114,115,1055,1056,1058,1057,1059,1060,116,1,100,1001,1002,1003,1004,1005,1006,1007,101,1008,1009,1010,1011,1012,102,1013,1014,1015,1016,103,1017,1018,1019,1020,104,1021,1022,1023,1024,1025,105,1026,1027,1028,1029,1030,106,1031,1032,1033,1034,1035,107,1036,1037,1038,1039,108,500,1040,1041,1042,501,1043,1044,1045],\"status\":\"0\"}', '{\"msg\":\"操作成功\",\"code\":200}', 0, NULL, '2021-11-29 17:33:30');
INSERT INTO `sys_oper_log` VALUES (176, '菜单管理', 3, 'com.ruoyi.web.controller.system.SysMenuController.remove()', 'DELETE', 1, 'admin', NULL, '/system/menu/2001', '127.0.0.1', '内网IP', '{menuId=2001}', '{\"msg\":\"操作成功\",\"code\":200}', 0, NULL, '2021-11-29 17:33:36');
INSERT INTO `sys_oper_log` VALUES (177, '菜单管理', 3, 'com.ruoyi.web.controller.system.SysMenuController.remove()', 'DELETE', 1, 'admin', NULL, '/system/menu/2000', '127.0.0.1', '内网IP', '{menuId=2000}', '{\"msg\":\"存在子菜单,不允许删除\",\"code\":500}', 0, NULL, '2021-11-29 17:33:38');
INSERT INTO `sys_oper_log` VALUES (178, '菜单管理', 3, 'com.ruoyi.web.controller.system.SysMenuController.remove()', 'DELETE', 1, 'admin', NULL, '/system/menu/2044', '127.0.0.1', '内网IP', '{menuId=2044}', '{\"msg\":\"存在子菜单,不允许删除\",\"code\":500}', 0, NULL, '2021-11-29 17:33:41');
INSERT INTO `sys_oper_log` VALUES (179, '菜单管理', 3, 'com.ruoyi.web.controller.system.SysMenuController.remove()', 'DELETE', 1, 'admin', NULL, '/system/menu/2045', '127.0.0.1', '内网IP', '{menuId=2045}', '{\"msg\":\"操作成功\",\"code\":200}', 0, NULL, '2021-11-29 17:34:06');
INSERT INTO `sys_oper_log` VALUES (180, '菜单管理', 3, 'com.ruoyi.web.controller.system.SysMenuController.remove()', 'DELETE', 1, 'admin', NULL, '/system/menu/2046', '127.0.0.1', '内网IP', '{menuId=2046}', '{\"msg\":\"操作成功\",\"code\":200}', 0, NULL, '2021-11-29 17:34:07');
INSERT INTO `sys_oper_log` VALUES (181, '菜单管理', 3, 'com.ruoyi.web.controller.system.SysMenuController.remove()', 'DELETE', 1, 'admin', NULL, '/system/menu/2047', '127.0.0.1', '内网IP', '{menuId=2047}', '{\"msg\":\"操作成功\",\"code\":200}', 0, NULL, '2021-11-29 17:34:08');
INSERT INTO `sys_oper_log` VALUES (182, '菜单管理', 3, 'com.ruoyi.web.controller.system.SysMenuController.remove()', 'DELETE', 1, 'admin', NULL, '/system/menu/2048', '127.0.0.1', '内网IP', '{menuId=2048}', '{\"msg\":\"操作成功\",\"code\":200}', 0, NULL, '2021-11-29 17:34:10');
INSERT INTO `sys_oper_log` VALUES (183, '菜单管理', 3, 'com.ruoyi.web.controller.system.SysMenuController.remove()', 'DELETE', 1, 'admin', NULL, '/system/menu/2049', '127.0.0.1', '内网IP', '{menuId=2049}', '{\"msg\":\"操作成功\",\"code\":200}', 0, NULL, '2021-11-29 17:34:11');
INSERT INTO `sys_oper_log` VALUES (184, '菜单管理', 3, 'com.ruoyi.web.controller.system.SysMenuController.remove()', 'DELETE', 1, 'admin', NULL, '/system/menu/2044', '127.0.0.1', '内网IP', '{menuId=2044}', '{\"msg\":\"操作成功\",\"code\":200}', 0, NULL, '2021-11-29 17:34:13');
INSERT INTO `sys_oper_log` VALUES (185, '代码生成', 6, 'com.ruoyi.generator.controller.GenController.importTableSave()', 'POST', 1, 'admin', NULL, '/tool/gen/importTable', '127.0.0.1', '内网IP', 'trigger_record', '{\"msg\":\"操作成功\",\"code\":200}', 0, NULL, '2021-11-29 17:35:05');
INSERT INTO `sys_oper_log` VALUES (186, '代码生成', 2, 'com.ruoyi.generator.controller.GenController.editSave()', 'PUT', 1, 'admin', NULL, '/tool/gen', '127.0.0.1', '内网IP', '{\"sub\":false,\"functionAuthor\":\"kooklen\",\"columns\":[{\"capJavaField\":\"Userid\",\"usableColumn\":false,\"columnId\":1,\"isIncrement\":\"0\",\"increment\":false,\"insert\":true,\"isList\":\"1\",\"dictType\":\"\",\"required\":false,\"superColumn\":false,\"updateBy\":\"\",\"isInsert\":\"1\",\"javaField\":\"userid\",\"htmlType\":\"input\",\"edit\":true,\"query\":true,\"columnComment\":\"用户id\",\"isQuery\":\"1\",\"updateTime\":1638171998000,\"sort\":1,\"list\":true,\"params\":{},\"javaType\":\"String\",\"queryType\":\"EQ\",\"columnType\":\"varchar(255)\",\"createBy\":\"admin\",\"isPk\":\"0\",\"createTime\":1638171797000,\"isEdit\":\"1\",\"tableId\":1,\"pk\":false,\"columnName\":\"userid\"},{\"capJavaField\":\"Recordnumber\",\"usableColumn\":false,\"columnId\":2,\"isIncrement\":\"1\",\"increment\":true,\"insert\":true,\"isList\":\"1\",\"dictType\":\"\",\"required\":false,\"superColumn\":false,\"updateBy\":\"\",\"isInsert\":\"1\",\"javaField\":\"recordnumber\",\"htmlType\":\"input\",\"edit\":true,\"query\":true,\"columnComment\":\"记录号\",\"isQuery\":\"1\",\"updateTime\":1638171998000,\"sort\":2,\"list\":true,\"params\":{},\"javaType\":\"Long\",\"queryType\":\"EQ\",\"columnType\":\"int\",\"createBy\":\"admin\",\"isPk\":\"1\",\"createTime\":1638171797000,\"isEdit\":\"1\",\"tableId\":1,\"pk\":true,\"columnName\":\"recordnumber\"},{\"capJavaField\":\"Username\",\"usableColumn\":false,\"columnId\":3,\"isIncrement\":\"0\",\"increment\":false,\"insert\":true,\"isList\":\"1\",\"dictType\":\"\",\"required\":false,\"superColumn\":false,\"updateBy\":\"\",\"isInsert\":\"1\",\"javaField\":\"username\",\"htmlType\":\"input\",\"edit\":true,\"query\":true,\"columnComment\":\"用户名\",\"isQuery\":\"1\",\"updateTime\":1638171998000,\"sort\":3,\"list\":true,\"params\":{},\"javaType\":\"String\",\"queryType\":\"LIKE\",\"columnType\":\"varchar(255)\",\"createBy\":\"admin\",\"isPk\":\"0\",\"createTime\":1638171797000,\"isEdit\":\"1\",\"tableId\":1,\"pk\":false,\"columnName\":\"username\"},{\"capJavaField\":\"Companyid\",\"usableColumn\":false,\"columnId\":4,\"isIncrement\":\"0\",\"increment\":false,\"insert\":true,\"isList\":\"1\",\"dictType\":\"\",\"required\":false,\"superColumn\":false,\"updateBy\":\"\",\"isInsert\":\"1\",\"javaField\":\"companyid\",\"htmlType\":\"input\",\"edit\":true,\"query\":true,\"columnComment\":\"公司id\",\"isQuer', '{\"msg\":\"操作成功\",\"code\":200}', 0, NULL, '2021-11-29 17:35:29');
INSERT INTO `sys_oper_log` VALUES (187, '代码生成', 2, 'com.ruoyi.generator.controller.GenController.editSave()', 'PUT', 1, 'admin', NULL, '/tool/gen', '127.0.0.1', '内网IP', '{\"sub\":false,\"functionAuthor\":\"kooklen\",\"columns\":[{\"capJavaField\":\"Userid\",\"usableColumn\":false,\"columnId\":1,\"isIncrement\":\"0\",\"increment\":false,\"insert\":true,\"isList\":\"1\",\"dictType\":\"\",\"required\":false,\"superColumn\":false,\"updateBy\":\"\",\"isInsert\":\"1\",\"javaField\":\"userid\",\"htmlType\":\"input\",\"edit\":true,\"query\":true,\"columnComment\":\"用户id\",\"isQuery\":\"1\",\"updateTime\":1638178528000,\"sort\":1,\"list\":true,\"params\":{},\"javaType\":\"String\",\"queryType\":\"EQ\",\"columnType\":\"varchar(255)\",\"createBy\":\"admin\",\"isPk\":\"0\",\"createTime\":1638171797000,\"isEdit\":\"1\",\"tableId\":1,\"pk\":false,\"columnName\":\"userid\"},{\"capJavaField\":\"Recordnumber\",\"usableColumn\":false,\"columnId\":2,\"isIncrement\":\"1\",\"increment\":true,\"insert\":true,\"isList\":\"1\",\"dictType\":\"\",\"required\":false,\"superColumn\":false,\"updateBy\":\"\",\"isInsert\":\"1\",\"javaField\":\"recordnumber\",\"htmlType\":\"input\",\"edit\":true,\"query\":true,\"columnComment\":\"记录号\",\"isQuery\":\"1\",\"updateTime\":1638178528000,\"sort\":2,\"list\":true,\"params\":{},\"javaType\":\"Long\",\"queryType\":\"EQ\",\"columnType\":\"int\",\"createBy\":\"admin\",\"isPk\":\"1\",\"createTime\":1638171797000,\"isEdit\":\"1\",\"tableId\":1,\"pk\":true,\"columnName\":\"recordnumber\"},{\"capJavaField\":\"Username\",\"usableColumn\":false,\"columnId\":3,\"isIncrement\":\"0\",\"increment\":false,\"insert\":true,\"isList\":\"1\",\"dictType\":\"\",\"required\":false,\"superColumn\":false,\"updateBy\":\"\",\"isInsert\":\"1\",\"javaField\":\"username\",\"htmlType\":\"input\",\"edit\":true,\"query\":true,\"columnComment\":\"用户名\",\"isQuery\":\"1\",\"updateTime\":1638178528000,\"sort\":3,\"list\":true,\"params\":{},\"javaType\":\"String\",\"queryType\":\"LIKE\",\"columnType\":\"varchar(255)\",\"createBy\":\"admin\",\"isPk\":\"0\",\"createTime\":1638171797000,\"isEdit\":\"1\",\"tableId\":1,\"pk\":false,\"columnName\":\"username\"},{\"capJavaField\":\"Companyid\",\"usableColumn\":false,\"columnId\":4,\"isIncrement\":\"0\",\"increment\":false,\"insert\":true,\"isList\":\"1\",\"dictType\":\"\",\"required\":false,\"superColumn\":false,\"updateBy\":\"\",\"isInsert\":\"1\",\"javaField\":\"companyid\",\"htmlType\":\"input\",\"edit\":true,\"query\":true,\"columnComment\":\"公司id\",\"isQuer', '{\"msg\":\"操作成功\",\"code\":200}', 0, NULL, '2021-11-29 17:35:45');
INSERT INTO `sys_oper_log` VALUES (188, '代码生成', 2, 'com.ruoyi.generator.controller.GenController.editSave()', 'PUT', 1, 'admin', NULL, '/tool/gen', '127.0.0.1', '内网IP', '{\"sub\":false,\"functionAuthor\":\"kooklen\",\"columns\":[{\"capJavaField\":\"Recordnumber\",\"usableColumn\":false,\"columnId\":22,\"isIncrement\":\"1\",\"increment\":true,\"insert\":true,\"isList\":\"1\",\"dictType\":\"\",\"required\":false,\"superColumn\":false,\"updateBy\":\"\",\"isInsert\":\"1\",\"javaField\":\"recordnumber\",\"htmlType\":\"input\",\"edit\":true,\"query\":true,\"isQuery\":\"1\",\"sort\":1,\"list\":true,\"params\":{},\"javaType\":\"Long\",\"queryType\":\"EQ\",\"columnType\":\"int\",\"createBy\":\"admin\",\"isPk\":\"1\",\"createTime\":1638178505000,\"isEdit\":\"1\",\"tableId\":4,\"pk\":true,\"columnName\":\"recordnumber\"},{\"capJavaField\":\"Userid\",\"usableColumn\":false,\"columnId\":23,\"isIncrement\":\"0\",\"increment\":false,\"insert\":true,\"isList\":\"1\",\"dictType\":\"\",\"required\":false,\"superColumn\":false,\"updateBy\":\"\",\"isInsert\":\"1\",\"javaField\":\"userid\",\"htmlType\":\"input\",\"edit\":true,\"query\":true,\"isQuery\":\"1\",\"sort\":2,\"list\":true,\"params\":{},\"javaType\":\"Long\",\"queryType\":\"EQ\",\"columnType\":\"int\",\"createBy\":\"admin\",\"isPk\":\"0\",\"createTime\":1638178505000,\"isEdit\":\"1\",\"tableId\":4,\"pk\":false,\"columnName\":\"userid\"},{\"capJavaField\":\"Username\",\"usableColumn\":false,\"columnId\":24,\"isIncrement\":\"0\",\"increment\":false,\"insert\":true,\"isList\":\"1\",\"dictType\":\"\",\"required\":false,\"superColumn\":false,\"updateBy\":\"\",\"isInsert\":\"1\",\"javaField\":\"username\",\"htmlType\":\"input\",\"edit\":true,\"query\":true,\"isQuery\":\"1\",\"sort\":3,\"list\":true,\"params\":{},\"javaType\":\"String\",\"queryType\":\"LIKE\",\"columnType\":\"varchar(255)\",\"createBy\":\"admin\",\"isPk\":\"0\",\"createTime\":1638178505000,\"isEdit\":\"1\",\"tableId\":4,\"pk\":false,\"columnName\":\"username\"},{\"capJavaField\":\"Companyid\",\"usableColumn\":false,\"columnId\":25,\"isIncrement\":\"0\",\"increment\":false,\"insert\":true,\"isList\":\"1\",\"dictType\":\"\",\"required\":false,\"superColumn\":false,\"updateBy\":\"\",\"isInsert\":\"1\",\"javaField\":\"companyid\",\"htmlType\":\"input\",\"edit\":true,\"query\":true,\"isQuery\":\"1\",\"sort\":4,\"list\":true,\"params\":{},\"javaType\":\"Long\",\"queryType\":\"EQ\",\"columnType\":\"int\",\"createBy\":\"admin\",\"isPk\":\"0\",\"createTime\":1638178505000,\"isEdit\":\"1\",\"tableId\":4,\"p', '{\"msg\":\"操作成功\",\"code\":200}', 0, NULL, '2021-11-29 17:36:15');
INSERT INTO `sys_oper_log` VALUES (189, '代码生成', 8, 'com.ruoyi.generator.controller.GenController.batchGenCode()', 'GET', 1, 'admin', NULL, '/tool/gen/batchGenCode', '127.0.0.1', '内网IP', '{}', NULL, 0, NULL, '2021-11-29 17:36:21');
INSERT INTO `sys_oper_log` VALUES (190, '代码生成', 2, 'com.ruoyi.generator.controller.GenController.editSave()', 'PUT', 1, 'admin', NULL, '/tool/gen', '127.0.0.1', '内网IP', '{\"sub\":false,\"functionAuthor\":\"kooklen\",\"columns\":[{\"capJavaField\":\"Recordnumber\",\"usableColumn\":false,\"columnId\":22,\"isIncrement\":\"1\",\"increment\":true,\"insert\":true,\"isList\":\"1\",\"dictType\":\"\",\"required\":false,\"superColumn\":false,\"updateBy\":\"\",\"isInsert\":\"1\",\"javaField\":\"recordnumber\",\"htmlType\":\"input\",\"edit\":true,\"query\":true,\"isQuery\":\"1\",\"updateTime\":1638178575000,\"sort\":1,\"list\":true,\"params\":{},\"javaType\":\"Long\",\"queryType\":\"EQ\",\"columnType\":\"int\",\"createBy\":\"admin\",\"isPk\":\"1\",\"createTime\":1638178505000,\"isEdit\":\"1\",\"tableId\":4,\"pk\":true,\"columnName\":\"recordnumber\"},{\"capJavaField\":\"Userid\",\"usableColumn\":false,\"columnId\":23,\"isIncrement\":\"0\",\"increment\":false,\"insert\":true,\"isList\":\"1\",\"dictType\":\"\",\"required\":false,\"superColumn\":false,\"updateBy\":\"\",\"isInsert\":\"1\",\"javaField\":\"userid\",\"htmlType\":\"input\",\"edit\":true,\"query\":true,\"isQuery\":\"1\",\"updateTime\":1638178575000,\"sort\":2,\"list\":true,\"params\":{},\"javaType\":\"Long\",\"queryType\":\"EQ\",\"columnType\":\"int\",\"createBy\":\"admin\",\"isPk\":\"0\",\"createTime\":1638178505000,\"isEdit\":\"1\",\"tableId\":4,\"pk\":false,\"columnName\":\"userid\"},{\"capJavaField\":\"Username\",\"usableColumn\":false,\"columnId\":24,\"isIncrement\":\"0\",\"increment\":false,\"insert\":true,\"isList\":\"1\",\"dictType\":\"\",\"required\":false,\"superColumn\":false,\"updateBy\":\"\",\"isInsert\":\"1\",\"javaField\":\"username\",\"htmlType\":\"input\",\"edit\":true,\"query\":true,\"isQuery\":\"1\",\"updateTime\":1638178575000,\"sort\":3,\"list\":true,\"params\":{},\"javaType\":\"String\",\"queryType\":\"LIKE\",\"columnType\":\"varchar(255)\",\"createBy\":\"admin\",\"isPk\":\"0\",\"createTime\":1638178505000,\"isEdit\":\"1\",\"tableId\":4,\"pk\":false,\"columnName\":\"username\"},{\"capJavaField\":\"Companyid\",\"usableColumn\":false,\"columnId\":25,\"isIncrement\":\"0\",\"increment\":false,\"insert\":true,\"isList\":\"1\",\"dictType\":\"\",\"required\":false,\"superColumn\":false,\"updateBy\":\"\",\"isInsert\":\"1\",\"javaField\":\"companyid\",\"htmlType\":\"input\",\"edit\":true,\"query\":true,\"isQuery\":\"1\",\"updateTime\":1638178575000,\"sort\":4,\"list\":true,\"params\":{},\"javaType\":\"Long\",\"queryType\":', '{\"msg\":\"操作成功\",\"code\":200}', 0, NULL, '2021-11-29 17:42:53');
INSERT INTO `sys_oper_log` VALUES (191, '代码生成', 8, 'com.ruoyi.generator.controller.GenController.batchGenCode()', 'GET', 1, 'admin', NULL, '/tool/gen/batchGenCode', '127.0.0.1', '内网IP', '{}', NULL, 0, NULL, '2021-11-29 17:42:56');
INSERT INTO `sys_oper_log` VALUES (192, '代码生成', 8, 'com.ruoyi.generator.controller.GenController.batchGenCode()', 'GET', 1, 'admin', NULL, '/tool/gen/batchGenCode', '127.0.0.1', '内网IP', '{}', NULL, 0, NULL, '2021-11-29 17:47:25');
INSERT INTO `sys_oper_log` VALUES (193, '菜单管理', 3, 'com.ruoyi.web.controller.system.SysMenuController.remove()', 'DELETE', 1, 'admin', NULL, '/system/menu/2051', '127.0.0.1', '内网IP', '{menuId=2051}', '{\"msg\":\"操作成功\",\"code\":200}', 0, NULL, '2021-11-29 17:50:13');
INSERT INTO `sys_oper_log` VALUES (194, '菜单管理', 3, 'com.ruoyi.web.controller.system.SysMenuController.remove()', 'DELETE', 1, 'admin', NULL, '/system/menu/2052', '127.0.0.1', '内网IP', '{menuId=2052}', '{\"msg\":\"操作成功\",\"code\":200}', 0, NULL, '2021-11-29 17:50:14');
INSERT INTO `sys_oper_log` VALUES (195, '菜单管理', 3, 'com.ruoyi.web.controller.system.SysMenuController.remove()', 'DELETE', 1, 'admin', NULL, '/system/menu/2053', '127.0.0.1', '内网IP', '{menuId=2053}', '{\"msg\":\"操作成功\",\"code\":200}', 0, NULL, '2021-11-29 17:50:16');
INSERT INTO `sys_oper_log` VALUES (196, '菜单管理', 3, 'com.ruoyi.web.controller.system.SysMenuController.remove()', 'DELETE', 1, 'admin', NULL, '/system/menu/2054', '127.0.0.1', '内网IP', '{menuId=2054}', '{\"msg\":\"操作成功\",\"code\":200}', 0, NULL, '2021-11-29 17:50:18');
INSERT INTO `sys_oper_log` VALUES (197, '菜单管理', 3, 'com.ruoyi.web.controller.system.SysMenuController.remove()', 'DELETE', 1, 'admin', NULL, '/system/menu/2055', '127.0.0.1', '内网IP', '{menuId=2055}', '{\"msg\":\"操作成功\",\"code\":200}', 0, NULL, '2021-11-29 17:50:19');
INSERT INTO `sys_oper_log` VALUES (198, '菜单管理', 3, 'com.ruoyi.web.controller.system.SysMenuController.remove()', 'DELETE', 1, 'admin', NULL, '/system/menu/2050', '127.0.0.1', '内网IP', '{menuId=2050}', '{\"msg\":\"操作成功\",\"code\":200}', 0, NULL, '2021-11-29 17:50:20');
INSERT INTO `sys_oper_log` VALUES (199, '代码生成', 3, 'com.ruoyi.generator.controller.GenController.remove()', 'DELETE', 1, 'admin', NULL, '/tool/gen/4', '127.0.0.1', '内网IP', '{tableIds=4}', '{\"msg\":\"操作成功\",\"code\":200}', 0, NULL, '2021-11-30 09:23:39');
INSERT INTO `sys_oper_log` VALUES (200, '代码生成', 6, 'com.ruoyi.generator.controller.GenController.importTableSave()', 'POST', 1, 'admin', NULL, '/tool/gen/importTable', '127.0.0.1', '内网IP', 'trigger_record', '{\"msg\":\"操作成功\",\"code\":200}', 0, NULL, '2021-11-30 09:23:55');
INSERT INTO `sys_oper_log` VALUES (201, '代码生成', 2, 'com.ruoyi.generator.controller.GenController.editSave()', 'PUT', 1, 'admin', NULL, '/tool/gen', '127.0.0.1', '内网IP', '{\"sub\":false,\"functionAuthor\":\"ruoyi\",\"columns\":[{\"capJavaField\":\"Recordnumber\",\"usableColumn\":false,\"columnId\":30,\"isIncrement\":\"1\",\"increment\":true,\"insert\":true,\"dictType\":\"\",\"required\":false,\"superColumn\":false,\"updateBy\":\"\",\"isInsert\":\"1\",\"javaField\":\"recordnumber\",\"htmlType\":\"input\",\"edit\":false,\"query\":false,\"sort\":1,\"list\":false,\"params\":{},\"javaType\":\"Long\",\"queryType\":\"EQ\",\"columnType\":\"int\",\"createBy\":\"admin\",\"isPk\":\"1\",\"createTime\":1638235434000,\"tableId\":5,\"pk\":true,\"columnName\":\"recordnumber\"},{\"capJavaField\":\"Userid\",\"usableColumn\":false,\"columnId\":31,\"isIncrement\":\"0\",\"increment\":false,\"insert\":true,\"isList\":\"1\",\"dictType\":\"\",\"required\":false,\"superColumn\":false,\"updateBy\":\"\",\"isInsert\":\"1\",\"javaField\":\"userid\",\"htmlType\":\"input\",\"edit\":true,\"query\":true,\"isQuery\":\"1\",\"sort\":2,\"list\":true,\"params\":{},\"javaType\":\"Long\",\"queryType\":\"EQ\",\"columnType\":\"int\",\"createBy\":\"admin\",\"isPk\":\"0\",\"createTime\":1638235434000,\"isEdit\":\"1\",\"tableId\":5,\"pk\":false,\"columnName\":\"userid\"},{\"capJavaField\":\"Username\",\"usableColumn\":false,\"columnId\":32,\"isIncrement\":\"0\",\"increment\":false,\"insert\":true,\"isList\":\"1\",\"dictType\":\"\",\"required\":false,\"superColumn\":false,\"updateBy\":\"\",\"isInsert\":\"1\",\"javaField\":\"username\",\"htmlType\":\"input\",\"edit\":true,\"query\":true,\"isQuery\":\"1\",\"sort\":3,\"list\":true,\"params\":{},\"javaType\":\"String\",\"queryType\":\"LIKE\",\"columnType\":\"varchar(255)\",\"createBy\":\"admin\",\"isPk\":\"0\",\"createTime\":1638235434000,\"isEdit\":\"1\",\"tableId\":5,\"pk\":false,\"columnName\":\"username\"},{\"capJavaField\":\"Companyid\",\"usableColumn\":false,\"columnId\":33,\"isIncrement\":\"0\",\"increment\":false,\"insert\":true,\"isList\":\"1\",\"dictType\":\"\",\"required\":false,\"superColumn\":false,\"updateBy\":\"\",\"isInsert\":\"1\",\"javaField\":\"companyid\",\"htmlType\":\"input\",\"edit\":true,\"query\":true,\"isQuery\":\"1\",\"sort\":4,\"list\":true,\"params\":{},\"javaType\":\"Long\",\"queryType\":\"EQ\",\"columnType\":\"int\",\"createBy\":\"admin\",\"isPk\":\"0\",\"createTime\":1638235434000,\"isEdit\":\"1\",\"tableId\":5,\"pk\":false,\"columnName\":\"companyid\"},{\"ca', '{\"msg\":\"操作成功\",\"code\":200}', 0, NULL, '2021-11-30 09:24:44');
INSERT INTO `sys_oper_log` VALUES (202, '代码生成', 8, 'com.ruoyi.generator.controller.GenController.batchGenCode()', 'GET', 1, 'admin', NULL, '/tool/gen/batchGenCode', '127.0.0.1', '内网IP', '{}', NULL, 0, NULL, '2021-11-30 09:24:49');
INSERT INTO `sys_oper_log` VALUES (203, '菜单管理', 2, 'com.ruoyi.web.controller.system.SysMenuController.edit()', 'PUT', 1, 'admin', NULL, '/system/menu', '127.0.0.1', '内网IP', '{\"visible\":\"0\",\"icon\":\"#\",\"orderNum\":\"1\",\"menuName\":\"预警触发记录\",\"params\":{},\"parentId\":2000,\"isCache\":\"0\",\"path\":\"triggerRecord\",\"component\":\"triggerRecord/triggerRecord/index\",\"children\":[],\"createTime\":1638235766000,\"updateBy\":\"admin\",\"isFrame\":\"1\",\"menuId\":2056,\"menuType\":\"C\",\"perms\":\"triggerRecord:triggerRecord:list\",\"status\":\"0\"}', '{\"msg\":\"操作成功\",\"code\":200}', 0, NULL, '2021-11-30 09:35:41');
INSERT INTO `sys_oper_log` VALUES (204, '代码生成', 2, 'com.ruoyi.generator.controller.GenController.synchDb()', 'GET', 1, 'admin', NULL, '/tool/gen/synchDb/trigger_record', '127.0.0.1', '内网IP', '{tableName=trigger_record}', '{\"msg\":\"操作成功\",\"code\":200}', 0, NULL, '2021-11-30 09:42:16');
INSERT INTO `sys_oper_log` VALUES (205, '代码生成', 2, 'com.ruoyi.generator.controller.GenController.editSave()', 'PUT', 1, 'admin', NULL, '/tool/gen', '127.0.0.1', '内网IP', '{\"sub\":false,\"functionAuthor\":\"kooklen\",\"columns\":[{\"capJavaField\":\"Recordnumber\",\"usableColumn\":false,\"columnId\":30,\"isIncrement\":\"1\",\"increment\":true,\"insert\":true,\"isList\":\"1\",\"dictType\":\"\",\"required\":false,\"superColumn\":false,\"updateBy\":\"\",\"isInsert\":\"1\",\"javaField\":\"recordnumber\",\"htmlType\":\"input\",\"edit\":true,\"query\":true,\"isQuery\":\"1\",\"updateTime\":1638235484000,\"sort\":1,\"list\":true,\"params\":{},\"javaType\":\"Long\",\"queryType\":\"EQ\",\"columnType\":\"int\",\"createBy\":\"admin\",\"isPk\":\"1\",\"createTime\":1638235434000,\"isEdit\":\"1\",\"tableId\":5,\"pk\":true,\"columnName\":\"recordnumber\"},{\"capJavaField\":\"Userid\",\"usableColumn\":false,\"columnId\":31,\"isIncrement\":\"0\",\"increment\":false,\"insert\":true,\"isList\":\"1\",\"dictType\":\"\",\"required\":false,\"superColumn\":false,\"updateBy\":\"\",\"isInsert\":\"1\",\"javaField\":\"userid\",\"htmlType\":\"input\",\"edit\":true,\"query\":true,\"isQuery\":\"1\",\"updateTime\":1638235484000,\"sort\":2,\"list\":true,\"params\":{},\"javaType\":\"Long\",\"queryType\":\"EQ\",\"columnType\":\"int\",\"createBy\":\"admin\",\"isPk\":\"0\",\"createTime\":1638235434000,\"isEdit\":\"1\",\"tableId\":5,\"pk\":false,\"columnName\":\"userid\"},{\"capJavaField\":\"Username\",\"usableColumn\":false,\"columnId\":32,\"isIncrement\":\"0\",\"increment\":false,\"insert\":true,\"isList\":\"1\",\"dictType\":\"\",\"required\":false,\"superColumn\":false,\"updateBy\":\"\",\"isInsert\":\"1\",\"javaField\":\"username\",\"htmlType\":\"input\",\"edit\":true,\"query\":true,\"isQuery\":\"1\",\"updateTime\":1638235484000,\"sort\":3,\"list\":true,\"params\":{},\"javaType\":\"String\",\"queryType\":\"LIKE\",\"columnType\":\"varchar(255)\",\"createBy\":\"admin\",\"isPk\":\"0\",\"createTime\":1638235434000,\"isEdit\":\"1\",\"tableId\":5,\"pk\":false,\"columnName\":\"username\"},{\"capJavaField\":\"Companyid\",\"usableColumn\":false,\"columnId\":33,\"isIncrement\":\"0\",\"increment\":false,\"insert\":true,\"isList\":\"1\",\"dictType\":\"\",\"required\":false,\"superColumn\":false,\"updateBy\":\"\",\"isInsert\":\"1\",\"javaField\":\"companyid\",\"htmlType\":\"input\",\"edit\":true,\"query\":true,\"isQuery\":\"1\",\"updateTime\":1638235484000,\"sort\":4,\"list\":true,\"params\":{},\"javaType\":\"Long\",\"queryType\":', '{\"msg\":\"操作成功\",\"code\":200}', 0, NULL, '2021-11-30 09:42:58');
INSERT INTO `sys_oper_log` VALUES (206, '代码生成', 8, 'com.ruoyi.generator.controller.GenController.batchGenCode()', 'GET', 1, 'admin', NULL, '/tool/gen/batchGenCode', '127.0.0.1', '内网IP', '{}', NULL, 0, NULL, '2021-11-30 09:43:21');
INSERT INTO `sys_oper_log` VALUES (207, '菜单管理', 3, 'com.ruoyi.web.controller.system.SysMenuController.remove()', 'DELETE', 1, 'admin', NULL, '/system/menu/2056', '127.0.0.1', '内网IP', '{menuId=2056}', '{\"msg\":\"存在子菜单,不允许删除\",\"code\":500}', 0, NULL, '2021-11-30 09:45:24');
INSERT INTO `sys_oper_log` VALUES (208, '菜单管理', 3, 'com.ruoyi.web.controller.system.SysMenuController.remove()', 'DELETE', 1, 'admin', NULL, '/system/menu/2057', '127.0.0.1', '内网IP', '{menuId=2057}', '{\"msg\":\"操作成功\",\"code\":200}', 0, NULL, '2021-11-30 09:45:26');
INSERT INTO `sys_oper_log` VALUES (209, '菜单管理', 3, 'com.ruoyi.web.controller.system.SysMenuController.remove()', 'DELETE', 1, 'admin', NULL, '/system/menu/2058', '127.0.0.1', '内网IP', '{menuId=2058}', '{\"msg\":\"操作成功\",\"code\":200}', 0, NULL, '2021-11-30 09:45:28');
INSERT INTO `sys_oper_log` VALUES (210, '菜单管理', 3, 'com.ruoyi.web.controller.system.SysMenuController.remove()', 'DELETE', 1, 'admin', NULL, '/system/menu/2059', '127.0.0.1', '内网IP', '{menuId=2059}', '{\"msg\":\"操作成功\",\"code\":200}', 0, NULL, '2021-11-30 09:45:30');
INSERT INTO `sys_oper_log` VALUES (211, '菜单管理', 3, 'com.ruoyi.web.controller.system.SysMenuController.remove()', 'DELETE', 1, 'admin', NULL, '/system/menu/2060', '127.0.0.1', '内网IP', '{menuId=2060}', '{\"msg\":\"操作成功\",\"code\":200}', 0, NULL, '2021-11-30 09:45:31');
INSERT INTO `sys_oper_log` VALUES (212, '菜单管理', 3, 'com.ruoyi.web.controller.system.SysMenuController.remove()', 'DELETE', 1, 'admin', NULL, '/system/menu/2061', '127.0.0.1', '内网IP', '{menuId=2061}', '{\"msg\":\"操作成功\",\"code\":200}', 0, NULL, '2021-11-30 09:45:32');
INSERT INTO `sys_oper_log` VALUES (213, '菜单管理', 3, 'com.ruoyi.web.controller.system.SysMenuController.remove()', 'DELETE', 1, 'admin', NULL, '/system/menu/2056', '127.0.0.1', '内网IP', '{menuId=2056}', '{\"msg\":\"操作成功\",\"code\":200}', 0, NULL, '2021-11-30 09:45:34');
INSERT INTO `sys_oper_log` VALUES (214, '代码生成', 2, 'com.ruoyi.generator.controller.GenController.editSave()', 'PUT', 1, 'admin', NULL, '/tool/gen', '127.0.0.1', '内网IP', '{\"sub\":false,\"functionAuthor\":\"kooklen\",\"columns\":[{\"capJavaField\":\"Recordnumber\",\"usableColumn\":false,\"columnId\":30,\"isIncrement\":\"1\",\"increment\":true,\"insert\":true,\"isList\":\"1\",\"dictType\":\"\",\"required\":false,\"superColumn\":false,\"updateBy\":\"\",\"isInsert\":\"1\",\"javaField\":\"recordnumber\",\"htmlType\":\"input\",\"edit\":true,\"query\":true,\"columnComment\":\"记录号\",\"isQuery\":\"1\",\"updateTime\":1638236578000,\"sort\":1,\"list\":true,\"params\":{},\"javaType\":\"Long\",\"queryType\":\"EQ\",\"columnType\":\"int\",\"createBy\":\"admin\",\"isPk\":\"1\",\"createTime\":1638235434000,\"isEdit\":\"1\",\"tableId\":5,\"pk\":true,\"columnName\":\"recordnumber\"},{\"capJavaField\":\"Userid\",\"usableColumn\":false,\"columnId\":31,\"isIncrement\":\"0\",\"increment\":false,\"insert\":true,\"isList\":\"1\",\"dictType\":\"\",\"required\":false,\"superColumn\":false,\"updateBy\":\"\",\"isInsert\":\"1\",\"javaField\":\"userid\",\"htmlType\":\"input\",\"edit\":true,\"query\":true,\"columnComment\":\"用户id\",\"isQuery\":\"1\",\"updateTime\":1638236578000,\"sort\":2,\"list\":true,\"params\":{},\"javaType\":\"Long\",\"queryType\":\"EQ\",\"columnType\":\"int\",\"createBy\":\"admin\",\"isPk\":\"0\",\"createTime\":1638235434000,\"isEdit\":\"1\",\"tableId\":5,\"pk\":false,\"columnName\":\"userid\"},{\"capJavaField\":\"Username\",\"usableColumn\":false,\"columnId\":32,\"isIncrement\":\"0\",\"increment\":false,\"insert\":true,\"isList\":\"1\",\"dictType\":\"\",\"required\":false,\"superColumn\":false,\"updateBy\":\"\",\"isInsert\":\"1\",\"javaField\":\"username\",\"htmlType\":\"input\",\"edit\":true,\"query\":true,\"columnComment\":\"用户名\",\"isQuery\":\"1\",\"updateTime\":1638236578000,\"sort\":3,\"list\":true,\"params\":{},\"javaType\":\"String\",\"queryType\":\"LIKE\",\"columnType\":\"varchar(255)\",\"createBy\":\"admin\",\"isPk\":\"0\",\"createTime\":1638235434000,\"isEdit\":\"1\",\"tableId\":5,\"pk\":false,\"columnName\":\"username\"},{\"capJavaField\":\"Companyid\",\"usableColumn\":false,\"columnId\":33,\"isIncrement\":\"0\",\"increment\":false,\"insert\":true,\"isList\":\"1\",\"dictType\":\"\",\"required\":false,\"superColumn\":false,\"updateBy\":\"\",\"isInsert\":\"1\",\"javaField\":\"companyid\",\"htmlType\":\"input\",\"edit\":true,\"query\":true,\"columnComment\":\"公司id\",\"isQuery\":\"1\",', '{\"msg\":\"操作成功\",\"code\":200}', 0, NULL, '2021-11-30 09:52:28');
INSERT INTO `sys_oper_log` VALUES (215, '代码生成', 8, 'com.ruoyi.generator.controller.GenController.batchGenCode()', 'GET', 1, 'admin', NULL, '/tool/gen/batchGenCode', '127.0.0.1', '内网IP', '{}', NULL, 0, NULL, '2021-11-30 09:52:32');
INSERT INTO `sys_oper_log` VALUES (216, '菜单管理', 1, 'com.ruoyi.web.controller.system.SysMenuController.add()', 'POST', 1, 'admin', NULL, '/system/menu', '127.0.0.1', '内网IP', '{\"visible\":\"0\",\"icon\":\"404\",\"orderNum\":\"2\",\"menuName\":\"贷后预警监控\",\"params\":{},\"parentId\":0,\"isCache\":\"0\",\"path\":\"user/monitor\",\"createBy\":\"admin\",\"children\":[],\"isFrame\":\"1\",\"menuType\":\"M\",\"status\":\"0\"}', '{\"msg\":\"操作成功\",\"code\":200}', 0, NULL, '2021-11-30 10:05:53');
INSERT INTO `sys_oper_log` VALUES (217, '菜单管理', 2, 'com.ruoyi.web.controller.system.SysMenuController.edit()', 'PUT', 1, 'admin', NULL, '/system/menu', '127.0.0.1', '内网IP', '{\"visible\":\"0\",\"query\":\"\",\"icon\":\"monitor\",\"orderNum\":\"5\",\"menuName\":\"系统监控\",\"params\":{},\"parentId\":0,\"isCache\":\"0\",\"path\":\"monitor\",\"children\":[],\"createTime\":1638153524000,\"updateBy\":\"admin\",\"isFrame\":\"1\",\"menuId\":2,\"menuType\":\"M\",\"perms\":\"\",\"status\":\"0\"}', '{\"msg\":\"操作成功\",\"code\":200}', 0, NULL, '2021-11-30 10:06:03');
INSERT INTO `sys_oper_log` VALUES (218, '菜单管理', 2, 'com.ruoyi.web.controller.system.SysMenuController.edit()', 'PUT', 1, 'admin', NULL, '/system/menu', '127.0.0.1', '内网IP', '{\"visible\":\"0\",\"icon\":\"#\",\"orderNum\":\"1\",\"menuName\":\"预警触发记录\",\"params\":{},\"parentId\":2068,\"isCache\":\"0\",\"path\":\"userTriggerRecord\",\"component\":\"userTriggerRecord/userTriggerRecord/index\",\"children\":[],\"createTime\":1638236803000,\"updateBy\":\"admin\",\"isFrame\":\"1\",\"menuId\":2062,\"menuType\":\"C\",\"perms\":\"userTriggerRecord:userTriggerRecord:list\",\"status\":\"0\"}', '{\"msg\":\"操作成功\",\"code\":200}', 0, NULL, '2021-11-30 10:06:35');
INSERT INTO `sys_oper_log` VALUES (219, '代码生成', 6, 'com.ruoyi.generator.controller.GenController.importTableSave()', 'POST', 1, 'admin', NULL, '/tool/gen/importTable', '127.0.0.1', '内网IP', 'user_monitor_company', '{\"msg\":\"操作成功\",\"code\":200}', 0, NULL, '2021-11-30 10:07:25');
INSERT INTO `sys_oper_log` VALUES (220, '代码生成', 2, 'com.ruoyi.generator.controller.GenController.editSave()', 'PUT', 1, 'admin', NULL, '/tool/gen', '127.0.0.1', '内网IP', '{\"sub\":false,\"functionAuthor\":\"kooklen\",\"columns\":[{\"capJavaField\":\"Userid\",\"usableColumn\":false,\"columnId\":38,\"isIncrement\":\"0\",\"increment\":false,\"insert\":true,\"isList\":\"1\",\"dictType\":\"\",\"required\":false,\"superColumn\":false,\"updateBy\":\"\",\"isInsert\":\"1\",\"javaField\":\"userid\",\"htmlType\":\"input\",\"edit\":true,\"query\":true,\"columnComment\":\"用户id\",\"isQuery\":\"1\",\"sort\":1,\"list\":true,\"params\":{},\"javaType\":\"Long\",\"queryType\":\"EQ\",\"columnType\":\"int\",\"createBy\":\"admin\",\"isPk\":\"0\",\"createTime\":1638238045000,\"isEdit\":\"1\",\"tableId\":6,\"pk\":false,\"columnName\":\"userid\"},{\"capJavaField\":\"Username\",\"usableColumn\":false,\"columnId\":39,\"isIncrement\":\"0\",\"increment\":false,\"insert\":true,\"isList\":\"1\",\"dictType\":\"\",\"required\":false,\"superColumn\":false,\"updateBy\":\"\",\"isInsert\":\"1\",\"javaField\":\"username\",\"htmlType\":\"input\",\"edit\":true,\"query\":true,\"columnComment\":\"用户名\",\"isQuery\":\"1\",\"sort\":2,\"list\":true,\"params\":{},\"javaType\":\"String\",\"queryType\":\"LIKE\",\"columnType\":\"varchar(255)\",\"createBy\":\"admin\",\"isPk\":\"0\",\"createTime\":1638238045000,\"isEdit\":\"1\",\"tableId\":6,\"pk\":false,\"columnName\":\"username\"},{\"capJavaField\":\"Companyid\",\"usableColumn\":false,\"columnId\":40,\"isIncrement\":\"0\",\"increment\":false,\"insert\":true,\"isList\":\"1\",\"dictType\":\"\",\"required\":false,\"superColumn\":false,\"updateBy\":\"\",\"isInsert\":\"1\",\"javaField\":\"companyid\",\"htmlType\":\"input\",\"edit\":true,\"query\":true,\"columnComment\":\"公司id\",\"isQuery\":\"1\",\"sort\":3,\"list\":true,\"params\":{},\"javaType\":\"Long\",\"queryType\":\"EQ\",\"columnType\":\"int\",\"createBy\":\"admin\",\"isPk\":\"0\",\"createTime\":1638238045000,\"isEdit\":\"1\",\"tableId\":6,\"pk\":false,\"columnName\":\"companyid\"},{\"capJavaField\":\"Recordnumber\",\"usableColumn\":false,\"columnId\":41,\"isIncrement\":\"1\",\"increment\":true,\"insert\":true,\"dictType\":\"\",\"required\":false,\"superColumn\":false,\"updateBy\":\"\",\"isInsert\":\"1\",\"javaField\":\"recordnumber\",\"htmlType\":\"input\",\"edit\":false,\"query\":true,\"columnComment\":\"记录号\",\"isQuery\":\"1\",\"sort\":4,\"list\":false,\"params\":{},\"javaType\":\"Long\",\"queryType\":\"EQ\",\"columnType\":\"int\",\"create', '{\"msg\":\"操作成功\",\"code\":200}', 0, NULL, '2021-11-30 10:10:14');
INSERT INTO `sys_oper_log` VALUES (221, '代码生成', 8, 'com.ruoyi.generator.controller.GenController.batchGenCode()', 'GET', 1, 'admin', NULL, '/tool/gen/batchGenCode', '127.0.0.1', '内网IP', '{}', NULL, 0, NULL, '2021-11-30 10:10:59');
INSERT INTO `sys_oper_log` VALUES (222, '菜单管理', 3, 'com.ruoyi.web.controller.system.SysMenuController.remove()', 'DELETE', 1, 'admin', NULL, '/system/menu/2076', '127.0.0.1', '内网IP', '{menuId=2076}', '{\"msg\":\"操作成功\",\"code\":200}', 0, NULL, '2021-11-30 10:15:34');
INSERT INTO `sys_oper_log` VALUES (223, '菜单管理', 3, 'com.ruoyi.web.controller.system.SysMenuController.remove()', 'DELETE', 1, 'admin', NULL, '/system/menu/2077', '127.0.0.1', '内网IP', '{menuId=2077}', '{\"msg\":\"操作成功\",\"code\":200}', 0, NULL, '2021-11-30 10:15:36');
INSERT INTO `sys_oper_log` VALUES (224, '菜单管理', 3, 'com.ruoyi.web.controller.system.SysMenuController.remove()', 'DELETE', 1, 'admin', NULL, '/system/menu/2078', '127.0.0.1', '内网IP', '{menuId=2078}', '{\"msg\":\"操作成功\",\"code\":200}', 0, NULL, '2021-11-30 10:15:37');
INSERT INTO `sys_oper_log` VALUES (225, '菜单管理', 3, 'com.ruoyi.web.controller.system.SysMenuController.remove()', 'DELETE', 1, 'admin', NULL, '/system/menu/2079', '127.0.0.1', '内网IP', '{menuId=2079}', '{\"msg\":\"操作成功\",\"code\":200}', 0, NULL, '2021-11-30 10:15:39');
INSERT INTO `sys_oper_log` VALUES (226, '菜单管理', 3, 'com.ruoyi.web.controller.system.SysMenuController.remove()', 'DELETE', 1, 'admin', NULL, '/system/menu/2080', '127.0.0.1', '内网IP', '{menuId=2080}', '{\"msg\":\"操作成功\",\"code\":200}', 0, NULL, '2021-11-30 10:15:41');
INSERT INTO `sys_oper_log` VALUES (227, '菜单管理', 3, 'com.ruoyi.web.controller.system.SysMenuController.remove()', 'DELETE', 1, 'admin', NULL, '/system/menu/2075', '127.0.0.1', '内网IP', '{menuId=2075}', '{\"msg\":\"操作成功\",\"code\":200}', 0, NULL, '2021-11-30 10:15:44');
INSERT INTO `sys_oper_log` VALUES (228, '菜单管理', 2, 'com.ruoyi.web.controller.system.SysMenuController.edit()', 'PUT', 1, 'admin', NULL, '/system/menu', '127.0.0.1', '内网IP', '{\"visible\":\"0\",\"icon\":\"#\",\"orderNum\":\"1\",\"menuName\":\"用户监控列表\",\"params\":{},\"parentId\":2068,\"isCache\":\"0\",\"path\":\"userMonitorCompany\",\"component\":\"userMonitorCompany/userMonitorCompany/index\",\"children\":[],\"createTime\":1638238318000,\"updateBy\":\"admin\",\"isFrame\":\"1\",\"menuId\":2069,\"menuType\":\"C\",\"perms\":\"userMonitorCompany:userMonitorCompany:list\",\"status\":\"0\"}', '{\"msg\":\"操作成功\",\"code\":200}', 0, NULL, '2021-11-30 10:16:01');
INSERT INTO `sys_oper_log` VALUES (229, '用户头像', 2, 'com.ruoyi.web.controller.system.SysProfileController.avatar()', 'POST', 1, 'admin', NULL, '/system/user/profile/avatar', '192.168.1.105', '内网IP', '', '{\"msg\":\"操作成功\",\"imgUrl\":\"/profile/avatar/2021/11/30/da2ade01-aca7-4121-b08c-55c386da3e17.jpeg\",\"code\":200}', 0, NULL, '2021-11-30 10:27:27');
INSERT INTO `sys_oper_log` VALUES (230, '个人信息', 2, 'com.ruoyi.web.controller.system.SysProfileController.updateProfile()', 'PUT', 1, 'admin', NULL, '/system/user/profile', '192.168.1.105', '内网IP', '{\"roles\":[{\"flag\":false,\"roleId\":1,\"admin\":true,\"dataScope\":\"1\",\"params\":{},\"roleSort\":\"1\",\"deptCheckStrictly\":false,\"menuCheckStrictly\":false,\"roleKey\":\"admin\",\"roleName\":\"超级管理员\",\"status\":\"0\"}],\"phonenumber\":\"13800138000\",\"admin\":true,\"loginDate\":1638239133000,\"remark\":\"管理员\",\"delFlag\":\"0\",\"loginIp\":\"192.168.1.111\",\"email\":\"ry@163.com\",\"nickName\":\"广州奇越网联\",\"sex\":\"1\",\"deptId\":103,\"avatar\":\"\",\"dept\":{\"deptName\":\"研发部门\",\"leader\":\"若依\",\"deptId\":103,\"orderNum\":\"1\",\"params\":{},\"parentId\":101,\"children\":[],\"status\":\"0\"},\"params\":{},\"userName\":\"admin\",\"userId\":1,\"createBy\":\"admin\",\"createTime\":1638153524000,\"status\":\"0\"}', '{\"msg\":\"操作成功\",\"code\":200}', 0, NULL, '2021-11-30 10:27:56');
INSERT INTO `sys_oper_log` VALUES (231, 'userMonitorCompany', 1, 'com.ruoyi.test.controller.userMonitorCompanyController.add()', 'POST', 1, 'admin', NULL, '/userMonitorCompany/userMonitorCompany', '192.168.1.101', '内网IP', '{\"params\":{},\"recordnumber\":2,\"userid\":11,\"companyid\":11,\"monitortime\":1635868800000,\"companyname\":\"11\",\"username\":\"11\"}', '{\"msg\":\"操作成功\",\"code\":200}', 0, NULL, '2021-11-30 10:36:39');
INSERT INTO `sys_oper_log` VALUES (232, 'userMonitorCompany', 3, 'com.ruoyi.test.controller.userMonitorCompanyController.remove()', 'DELETE', 1, 'admin', NULL, '/userMonitorCompany/userMonitorCompany/2', '192.168.1.101', '内网IP', '{recordnumbers=2}', '{\"msg\":\"操作成功\",\"code\":200}', 0, NULL, '2021-11-30 10:36:44');
INSERT INTO `sys_oper_log` VALUES (233, '菜单管理', 1, 'com.ruoyi.web.controller.system.SysMenuController.add()', 'POST', 1, 'admin', NULL, '/system/menu', '127.0.0.1', '内网IP', '{\"visible\":\"0\",\"icon\":\"user\",\"orderNum\":\"0\",\"menuName\":\"用户管理\",\"params\":{},\"parentId\":0,\"isCache\":\"0\",\"path\":\"user\",\"createBy\":\"admin\",\"children\":[],\"isFrame\":\"1\",\"menuType\":\"M\",\"status\":\"0\"}', '{\"msg\":\"操作成功\",\"code\":200}', 0, NULL, '2021-11-30 10:48:52');
INSERT INTO `sys_oper_log` VALUES (234, '代码生成', 6, 'com.ruoyi.generator.controller.GenController.importTableSave()', 'POST', 1, 'admin', NULL, '/tool/gen/importTable', '127.0.0.1', '内网IP', 'user_account_management', '{\"msg\":\"操作成功\",\"code\":200}', 0, NULL, '2021-11-30 11:00:39');
INSERT INTO `sys_oper_log` VALUES (235, '代码生成', 2, 'com.ruoyi.generator.controller.GenController.editSave()', 'PUT', 1, 'admin', NULL, '/tool/gen', '127.0.0.1', '内网IP', '{\"sub\":false,\"functionAuthor\":\"kooklen\",\"columns\":[{\"capJavaField\":\"Userid\",\"usableColumn\":false,\"columnId\":44,\"isIncrement\":\"1\",\"increment\":true,\"insert\":false,\"isList\":\"1\",\"dictType\":\"\",\"required\":false,\"superColumn\":false,\"updateBy\":\"\",\"javaField\":\"userid\",\"htmlType\":\"input\",\"edit\":false,\"query\":true,\"isQuery\":\"1\",\"sort\":1,\"list\":true,\"params\":{},\"javaType\":\"Long\",\"queryType\":\"EQ\",\"columnType\":\"int\",\"createBy\":\"admin\",\"isPk\":\"1\",\"createTime\":1638241239000,\"tableId\":7,\"pk\":true,\"columnName\":\"userid\"},{\"capJavaField\":\"Username\",\"usableColumn\":false,\"columnId\":45,\"isIncrement\":\"0\",\"increment\":false,\"insert\":false,\"isList\":\"1\",\"dictType\":\"\",\"required\":false,\"superColumn\":false,\"updateBy\":\"\",\"javaField\":\"username\",\"htmlType\":\"input\",\"edit\":false,\"query\":true,\"isQuery\":\"1\",\"sort\":2,\"list\":true,\"params\":{},\"javaType\":\"String\",\"queryType\":\"LIKE\",\"columnType\":\"varchar(255)\",\"createBy\":\"admin\",\"isPk\":\"0\",\"createTime\":1638241239000,\"tableId\":7,\"pk\":false,\"columnName\":\"username\"},{\"capJavaField\":\"Region\",\"usableColumn\":false,\"columnId\":46,\"isIncrement\":\"0\",\"increment\":false,\"insert\":false,\"isList\":\"1\",\"dictType\":\"\",\"required\":false,\"superColumn\":false,\"updateBy\":\"\",\"javaField\":\"region\",\"htmlType\":\"input\",\"edit\":false,\"query\":true,\"isQuery\":\"1\",\"sort\":3,\"list\":true,\"params\":{},\"javaType\":\"String\",\"queryType\":\"EQ\",\"columnType\":\"varchar(255)\",\"createBy\":\"admin\",\"isPk\":\"0\",\"createTime\":1638241239000,\"tableId\":7,\"pk\":false,\"columnName\":\"region\"},{\"capJavaField\":\"Createtime\",\"usableColumn\":false,\"columnId\":47,\"isIncrement\":\"0\",\"increment\":false,\"insert\":false,\"isList\":\"1\",\"dictType\":\"\",\"required\":false,\"superColumn\":true,\"updateBy\":\"\",\"javaField\":\"createtime\",\"htmlType\":\"datetime\",\"edit\":false,\"query\":true,\"isQuery\":\"1\",\"sort\":4,\"list\":true,\"params\":{},\"javaType\":\"Date\",\"queryType\":\"EQ\",\"columnType\":\"datetime\",\"createBy\":\"admin\",\"isPk\":\"0\",\"createTime\":1638241239000,\"tableId\":7,\"pk\":false,\"columnName\":\"createtime\"},{\"capJavaField\":\"Expiretime\",\"usableColumn\":false,\"columnId\":48,\"i', '{\"msg\":\"操作成功\",\"code\":200}', 0, NULL, '2021-11-30 11:01:28');
INSERT INTO `sys_oper_log` VALUES (236, '代码生成', 8, 'com.ruoyi.generator.controller.GenController.batchGenCode()', 'GET', 1, 'admin', NULL, '/tool/gen/batchGenCode', '127.0.0.1', '内网IP', '{}', NULL, 0, NULL, '2021-11-30 11:01:40');
INSERT INTO `sys_oper_log` VALUES (237, '代码生成', 8, 'com.ruoyi.generator.controller.GenController.batchGenCode()', 'GET', 1, 'admin', NULL, '/tool/gen/batchGenCode', '127.0.0.1', '内网IP', '{}', NULL, 0, NULL, '2021-11-30 11:15:53');
INSERT INTO `sys_oper_log` VALUES (238, '代码生成', 8, 'com.ruoyi.generator.controller.GenController.batchGenCode()', 'GET', 1, 'admin', NULL, '/tool/gen/batchGenCode', '127.0.0.1', '内网IP', '{}', NULL, 0, NULL, '2021-11-30 11:16:49');
INSERT INTO `sys_oper_log` VALUES (239, '代码生成', 8, 'com.ruoyi.generator.controller.GenController.batchGenCode()', 'GET', 1, 'admin', NULL, '/tool/gen/batchGenCode', '127.0.0.1', '内网IP', '{}', NULL, 0, NULL, '2021-11-30 11:17:31');
INSERT INTO `sys_oper_log` VALUES (240, '代码生成', 8, 'com.ruoyi.generator.controller.GenController.batchGenCode()', 'GET', 1, 'admin', NULL, '/tool/gen/batchGenCode', '127.0.0.1', '内网IP', '{}', NULL, 0, NULL, '2021-11-30 11:17:47');
INSERT INTO `sys_oper_log` VALUES (241, '代码生成', 2, 'com.ruoyi.generator.controller.GenController.synchDb()', 'GET', 1, 'admin', NULL, '/tool/gen/synchDb/user_account_management', '127.0.0.1', '内网IP', '{tableName=user_account_management}', '{\"msg\":\"操作成功\",\"code\":200}', 0, NULL, '2021-11-30 11:21:42');
INSERT INTO `sys_oper_log` VALUES (242, '代码生成', 8, 'com.ruoyi.generator.controller.GenController.batchGenCode()', 'GET', 1, 'admin', NULL, '/tool/gen/batchGenCode', '127.0.0.1', '内网IP', '{}', NULL, 0, NULL, '2021-11-30 11:21:59');
INSERT INTO `sys_oper_log` VALUES (243, '代码生成', 3, 'com.ruoyi.generator.controller.GenController.remove()', 'DELETE', 1, 'admin', NULL, '/tool/gen/7', '127.0.0.1', '内网IP', '{tableIds=7}', '{\"msg\":\"操作成功\",\"code\":200}', 0, NULL, '2021-11-30 11:24:41');
INSERT INTO `sys_oper_log` VALUES (244, '代码生成', 6, 'com.ruoyi.generator.controller.GenController.importTableSave()', 'POST', 1, 'admin', NULL, '/tool/gen/importTable', '127.0.0.1', '内网IP', 'user_account_management', '{\"msg\":\"操作成功\",\"code\":200}', 0, NULL, '2021-11-30 11:24:44');
INSERT INTO `sys_oper_log` VALUES (245, '代码生成', 2, 'com.ruoyi.generator.controller.GenController.editSave()', 'PUT', 1, 'admin', NULL, '/tool/gen', '127.0.0.1', '内网IP', '{\"sub\":false,\"functionAuthor\":\"kooklen\",\"columns\":[{\"capJavaField\":\"Userid\",\"usableColumn\":false,\"columnId\":49,\"isIncrement\":\"1\",\"increment\":true,\"insert\":true,\"isList\":\"1\",\"dictType\":\"\",\"required\":false,\"superColumn\":false,\"updateBy\":\"\",\"isInsert\":\"1\",\"javaField\":\"userid\",\"htmlType\":\"input\",\"edit\":true,\"query\":true,\"columnComment\":\"用户id\",\"isQuery\":\"1\",\"sort\":1,\"list\":true,\"params\":{},\"javaType\":\"Long\",\"queryType\":\"EQ\",\"columnType\":\"int\",\"createBy\":\"admin\",\"isPk\":\"1\",\"createTime\":1638242684000,\"isEdit\":\"1\",\"tableId\":8,\"pk\":true,\"columnName\":\"userid\"},{\"capJavaField\":\"Username\",\"usableColumn\":false,\"columnId\":50,\"isIncrement\":\"0\",\"increment\":false,\"insert\":true,\"isList\":\"1\",\"dictType\":\"\",\"required\":false,\"superColumn\":false,\"updateBy\":\"\",\"isInsert\":\"1\",\"javaField\":\"username\",\"htmlType\":\"input\",\"edit\":true,\"query\":true,\"columnComment\":\"用户名\",\"isQuery\":\"1\",\"sort\":2,\"list\":true,\"params\":{},\"javaType\":\"String\",\"queryType\":\"LIKE\",\"columnType\":\"varchar(255)\",\"createBy\":\"admin\",\"isPk\":\"0\",\"createTime\":1638242684000,\"isEdit\":\"1\",\"tableId\":8,\"pk\":false,\"columnName\":\"username\"},{\"capJavaField\":\"Region\",\"usableColumn\":false,\"columnId\":51,\"isIncrement\":\"0\",\"increment\":false,\"insert\":true,\"isList\":\"1\",\"dictType\":\"\",\"required\":false,\"superColumn\":false,\"updateBy\":\"\",\"isInsert\":\"1\",\"javaField\":\"region\",\"htmlType\":\"input\",\"edit\":true,\"query\":true,\"columnComment\":\"地区\",\"isQuery\":\"1\",\"sort\":3,\"list\":true,\"params\":{},\"javaType\":\"String\",\"queryType\":\"EQ\",\"columnType\":\"varchar(255)\",\"createBy\":\"admin\",\"isPk\":\"0\",\"createTime\":1638242684000,\"isEdit\":\"1\",\"tableId\":8,\"pk\":false,\"columnName\":\"region\"},{\"capJavaField\":\"Createtime\",\"usableColumn\":false,\"columnId\":52,\"isIncrement\":\"0\",\"increment\":false,\"insert\":true,\"isList\":\"1\",\"dictType\":\"\",\"required\":false,\"superColumn\":true,\"updateBy\":\"\",\"isInsert\":\"1\",\"javaField\":\"createtime\",\"htmlType\":\"datetime\",\"edit\":true,\"query\":true,\"columnComment\":\"创建时间\",\"isQuery\":\"1\",\"sort\":4,\"list\":true,\"params\":{},\"javaType\":\"Date\",\"queryType\":\"EQ\",\"columnType\":\"dat', '{\"msg\":\"操作成功\",\"code\":200}', 0, NULL, '2021-11-30 11:25:35');
INSERT INTO `sys_oper_log` VALUES (246, '代码生成', 8, 'com.ruoyi.generator.controller.GenController.batchGenCode()', 'GET', 1, 'admin', NULL, '/tool/gen/batchGenCode', '127.0.0.1', '内网IP', '{}', NULL, 0, NULL, '2021-11-30 11:25:38');
INSERT INTO `sys_oper_log` VALUES (247, '代码生成', 2, 'com.ruoyi.generator.controller.GenController.synchDb()', 'GET', 1, 'admin', NULL, '/tool/gen/synchDb/user_account_management', '127.0.0.1', '内网IP', '{tableName=user_account_management}', '{\"msg\":\"操作成功\",\"code\":200}', 0, NULL, '2021-11-30 11:27:05');
INSERT INTO `sys_oper_log` VALUES (248, '代码生成', 8, 'com.ruoyi.generator.controller.GenController.batchGenCode()', 'GET', 1, 'admin', NULL, '/tool/gen/batchGenCode', '127.0.0.1', '内网IP', '{}', NULL, 0, NULL, '2021-11-30 11:27:10');
INSERT INTO `sys_oper_log` VALUES (249, '代码生成', 2, 'com.ruoyi.generator.controller.GenController.synchDb()', 'GET', 1, 'admin', NULL, '/tool/gen/synchDb/user_account_management', '127.0.0.1', '内网IP', '{tableName=user_account_management}', '{\"msg\":\"操作成功\",\"code\":200}', 0, NULL, '2021-11-30 11:49:19');
INSERT INTO `sys_oper_log` VALUES (250, '代码生成', 8, 'com.ruoyi.generator.controller.GenController.batchGenCode()', 'GET', 1, 'admin', NULL, '/tool/gen/batchGenCode', '127.0.0.1', '内网IP', '{}', NULL, 0, NULL, '2021-11-30 11:49:26');
INSERT INTO `sys_oper_log` VALUES (251, '代码生成', 8, 'com.ruoyi.generator.controller.GenController.batchGenCode()', 'GET', 1, 'admin', NULL, '/tool/gen/batchGenCode', '127.0.0.1', '内网IP', '{}', NULL, 0, NULL, '2021-11-30 11:51:53');
INSERT INTO `sys_oper_log` VALUES (252, '菜单管理', 2, 'com.ruoyi.web.controller.system.SysMenuController.edit()', 'PUT', 1, 'admin', NULL, '/system/menu', '127.0.0.1', '内网IP', '{\"visible\":\"0\",\"icon\":\"#\",\"orderNum\":\"1\",\"menuName\":\"账户管理\",\"params\":{},\"parentId\":2081,\"isCache\":\"0\",\"path\":\"userAccountManagement\",\"component\":\"userAccountManagement/userAccountManagement/index\",\"children\":[],\"createTime\":1638241537000,\"updateBy\":\"admin\",\"isFrame\":\"1\",\"menuId\":2082,\"menuType\":\"C\",\"perms\":\"userAccountManagement:userAccountManagement:list\",\"status\":\"0\"}', '{\"msg\":\"操作成功\",\"code\":200}', 0, NULL, '2021-11-30 11:53:24');
INSERT INTO `sys_oper_log` VALUES (253, 'userAccountManagement', 2, 'com.ruoyi.test.controller.userAccountManagementController.edit()', 'PUT', 1, 'admin', NULL, '/userAccountManagement/userAccountManagement', '127.0.0.1', '内网IP', '{\"expiretime\":1669737600000,\"createtime\":1638201600000,\"params\":{},\"region\":\"广东江门\",\"userid\":81456,\"username\":\"江门工商行\"}', '{\"msg\":\"操作成功\",\"code\":200}', 0, NULL, '2021-11-30 11:54:03');
INSERT INTO `sys_oper_log` VALUES (254, '代码生成', 2, 'com.ruoyi.generator.controller.GenController.synchDb()', 'GET', 1, 'admin', NULL, '/tool/gen/synchDb/user_account_management', '127.0.0.1', '内网IP', '{tableName=user_account_management}', '{\"msg\":\"操作成功\",\"code\":200}', 0, NULL, '2021-11-30 12:06:16');
INSERT INTO `sys_oper_log` VALUES (255, '代码生成', 8, 'com.ruoyi.generator.controller.GenController.batchGenCode()', 'GET', 1, 'admin', NULL, '/tool/gen/batchGenCode', '127.0.0.1', '内网IP', '{}', NULL, 0, NULL, '2021-11-30 12:06:18');
INSERT INTO `sys_oper_log` VALUES (256, 'userAccountManagement', 2, 'com.ruoyi.test.controller.userAccountManagementController.edit()', 'PUT', 1, 'admin', NULL, '/userAccountManagement/userAccountManagement', '127.0.0.1', '内网IP', '{\"expiretime\":1669737600000,\"createtime\":1638201600000,\"params\":{},\"userid\":81456,\"monitorfunction\":0,\"password\":\"123456\",\"region\":\"广东江门\",\"searchfunction\":0,\"username\":\"江门工商行\"}', '{\"msg\":\"操作成功\",\"code\":200}', 0, NULL, '2021-11-30 14:12:53');
INSERT INTO `sys_oper_log` VALUES (257, 'userAccountManagement', 2, 'com.ruoyi.test.controller.userAccountManagementController.edit()', 'PUT', 1, 'admin', NULL, '/userAccountManagement/userAccountManagement', '127.0.0.1', '内网IP', '{\"expiretime\":1669737600000,\"createtime\":1638201600000,\"params\":{},\"userid\":81456,\"monitorfunction\":1,\"password\":\"123456\",\"region\":\"广东江门\",\"searchfunction\":1,\"username\":\"江门工商行\"}', '{\"msg\":\"操作成功\",\"code\":200}', 0, NULL, '2021-11-30 14:13:35');
INSERT INTO `sys_oper_log` VALUES (258, 'userAccountManagement', 2, 'com.ruoyi.test.controller.userAccountManagementController.edit()', 'PUT', 1, 'admin', NULL, '/userAccountManagement/userAccountManagement', '127.0.0.1', '内网IP', '{\"expiretime\":1669737600000,\"createtime\":1638201600000,\"params\":{},\"userid\":81456,\"monitorfunction\":1,\"password\":\"123456\",\"region\":\"广东江门\",\"searchfunction\":0,\"username\":\"江门工商行\"}', '{\"msg\":\"操作成功\",\"code\":200}', 0, NULL, '2021-11-30 14:17:02');
INSERT INTO `sys_oper_log` VALUES (259, 'userAccountManagement', 2, 'com.ruoyi.test.controller.userAccountManagementController.edit()', 'PUT', 1, 'admin', NULL, '/userAccountManagement/userAccountManagement', '127.0.0.1', '内网IP', '{\"expiretime\":1669737600000,\"createtime\":1638201600000,\"params\":{},\"userid\":81456,\"monitorfunction\":1,\"password\":\"123456\",\"region\":\"广东江门\",\"searchfunction\":1,\"username\":\"江门工商行\"}', '{\"msg\":\"操作成功\",\"code\":200}', 0, NULL, '2021-11-30 14:19:30');
INSERT INTO `sys_oper_log` VALUES (260, 'userAccountManagement', 5, 'com.ruoyi.test.controller.userAccountManagementController.export()', 'POST', 1, 'admin', NULL, '/userAccountManagement/userAccountManagement/export', '127.0.0.1', '内网IP', '{\"params\":{}}', NULL, 0, NULL, '2021-11-30 14:19:53');
INSERT INTO `sys_oper_log` VALUES (261, 'userAccountManagement', 2, 'com.ruoyi.test.controller.userAccountManagementController.edit()', 'PUT', 1, 'admin', NULL, '/userAccountManagement/userAccountManagement', '192.168.1.101', '内网IP', '{\"expiretime\":1669737600000,\"createtime\":1638201600000,\"params\":{},\"userid\":81456,\"monitorfunction\":1,\"password\":\"123456\",\"region\":\"广东江门\",\"searchfunction\":1,\"username\":\"江门工商行\"}', '{\"msg\":\"操作成功\",\"code\":200}', 0, NULL, '2021-11-30 14:25:21');
INSERT INTO `sys_oper_log` VALUES (262, 'userAccountManagement', 1, 'com.ruoyi.test.controller.userAccountManagementController.add()', 'POST', 1, 'admin', NULL, '/userAccountManagement/userAccountManagement', '192.168.1.101', '内网IP', '{\"expiretime\":1635696000000,\"params\":{},\"monitorfunction\":0,\"password\":\"123\",\"region\":\"312312\",\"searchfunction\":0,\"username\":\"21312\"}', NULL, 1, '\r\n### Error updating database.  Cause: java.sql.SQLException: Field \'userid\' doesn\'t have a default value\r\n### The error may exist in file [C:\\Users\\DELL\\Desktop\\若依\\ruoyi-admin\\target\\classes\\mapper\\userAccountManagement\\userAccountManagementMapper.xml]\r\n### The error may involve com.ruoyi.test.mapper.userAccountManagementMapper.insertuserAccountManagement-Inline\r\n### The error occurred while setting parameters\r\n### SQL: insert into user_account_management          ( username,             region,                          expiretime,             password,             searchfunction,             monitorfunction )           values ( ?,             ?,                          ?,             ?,             ?,             ? )\r\n### Cause: java.sql.SQLException: Field \'userid\' doesn\'t have a default value\n; Field \'userid\' doesn\'t have a default value; nested exception is java.sql.SQLException: Field \'userid\' doesn\'t have a default value', '2021-11-30 14:25:33');
INSERT INTO `sys_oper_log` VALUES (263, 'userAccountManagement', 1, 'com.ruoyi.test.controller.userAccountManagementController.add()', 'POST', 1, 'admin', NULL, '/userAccountManagement/userAccountManagement', '192.168.1.101', '内网IP', '{\"expiretime\":1635696000000,\"params\":{},\"monitorfunction\":0,\"password\":\"123\",\"region\":\"312312\",\"searchfunction\":0,\"username\":\"21312\"}', NULL, 1, '\r\n### Error updating database.  Cause: java.sql.SQLException: Field \'userid\' doesn\'t have a default value\r\n### The error may exist in file [C:\\Users\\DELL\\Desktop\\若依\\ruoyi-admin\\target\\classes\\mapper\\userAccountManagement\\userAccountManagementMapper.xml]\r\n### The error may involve com.ruoyi.test.mapper.userAccountManagementMapper.insertuserAccountManagement-Inline\r\n### The error occurred while setting parameters\r\n### SQL: insert into user_account_management          ( username,             region,                          expiretime,             password,             searchfunction,             monitorfunction )           values ( ?,             ?,                          ?,             ?,             ?,             ? )\r\n### Cause: java.sql.SQLException: Field \'userid\' doesn\'t have a default value\n; Field \'userid\' doesn\'t have a default value; nested exception is java.sql.SQLException: Field \'userid\' doesn\'t have a default value', '2021-11-30 14:25:34');
INSERT INTO `sys_oper_log` VALUES (264, 'userAccountManagement', 1, 'com.ruoyi.test.controller.userAccountManagementController.add()', 'POST', 1, 'admin', NULL, '/userAccountManagement/userAccountManagement', '192.168.1.101', '内网IP', '{\"expiretime\":1635696000000,\"params\":{},\"monitorfunction\":0,\"password\":\"123\",\"region\":\"312312\",\"searchfunction\":0,\"username\":\"21312\"}', NULL, 1, '\r\n### Error updating database.  Cause: java.sql.SQLException: Field \'userid\' doesn\'t have a default value\r\n### The error may exist in file [C:\\Users\\DELL\\Desktop\\若依\\ruoyi-admin\\target\\classes\\mapper\\userAccountManagement\\userAccountManagementMapper.xml]\r\n### The error may involve com.ruoyi.test.mapper.userAccountManagementMapper.insertuserAccountManagement-Inline\r\n### The error occurred while setting parameters\r\n### SQL: insert into user_account_management          ( username,             region,                          expiretime,             password,             searchfunction,             monitorfunction )           values ( ?,             ?,                          ?,             ?,             ?,             ? )\r\n### Cause: java.sql.SQLException: Field \'userid\' doesn\'t have a default value\n; Field \'userid\' doesn\'t have a default value; nested exception is java.sql.SQLException: Field \'userid\' doesn\'t have a default value', '2021-11-30 14:25:34');
INSERT INTO `sys_oper_log` VALUES (265, 'userAccountManagement', 1, 'com.ruoyi.test.controller.userAccountManagementController.add()', 'POST', 1, 'admin', NULL, '/userAccountManagement/userAccountManagement', '192.168.1.101', '内网IP', '{\"expiretime\":1635696000000,\"params\":{},\"monitorfunction\":0,\"password\":\"123\",\"region\":\"312312\",\"searchfunction\":0,\"username\":\"21312\"}', NULL, 1, '\r\n### Error updating database.  Cause: java.sql.SQLException: Field \'userid\' doesn\'t have a default value\r\n### The error may exist in file [C:\\Users\\DELL\\Desktop\\若依\\ruoyi-admin\\target\\classes\\mapper\\userAccountManagement\\userAccountManagementMapper.xml]\r\n### The error may involve com.ruoyi.test.mapper.userAccountManagementMapper.insertuserAccountManagement-Inline\r\n### The error occurred while setting parameters\r\n### SQL: insert into user_account_management          ( username,             region,                          expiretime,             password,             searchfunction,             monitorfunction )           values ( ?,             ?,                          ?,             ?,             ?,             ? )\r\n### Cause: java.sql.SQLException: Field \'userid\' doesn\'t have a default value\n; Field \'userid\' doesn\'t have a default value; nested exception is java.sql.SQLException: Field \'userid\' doesn\'t have a default value', '2021-11-30 14:25:35');
INSERT INTO `sys_oper_log` VALUES (266, 'userAccountManagement', 1, 'com.ruoyi.test.controller.userAccountManagementController.add()', 'POST', 1, 'admin', NULL, '/userAccountManagement/userAccountManagement', '192.168.1.101', '内网IP', '{\"expiretime\":1635696000000,\"params\":{},\"monitorfunction\":0,\"password\":\"123\",\"region\":\"312312\",\"searchfunction\":0,\"username\":\"21312\"}', NULL, 1, '\r\n### Error updating database.  Cause: java.sql.SQLException: Field \'userid\' doesn\'t have a default value\r\n### The error may exist in file [C:\\Users\\DELL\\Desktop\\若依\\ruoyi-admin\\target\\classes\\mapper\\userAccountManagement\\userAccountManagementMapper.xml]\r\n### The error may involve com.ruoyi.test.mapper.userAccountManagementMapper.insertuserAccountManagement-Inline\r\n### The error occurred while setting parameters\r\n### SQL: insert into user_account_management          ( username,             region,                          expiretime,             password,             searchfunction,             monitorfunction )           values ( ?,             ?,                          ?,             ?,             ?,             ? )\r\n### Cause: java.sql.SQLException: Field \'userid\' doesn\'t have a default value\n; Field \'userid\' doesn\'t have a default value; nested exception is java.sql.SQLException: Field \'userid\' doesn\'t have a default value', '2021-11-30 14:25:35');
INSERT INTO `sys_oper_log` VALUES (267, 'userAccountManagement', 1, 'com.ruoyi.test.controller.userAccountManagementController.add()', 'POST', 1, 'admin', NULL, '/userAccountManagement/userAccountManagement', '127.0.0.1', '内网IP', '{\"expiretime\":1636387200000,\"params\":{},\"monitorfunction\":0,\"password\":\"1123345\",\"region\":\"dsadsa\",\"searchfunction\":0,\"username\":\"tres\"}', NULL, 1, '\r\n### Error updating database.  Cause: java.sql.SQLException: Field \'userid\' doesn\'t have a default value\r\n### The error may exist in file [C:\\Users\\DELL\\Desktop\\若依\\ruoyi-admin\\target\\classes\\mapper\\userAccountManagement\\userAccountManagementMapper.xml]\r\n### The error may involve com.ruoyi.test.mapper.userAccountManagementMapper.insertuserAccountManagement-Inline\r\n### The error occurred while setting parameters\r\n### SQL: insert into user_account_management          ( username,             region,                          expiretime,             password,             searchfunction,             monitorfunction )           values ( ?,             ?,                          ?,             ?,             ?,             ? )\r\n### Cause: java.sql.SQLException: Field \'userid\' doesn\'t have a default value\n; Field \'userid\' doesn\'t have a default value; nested exception is java.sql.SQLException: Field \'userid\' doesn\'t have a default value', '2021-11-30 14:27:33');
INSERT INTO `sys_oper_log` VALUES (268, 'userAccountManagement', 2, 'com.ruoyi.test.controller.userAccountManagementController.edit()', 'PUT', 1, 'admin', NULL, '/userAccountManagement/userAccountManagement', '127.0.0.1', '内网IP', '{\"expiretime\":1668009600000,\"createtime\":1637164800000,\"params\":{},\"userid\":12894986,\"monitorfunction\":0,\"password\":\"123456\",\"region\":\"广州市\",\"searchfunction\":0,\"username\":\"test\"}', '{\"msg\":\"操作失败\",\"code\":500}', 0, NULL, '2021-11-30 14:29:30');
INSERT INTO `sys_oper_log` VALUES (269, 'userAccountManagement', 2, 'com.ruoyi.test.controller.userAccountManagementController.edit()', 'PUT', 1, 'admin', NULL, '/userAccountManagement/userAccountManagement', '127.0.0.1', '内网IP', '{\"expiretime\":1668009600000,\"createtime\":1637164800000,\"params\":{},\"userid\":12894986,\"monitorfunction\":0,\"password\":\"123456\",\"region\":\"广州市\",\"searchfunction\":0,\"username\":\"test\"}', '{\"msg\":\"操作失败\",\"code\":500}', 0, NULL, '2021-11-30 14:29:50');
INSERT INTO `sys_oper_log` VALUES (270, 'userAccountManagement', 2, 'com.ruoyi.test.controller.userAccountManagementController.edit()', 'PUT', 1, 'admin', NULL, '/userAccountManagement/userAccountManagement', '127.0.0.1', '内网IP', '{\"expiretime\":1668009600000,\"createtime\":1637164800000,\"params\":{},\"userid\":12894986,\"monitorfunction\":0,\"password\":\"123456\",\"region\":\"广州市\",\"searchfunction\":1,\"username\":\"test\"}', '{\"msg\":\"操作失败\",\"code\":500}', 0, NULL, '2021-11-30 14:29:55');
INSERT INTO `sys_oper_log` VALUES (271, 'userAccountManagement', 2, 'com.ruoyi.test.controller.userAccountManagementController.edit()', 'PUT', 1, 'admin', NULL, '/userAccountManagement/userAccountManagement', '127.0.0.1', '内网IP', '{\"expiretime\":1668009600000,\"createtime\":1637164800000,\"params\":{},\"userid\":12894986,\"monitorfunction\":0,\"password\":\"123456\",\"region\":\"广州市\",\"searchfunction\":1,\"username\":\"test\"}', '{\"msg\":\"操作失败\",\"code\":500}', 0, NULL, '2021-11-30 14:29:59');
INSERT INTO `sys_oper_log` VALUES (272, 'userAccountManagement', 2, 'com.ruoyi.test.controller.userAccountManagementController.edit()', 'PUT', 1, 'admin', NULL, '/userAccountManagement/userAccountManagement', '127.0.0.1', '内网IP', '{\"expiretime\":1669737600000,\"createtime\":1638201600000,\"params\":{},\"userid\":3256556,\"monitorfunction\":1,\"password\":\"181898\",\"region\":\"广东\",\"searchfunction\":1,\"username\":\"test\"}', '{\"msg\":\"操作失败\",\"code\":500}', 0, NULL, '2021-11-30 14:36:16');
INSERT INTO `sys_oper_log` VALUES (273, 'userAccountManagement', 2, 'com.ruoyi.test.controller.userAccountManagementController.edit()', 'PUT', 1, 'admin', NULL, '/userAccountManagement/userAccountManagement', '127.0.0.1', '内网IP', '{\"expiretime\":1669737600000,\"createtime\":1638201600000,\"params\":{},\"userid\":3256556,\"monitorfunction\":1,\"password\":\"181898\",\"region\":\"广东\",\"searchfunction\":1,\"username\":\"test\"}', '{\"msg\":\"操作失败\",\"code\":500}', 0, NULL, '2021-11-30 14:36:40');
INSERT INTO `sys_oper_log` VALUES (274, 'userAccountManagement', 2, 'com.ruoyi.test.controller.userAccountManagementController.edit()', 'PUT', 1, 'admin', NULL, '/userAccountManagement/userAccountManagement', '127.0.0.1', '内网IP', '{\"expiretime\":1669651200000,\"createtime\":1638201600000,\"params\":{},\"userid\":81456,\"monitorfunction\":1,\"password\":\"123456\",\"region\":\"广东江门\",\"searchfunction\":1,\"username\":\"江门工商行\"}', '{\"msg\":\"操作成功\",\"code\":200}', 0, NULL, '2021-11-30 14:37:51');
INSERT INTO `sys_oper_log` VALUES (275, 'userAccountManagement', 2, 'com.ruoyi.test.controller.userAccountManagementController.edit()', 'PUT', 1, 'admin', NULL, '/userAccountManagement/userAccountManagement', '127.0.0.1', '内网IP', '{\"expiretime\":1669651200000,\"createtime\":1638201600000,\"params\":{},\"userid\":81456,\"monitorfunction\":1,\"password\":\"123456\",\"region\":\"广东江门\",\"searchfunction\":0,\"username\":\"江门工商行\"}', '{\"msg\":\"操作成功\",\"code\":200}', 0, NULL, '2021-11-30 14:38:43');
INSERT INTO `sys_oper_log` VALUES (276, 'userAccountManagement', 2, 'com.ruoyi.test.controller.userAccountManagementController.edit()', 'PUT', 1, 'admin', NULL, '/userAccountManagement/userAccountManagement', '127.0.0.1', '内网IP', '{\"expiretime\":1667491200000,\"createtime\":1635955200000,\"params\":{},\"userid\":1891668,\"monitorfunction\":0,\"password\":\"123456\",\"region\":\"浙江\",\"searchfunction\":0,\"username\":\"test\"}', '{\"msg\":\"操作失败\",\"code\":500}', 0, NULL, '2021-11-30 14:39:27');
INSERT INTO `sys_oper_log` VALUES (277, 'userAccountManagement', 2, 'com.ruoyi.test.controller.userAccountManagementController.edit()', 'PUT', 1, 'admin', NULL, '/userAccountManagement/userAccountManagement', '127.0.0.1', '内网IP', '{\"expiretime\":1667491200000,\"createtime\":1635955200000,\"params\":{},\"userid\":1891668,\"monitorfunction\":0,\"password\":\"123456\",\"region\":\"浙江\",\"searchfunction\":0,\"username\":\"test\"}', '{\"msg\":\"操作失败\",\"code\":500}', 0, NULL, '2021-11-30 14:40:18');
INSERT INTO `sys_oper_log` VALUES (278, 'userAccountManagement', 2, 'com.ruoyi.test.controller.userAccountManagementController.edit()', 'PUT', 1, 'admin', NULL, '/userAccountManagement/userAccountManagement', '127.0.0.1', '内网IP', '{\"expiretime\":1636560000000,\"createtime\":1635782400000,\"params\":{},\"userid\":21312312,\"monitorfunction\":0,\"password\":\"123456\",\"region\":\"大苏打撒旦\",\"searchfunction\":0,\"username\":\"大苏打撒旦\"}', '{\"msg\":\"操作失败\",\"code\":500}', 0, NULL, '2021-11-30 14:40:41');
INSERT INTO `sys_oper_log` VALUES (279, 'userAccountManagement', 2, 'com.ruoyi.test.controller.userAccountManagementController.edit()', 'PUT', 1, 'admin', NULL, '/userAccountManagement/userAccountManagement', '127.0.0.1', '内网IP', '{\"expiretime\":1636560000000,\"createtime\":1635782400000,\"params\":{},\"userid\":21312312,\"monitorfunction\":0,\"password\":\"123456\",\"region\":\"大苏打撒旦\",\"searchfunction\":0,\"username\":\"大苏打撒旦\"}', '{\"msg\":\"操作失败\",\"code\":500}', 0, NULL, '2021-11-30 14:40:43');
INSERT INTO `sys_oper_log` VALUES (280, 'userAccountManagement', 2, 'com.ruoyi.test.controller.userAccountManagementController.edit()', 'PUT', 1, 'admin', NULL, '/userAccountManagement/userAccountManagement', '127.0.0.1', '内网IP', '{\"expiretime\":1636560000000,\"createtime\":1635782400000,\"params\":{},\"userid\":21312312,\"monitorfunction\":0,\"password\":\"123456\",\"region\":\"大苏打撒旦\",\"searchfunction\":0,\"username\":\"大苏打撒旦\"}', '{\"msg\":\"操作失败\",\"code\":500}', 0, NULL, '2021-11-30 14:40:57');
INSERT INTO `sys_oper_log` VALUES (281, 'userAccountManagement', 2, 'com.ruoyi.test.controller.userAccountManagementController.edit()', 'PUT', 1, 'admin', NULL, '/userAccountManagement/userAccountManagement', '127.0.0.1', '内网IP', '{\"expiretime\":1636560000000,\"createtime\":1635782400000,\"params\":{},\"userid\":21312312,\"monitorfunction\":0,\"password\":\"123456\",\"region\":\"大苏打撒旦\",\"searchfunction\":0,\"username\":\"大苏打撒旦\"}', '{\"msg\":\"操作失败\",\"code\":500}', 0, NULL, '2021-11-30 14:45:02');
INSERT INTO `sys_oper_log` VALUES (282, 'userAccountManagement', 2, 'com.ruoyi.test.controller.userAccountManagementController.edit()', 'PUT', 1, 'admin', NULL, '/userAccountManagement/userAccountManagement', '127.0.0.1', '内网IP', '{\"expiretime\":1636646400000,\"createtime\":1635868800000,\"params\":{},\"userid\":12321312,\"monitorfunction\":0,\"password\":\"123454\",\"region\":\"test\",\"searchfunction\":1,\"username\":\"test\"}', '{\"msg\":\"操作失败\",\"code\":500}', 0, NULL, '2021-11-30 14:46:18');
INSERT INTO `sys_oper_log` VALUES (283, 'userAccountManagement', 2, 'com.ruoyi.test.controller.userAccountManagementController.edit()', 'PUT', 1, 'admin', NULL, '/userAccountManagement/userAccountManagement', '127.0.0.1', '内网IP', '{\"expiretime\":1636646400000,\"createtime\":1635868800000,\"params\":{},\"userid\":12321312,\"monitorfunction\":0,\"password\":\"123454\",\"region\":\"test\",\"searchfunction\":1,\"username\":\"test\"}', '{\"msg\":\"操作失败\",\"code\":500}', 0, NULL, '2021-11-30 14:46:26');
INSERT INTO `sys_oper_log` VALUES (284, 'userAccountManagement', 2, 'com.ruoyi.test.controller.userAccountManagementController.edit()', 'PUT', 1, 'admin', NULL, '/userAccountManagement/userAccountManagement', '127.0.0.1', '内网IP', '{\"expiretime\":1636646400000,\"createtime\":1635868800000,\"params\":{},\"userid\":12321312,\"monitorfunction\":0,\"password\":\"123454\",\"region\":\"test\",\"searchfunction\":1,\"username\":\"test\"}', '{\"msg\":\"操作失败\",\"code\":500}', 0, NULL, '2021-11-30 14:46:36');
INSERT INTO `sys_oper_log` VALUES (285, 'userAccountManagement', 2, 'com.ruoyi.test.controller.userAccountManagementController.edit()', 'PUT', 1, 'admin', NULL, '/userAccountManagement/userAccountManagement', '127.0.0.1', '内网IP', '{\"expiretime\":1636646400000,\"createtime\":1635868800000,\"params\":{},\"userid\":12321312,\"monitorfunction\":0,\"password\":\"123454\",\"region\":\"test\",\"searchfunction\":1,\"username\":\"test\"}', '{\"msg\":\"操作失败\",\"code\":500}', 0, NULL, '2021-11-30 14:47:37');
INSERT INTO `sys_oper_log` VALUES (286, 'userAccountManagement', 2, 'com.ruoyi.test.controller.userAccountManagementController.edit()', 'PUT', 1, 'admin', NULL, '/userAccountManagement/userAccountManagement', '127.0.0.1', '内网IP', '{\"expiretime\":1636646400000,\"createtime\":1635868800000,\"params\":{},\"userid\":12321312,\"monitorfunction\":0,\"password\":\"123454\",\"region\":\"test\",\"searchfunction\":1,\"username\":\"test\"}', '{\"msg\":\"操作失败\",\"code\":500}', 0, NULL, '2021-11-30 14:49:39');
INSERT INTO `sys_oper_log` VALUES (287, 'userAccountManagement', 2, 'com.ruoyi.test.controller.userAccountManagementController.edit()', 'PUT', 1, 'admin', NULL, '/userAccountManagement/userAccountManagement', '127.0.0.1', '内网IP', '{\"expiretime\":1669651200000,\"createtime\":1638201600000,\"params\":{},\"userid\":81456,\"monitorfunction\":1,\"password\":\"123456\",\"region\":\"广东江门\",\"searchfunction\":0,\"username\":\"江门工商行\"}', '{\"msg\":\"操作成功\",\"code\":200}', 0, NULL, '2021-11-30 14:49:59');
INSERT INTO `sys_oper_log` VALUES (288, '用户搜索记录', 1, 'com.ruoyi.test.controller.UserSearchRecordController.add()', 'POST', 1, 'admin', NULL, '/userSearchRecord/userSearchRecord', '127.0.0.1', '内网IP', '{\"searchtime\":1635955200000,\"params\":{},\"recordnumber\":3,\"userid\":\"21312312\",\"companyid\":2132132,\"companyname\":\"59895\",\"state\":\"1\",\"username\":\"test\"}', '{\"msg\":\"操作成功\",\"code\":200}', 0, NULL, '2021-11-30 14:53:39');
INSERT INTO `sys_oper_log` VALUES (289, 'userAccountManagement', 2, 'com.ruoyi.test.controller.userAccountManagementController.edit()', 'PUT', 1, 'admin', NULL, '/userAccountManagement/userAccountManagement', '127.0.0.1', '内网IP', '{\"expiretime\":1637769600000,\"createtime\":1636560000000,\"params\":{},\"userid\":1223123,\"monitorfunction\":1,\"password\":\"123445\",\"region\":\"澳门\",\"searchfunction\":1,\"username\":\"test\"}', '{\"msg\":\"操作失败\",\"code\":500}', 0, NULL, '2021-11-30 14:54:53');
INSERT INTO `sys_oper_log` VALUES (290, 'userAccountManagement', 2, 'com.ruoyi.test.controller.userAccountManagementController.edit()', 'PUT', 1, 'admin', NULL, '/userAccountManagement/userAccountManagement', '127.0.0.1', '内网IP', '{\"expiretime\":1637769600000,\"createtime\":1636560000000,\"params\":{},\"userid\":1223123,\"monitorfunction\":1,\"password\":\"123445\",\"region\":\"澳门\",\"searchfunction\":1,\"username\":\"test\"}', '{\"msg\":\"操作失败\",\"code\":500}', 0, NULL, '2021-11-30 14:54:58');
INSERT INTO `sys_oper_log` VALUES (291, 'userAccountManagement', 2, 'com.ruoyi.test.controller.userAccountManagementController.edit()', 'PUT', 1, 'admin', NULL, '/userAccountManagement/userAccountManagement', '127.0.0.1', '内网IP', '{\"expiretime\":1637769600000,\"createtime\":1636560000000,\"params\":{},\"userid\":1223123,\"monitorfunction\":1,\"password\":\"123445\",\"region\":\"澳门\",\"searchfunction\":1,\"username\":\"test\"}', '{\"msg\":\"操作失败\",\"code\":500}', 0, NULL, '2021-11-30 14:55:40');
INSERT INTO `sys_oper_log` VALUES (292, 'userAccountManagement', 2, 'com.ruoyi.test.controller.userAccountManagementController.edit()', 'PUT', 1, 'admin', NULL, '/userAccountManagement/userAccountManagement', '127.0.0.1', '内网IP', '{\"expiretime\":1636560000000,\"params\":{},\"userid\":123213,\"monitorfunction\":0,\"password\":\"123456\",\"region\":\"macau\",\"searchfunction\":0,\"username\":\"test\"}', '{\"msg\":\"操作失败\",\"code\":500}', 0, NULL, '2021-11-30 14:58:52');
INSERT INTO `sys_oper_log` VALUES (293, 'userAccountManagement', 2, 'com.ruoyi.test.controller.userAccountManagementController.edit()', 'PUT', 1, 'admin', NULL, '/userAccountManagement/userAccountManagement', '127.0.0.1', '内网IP', '{\"expiretime\":1636560000000,\"params\":{},\"userid\":123213,\"monitorfunction\":0,\"password\":\"123456\",\"region\":\"macau\",\"searchfunction\":0,\"username\":\"test\"}', '{\"msg\":\"操作失败\",\"code\":500}', 0, NULL, '2021-11-30 14:59:02');
INSERT INTO `sys_oper_log` VALUES (294, 'userAccountManagement', 2, 'com.ruoyi.test.controller.userAccountManagementController.edit()', 'PUT', 1, 'admin', NULL, '/userAccountManagement/userAccountManagement', '127.0.0.1', '内网IP', '{\"params\":{},\"userid\":123123,\"monitorfunction\":0,\"password\":\"12123213\",\"region\":\"dasdsa\",\"searchfunction\":1,\"username\":\"21dsadas\"}', '{\"msg\":\"操作失败\",\"code\":500}', 0, NULL, '2021-11-30 14:59:19');
INSERT INTO `sys_oper_log` VALUES (295, 'userAccountManagement', 2, 'com.ruoyi.test.controller.userAccountManagementController.edit()', 'PUT', 1, 'admin', NULL, '/userAccountManagement/userAccountManagement', '127.0.0.1', '内网IP', '{\"params\":{},\"userid\":123123,\"monitorfunction\":0,\"password\":\"12123213\",\"region\":\"dasdsa\",\"searchfunction\":1,\"username\":\"21dsadas\"}', '{\"msg\":\"操作失败\",\"code\":500}', 0, NULL, '2021-11-30 14:59:23');
INSERT INTO `sys_oper_log` VALUES (296, 'userAccountManagement', 2, 'com.ruoyi.test.controller.userAccountManagementController.edit()', 'PUT', 1, 'admin', NULL, '/userAccountManagement/userAccountManagement', '127.0.0.1', '内网IP', '{\"expiretime\":1635955200000,\"createtime\":1635696000000,\"params\":{},\"userid\":12321321,\"monitorfunction\":0,\"password\":\"123455\",\"region\":\"dasdssa\",\"searchfunction\":1,\"username\":\"sdasds\"}', '{\"msg\":\"操作失败\",\"code\":500}', 0, NULL, '2021-11-30 15:01:33');
INSERT INTO `sys_oper_log` VALUES (297, 'userAccountManagement', 2, 'com.ruoyi.test.controller.userAccountManagementController.edit()', 'PUT', 1, 'admin', NULL, '/userAccountManagement/userAccountManagement', '127.0.0.1', '内网IP', '{\"expiretime\":1635955200000,\"createtime\":1635696000000,\"params\":{},\"userid\":12321321,\"monitorfunction\":0,\"password\":\"123455\",\"region\":\"dasdssa\",\"searchfunction\":1,\"username\":\"sdasds\"}', '{\"msg\":\"操作失败\",\"code\":500}', 0, NULL, '2021-11-30 15:01:40');
INSERT INTO `sys_oper_log` VALUES (298, 'userAccountManagement', 2, 'com.ruoyi.test.controller.userAccountManagementController.edit()', 'PUT', 1, 'admin', NULL, '/userAccountManagement/userAccountManagement', '127.0.0.1', '内网IP', '{\"expiretime\":1635955200000,\"createtime\":1635696000000,\"params\":{},\"userid\":12321321,\"monitorfunction\":0,\"password\":\"123455\",\"region\":\"dasdssa\",\"searchfunction\":1,\"username\":\"sdasds\"}', '{\"msg\":\"操作失败\",\"code\":500}', 0, NULL, '2021-11-30 15:05:36');
INSERT INTO `sys_oper_log` VALUES (299, 'userAccountManagement', 2, 'com.ruoyi.test.controller.userAccountManagementController.edit()', 'PUT', 1, 'admin', NULL, '/userAccountManagement/userAccountManagement', '127.0.0.1', '内网IP', '{\"expiretime\":1635955200000,\"createtime\":1635696000000,\"params\":{},\"userid\":12321321,\"monitorfunction\":0,\"password\":\"123455\",\"region\":\"dasdssa\",\"searchfunction\":1,\"username\":\"sdasds\"}', '{\"msg\":\"操作失败\",\"code\":500}', 0, NULL, '2021-11-30 15:06:08');
INSERT INTO `sys_oper_log` VALUES (300, 'userAccountManagement', 2, 'com.ruoyi.test.controller.userAccountManagementController.edit()', 'PUT', 1, 'admin', NULL, '/userAccountManagement/userAccountManagement', '127.0.0.1', '内网IP', '{\"expiretime\":1637164800000,\"createtime\":1635782400000,\"params\":{},\"userid\":2133123,\"monitorfunction\":1,\"password\":\"1232132\",\"region\":\"ddasd\",\"searchfunction\":1,\"username\":\"test\"}', '{\"msg\":\"操作失败\",\"code\":500}', 0, NULL, '2021-11-30 15:08:30');
INSERT INTO `sys_oper_log` VALUES (301, 'userAccountManagement', 2, 'com.ruoyi.test.controller.userAccountManagementController.edit()', 'PUT', 1, 'admin', NULL, '/userAccountManagement/userAccountManagement', '127.0.0.1', '内网IP', '{\"expiretime\":1637164800000,\"createtime\":1635782400000,\"params\":{},\"userid\":2133123,\"monitorfunction\":1,\"password\":\"1232132\",\"region\":\"ddasd\",\"searchfunction\":1,\"username\":\"test\"}', '{\"msg\":\"操作失败\",\"code\":500}', 0, NULL, '2021-11-30 15:10:14');
INSERT INTO `sys_oper_log` VALUES (302, '代码生成', 2, 'com.ruoyi.generator.controller.GenController.synchDb()', 'GET', 1, 'admin', NULL, '/tool/gen/synchDb/user_account_management', '127.0.0.1', '内网IP', '{tableName=user_account_management}', '{\"msg\":\"操作成功\",\"code\":200}', 0, NULL, '2021-11-30 15:11:02');
INSERT INTO `sys_oper_log` VALUES (303, '代码生成', 2, 'com.ruoyi.generator.controller.GenController.synchDb()', 'GET', 1, 'admin', NULL, '/tool/gen/synchDb/user_account_management', '127.0.0.1', '内网IP', '{tableName=user_account_management}', '{\"msg\":\"操作成功\",\"code\":200}', 0, NULL, '2021-11-30 15:12:35');
INSERT INTO `sys_oper_log` VALUES (304, '代码生成', 8, 'com.ruoyi.generator.controller.GenController.batchGenCode()', 'GET', 1, 'admin', NULL, '/tool/gen/batchGenCode', '127.0.0.1', '内网IP', '{}', NULL, 0, NULL, '2021-11-30 15:12:37');
INSERT INTO `sys_oper_log` VALUES (305, 'userAccountManagement', 1, 'com.ruoyi.test.controller.userAccountManagementController.add()', 'POST', 1, 'admin', NULL, '/userAccountManagement/userAccountManagement', '127.0.0.1', '内网IP', '{\"expiretime\":1636473600000,\"params\":{},\"monitorfunction\":1,\"password\":\"1\",\"region\":\"dasd\",\"searchfunction\":1,\"username\":\"test\"}', NULL, 1, '\r\n### Error updating database.  Cause: java.sql.SQLException: Field \'userid\' doesn\'t have a default value\r\n### The error may exist in file [C:\\Users\\DELL\\Desktop\\若依\\ruoyi-admin\\target\\classes\\mapper\\userAccountManagement\\userAccountManagementMapper.xml]\r\n### The error may involve com.ruoyi.test.mapper.userAccountManagementMapper.insertuserAccountManagement-Inline\r\n### The error occurred while setting parameters\r\n### SQL: insert into user_account_management          ( username,             region,                          expiretime,             password,             searchfunction,             monitorfunction )           values ( ?,             ?,                          ?,             ?,             ?,             ? )\r\n### Cause: java.sql.SQLException: Field \'userid\' doesn\'t have a default value\n; Field \'userid\' doesn\'t have a default value; nested exception is java.sql.SQLException: Field \'userid\' doesn\'t have a default value', '2021-11-30 15:18:33');
INSERT INTO `sys_oper_log` VALUES (306, 'userAccountManagement', 2, 'com.ruoyi.test.controller.userAccountManagementController.edit()', 'PUT', 1, 'admin', NULL, '/userAccountManagement/userAccountManagement', '127.0.0.1', '内网IP', '{\"expiretime\":1635955200000,\"createtime\":1635782400000,\"params\":{},\"userid\":123123,\"monitorfunction\":0,\"password\":\"dsadsad\",\"region\":\"ssda\",\"searchfunction\":0,\"username\":\"fsadsa\"}', '{\"msg\":\"操作失败\",\"code\":500}', 0, NULL, '2021-11-30 15:20:11');
INSERT INTO `sys_oper_log` VALUES (307, 'userAccountManagement', 2, 'com.ruoyi.test.controller.userAccountManagementController.edit()', 'PUT', 1, 'admin', NULL, '/userAccountManagement/userAccountManagement', '127.0.0.1', '内网IP', '{\"expiretime\":1635955200000,\"createtime\":1635782400000,\"params\":{},\"userid\":123123,\"monitorfunction\":0,\"password\":\"dsadsad\",\"region\":\"ssda\",\"searchfunction\":0,\"username\":\"fsadsa\"}', '{\"msg\":\"操作失败\",\"code\":500}', 0, NULL, '2021-11-30 15:20:14');
INSERT INTO `sys_oper_log` VALUES (308, 'userAccountManagement', 1, 'com.ruoyi.test.controller.userAccountManagementController.add()', 'POST', 1, 'admin', NULL, '/userAccountManagement/userAccountManagement', '127.0.0.1', '内网IP', '{\"expiretime\":1669651200000,\"createtime\":1638201600000,\"params\":{},\"userid\":81456,\"monitorfunction\":1,\"password\":\"123456\",\"region\":\"广东江门1\",\"searchfunction\":0,\"username\":\"江门工商行1\"}', NULL, 1, '\r\n### Error updating database.  Cause: java.sql.SQLException: Field \'userid\' doesn\'t have a default value\r\n### The error may exist in file [C:\\Users\\DELL\\Desktop\\若依\\ruoyi-admin\\target\\classes\\mapper\\userAccountManagement\\userAccountManagementMapper.xml]\r\n### The error may involve com.ruoyi.test.mapper.userAccountManagementMapper.insertuserAccountManagement-Inline\r\n### The error occurred while setting parameters\r\n### SQL: insert into user_account_management          ( username,             region,             createtime,             expiretime,             password,             searchfunction,             monitorfunction )           values ( ?,             ?,             ?,             ?,             ?,             ?,             ? )\r\n### Cause: java.sql.SQLException: Field \'userid\' doesn\'t have a default value\n; Field \'userid\' doesn\'t have a default value; nested exception is java.sql.SQLException: Field \'userid\' doesn\'t have a default value', '2021-11-30 15:27:32');
INSERT INTO `sys_oper_log` VALUES (309, 'userAccountManagement', 1, 'com.ruoyi.test.controller.userAccountManagementController.add()', 'POST', 1, 'admin', NULL, '/userAccountManagement/userAccountManagement', '127.0.0.1', '内网IP', '{\"expiretime\":1669651200000,\"createtime\":1638201600000,\"params\":{},\"userid\":81456,\"monitorfunction\":1,\"password\":\"123456\",\"region\":\"广东江门1\",\"searchfunction\":0,\"username\":\"江门工商行1\"}', NULL, 1, '\r\n### Error updating database.  Cause: java.sql.SQLException: Field \'userid\' doesn\'t have a default value\r\n### The error may exist in file [C:\\Users\\DELL\\Desktop\\若依\\ruoyi-admin\\target\\classes\\mapper\\userAccountManagement\\userAccountManagementMapper.xml]\r\n### The error may involve com.ruoyi.test.mapper.userAccountManagementMapper.insertuserAccountManagement-Inline\r\n### The error occurred while setting parameters\r\n### SQL: insert into user_account_management          ( username,             region,             createtime,             expiretime,             password,             searchfunction,             monitorfunction )           values ( ?,             ?,             ?,             ?,             ?,             ?,             ? )\r\n### Cause: java.sql.SQLException: Field \'userid\' doesn\'t have a default value\n; Field \'userid\' doesn\'t have a default value; nested exception is java.sql.SQLException: Field \'userid\' doesn\'t have a default value', '2021-11-30 15:27:58');
INSERT INTO `sys_oper_log` VALUES (310, 'userAccountManagement', 1, 'com.ruoyi.test.controller.userAccountManagementController.add()', 'POST', 1, 'admin', NULL, '/userAccountManagement/userAccountManagement', '127.0.0.1', '内网IP', '{\"expiretime\":1669651200000,\"createtime\":1638201600000,\"params\":{},\"userid\":8145688,\"monitorfunction\":1,\"password\":\"123456\",\"region\":\"广东江门1\",\"searchfunction\":0,\"username\":\"江门工商行1\"}', NULL, 1, '\r\n### Error updating database.  Cause: java.sql.SQLException: Field \'userid\' doesn\'t have a default value\r\n### The error may exist in file [C:\\Users\\DELL\\Desktop\\若依\\ruoyi-admin\\target\\classes\\mapper\\userAccountManagement\\userAccountManagementMapper.xml]\r\n### The error may involve com.ruoyi.test.mapper.userAccountManagementMapper.insertuserAccountManagement-Inline\r\n### The error occurred while setting parameters\r\n### SQL: insert into user_account_management          ( username,             region,             createtime,             expiretime,             password,             searchfunction,             monitorfunction )           values ( ?,             ?,             ?,             ?,             ?,             ?,             ? )\r\n### Cause: java.sql.SQLException: Field \'userid\' doesn\'t have a default value\n; Field \'userid\' doesn\'t have a default value; nested exception is java.sql.SQLException: Field \'userid\' doesn\'t have a default value', '2021-11-30 15:29:51');
INSERT INTO `sys_oper_log` VALUES (311, 'userAccountManagement', 1, 'com.ruoyi.test.controller.userAccountManagementController.add()', 'POST', 1, 'admin', NULL, '/userAccountManagement/userAccountManagement', '127.0.0.1', '内网IP', '{\"expiretime\":1669651200000,\"createtime\":1638201600000,\"params\":{},\"userid\":8145688,\"monitorfunction\":1,\"password\":\"123456\",\"region\":\"广东江门1\",\"searchfunction\":0,\"username\":\"江门工商行1\"}', NULL, 1, '\r\n### Error updating database.  Cause: java.sql.SQLException: Field \'userid\' doesn\'t have a default value\r\n### The error may exist in file [C:\\Users\\DELL\\Desktop\\若依\\ruoyi-admin\\target\\classes\\mapper\\userAccountManagement\\userAccountManagementMapper.xml]\r\n### The error may involve com.ruoyi.test.mapper.userAccountManagementMapper.insertuserAccountManagement-Inline\r\n### The error occurred while setting parameters\r\n### SQL: insert into user_account_management          ( username,             region,             createtime,             expiretime,             password,             searchfunction,             monitorfunction )           values ( ?,             ?,             ?,             ?,             ?,             ?,             ? )\r\n### Cause: java.sql.SQLException: Field \'userid\' doesn\'t have a default value\n; Field \'userid\' doesn\'t have a default value; nested exception is java.sql.SQLException: Field \'userid\' doesn\'t have a default value', '2021-11-30 15:38:20');
INSERT INTO `sys_oper_log` VALUES (312, 'userAccountManagement', 1, 'com.ruoyi.test.controller.userAccountManagementController.add()', 'POST', 1, 'admin', NULL, '/userAccountManagement/userAccountManagement', '127.0.0.1', '内网IP', '{\"expiretime\":1669651200000,\"createtime\":1638201600000,\"params\":{},\"userid\":8145688,\"monitorfunction\":1,\"password\":\"123456\",\"region\":\"广东江门1\",\"searchfunction\":0,\"username\":\"江门工商行1\"}', NULL, 1, '\r\n### Error updating database.  Cause: java.sql.SQLException: Field \'userid\' doesn\'t have a default value\r\n### The error may exist in file [C:\\Users\\DELL\\Desktop\\若依\\ruoyi-admin\\target\\classes\\mapper\\userAccountManagement\\userAccountManagementMapper.xml]\r\n### The error may involve com.ruoyi.test.mapper.userAccountManagementMapper.insertuserAccountManagement-Inline\r\n### The error occurred while setting parameters\r\n### SQL: insert into user_account_management          ( username,             region,             createtime,             expiretime,             password,             searchfunction,             monitorfunction )           values ( ?,             ?,             ?,             ?,             ?,             ?,             ? )\r\n### Cause: java.sql.SQLException: Field \'userid\' doesn\'t have a default value\n; Field \'userid\' doesn\'t have a default value; nested exception is java.sql.SQLException: Field \'userid\' doesn\'t have a default value', '2021-11-30 15:40:26');
INSERT INTO `sys_oper_log` VALUES (313, 'userAccountManagement', 1, 'com.ruoyi.test.controller.userAccountManagementController.add()', 'POST', 1, 'admin', NULL, '/userAccountManagement/userAccountManagement', '127.0.0.1', '内网IP', '{\"expiretime\":1669651200000,\"createtime\":1638201600000,\"params\":{},\"userid\":8145688,\"monitorfunction\":1,\"password\":\"123456\",\"region\":\"广东江门1\",\"searchfunction\":0,\"username\":\"江门工商行1\"}', NULL, 1, '\r\n### Error updating database.  Cause: java.sql.SQLException: Field \'userid\' doesn\'t have a default value\r\n### The error may exist in file [C:\\Users\\DELL\\Desktop\\若依\\ruoyi-admin\\target\\classes\\mapper\\userAccountManagement\\userAccountManagementMapper.xml]\r\n### The error may involve com.ruoyi.test.mapper.userAccountManagementMapper.insertuserAccountManagement-Inline\r\n### The error occurred while setting parameters\r\n### SQL: insert into user_account_management          ( username,             region,             createtime,             expiretime,             password,             searchfunction,             monitorfunction )           values ( ?,             ?,             ?,             ?,             ?,             ?,             ? )\r\n### Cause: java.sql.SQLException: Field \'userid\' doesn\'t have a default value\n; Field \'userid\' doesn\'t have a default value; nested exception is java.sql.SQLException: Field \'userid\' doesn\'t have a default value', '2021-11-30 15:40:36');
INSERT INTO `sys_oper_log` VALUES (314, 'userAccountManagement', 1, 'com.ruoyi.test.controller.userAccountManagementController.add()', 'POST', 1, 'admin', NULL, '/userAccountManagement/userAccountManagement', '127.0.0.1', '内网IP', '{\"expiretime\":1669651200000,\"createtime\":1638201600000,\"params\":{},\"userid\":8145688,\"monitorfunction\":1,\"password\":\"123456\",\"region\":\"广东江门1\",\"searchfunction\":0,\"username\":\"江门工商行1\"}', NULL, 1, '\r\n### Error updating database.  Cause: java.sql.SQLException: Field \'userid\' doesn\'t have a default value\r\n### The error may exist in file [C:\\Users\\DELL\\Desktop\\若依\\ruoyi-admin\\target\\classes\\mapper\\userAccountManagement\\userAccountManagementMapper.xml]\r\n### The error may involve com.ruoyi.test.mapper.userAccountManagementMapper.insertuserAccountManagement-Inline\r\n### The error occurred while setting parameters\r\n### SQL: insert into user_account_management          ( username,             region,             createtime,             expiretime,             password,             searchfunction,             monitorfunction )           values ( ?,             ?,             ?,             ?,             ?,             ?,             ? )\r\n### Cause: java.sql.SQLException: Field \'userid\' doesn\'t have a default value\n; Field \'userid\' doesn\'t have a default value; nested exception is java.sql.SQLException: Field \'userid\' doesn\'t have a default value', '2021-11-30 15:45:43');
INSERT INTO `sys_oper_log` VALUES (315, 'userAccountManagement', 1, 'com.ruoyi.test.controller.userAccountManagementController.add()', 'POST', 1, 'admin', NULL, '/userAccountManagement/userAccountManagement', '127.0.0.1', '内网IP', '{\"expiretime\":1669651200000,\"createtime\":1638201600000,\"params\":{},\"userid\":8145688,\"monitorfunction\":1,\"password\":\"123456\",\"region\":\"广东江门1\",\"searchfunction\":0,\"username\":\"江门工商行1\"}', NULL, 1, '\r\n### Error updating database.  Cause: java.sql.SQLException: Field \'userid\' doesn\'t have a default value\r\n### The error may exist in file [C:\\Users\\DELL\\Desktop\\若依\\ruoyi-admin\\target\\classes\\mapper\\userAccountManagement\\userAccountManagementMapper.xml]\r\n### The error may involve com.ruoyi.test.mapper.userAccountManagementMapper.insertuserAccountManagement-Inline\r\n### The error occurred while setting parameters\r\n### SQL: insert into user_account_management          ( username,             region,             createtime,             expiretime,             password,             searchfunction,             monitorfunction )           values ( ?,             ?,             ?,             ?,             ?,             ?,             ? )\r\n### Cause: java.sql.SQLException: Field \'userid\' doesn\'t have a default value\n; Field \'userid\' doesn\'t have a default value; nested exception is java.sql.SQLException: Field \'userid\' doesn\'t have a default value', '2021-11-30 15:45:43');
INSERT INTO `sys_oper_log` VALUES (316, 'userAccountManagement', 1, 'com.ruoyi.test.controller.userAccountManagementController.add()', 'POST', 1, 'admin', NULL, '/userAccountManagement/userAccountManagement', '127.0.0.1', '内网IP', '{\"expiretime\":1669651200000,\"createtime\":1638201600000,\"params\":{},\"userid\":8145688,\"monitorfunction\":1,\"password\":\"123456\",\"region\":\"广东江门1\",\"searchfunction\":0,\"username\":\"江门工商行1\"}', NULL, 1, '\r\n### Error updating database.  Cause: java.sql.SQLException: Field \'userid\' doesn\'t have a default value\r\n### The error may exist in file [C:\\Users\\DELL\\Desktop\\若依\\ruoyi-admin\\target\\classes\\mapper\\userAccountManagement\\userAccountManagementMapper.xml]\r\n### The error may involve com.ruoyi.test.mapper.userAccountManagementMapper.insertuserAccountManagement-Inline\r\n### The error occurred while setting parameters\r\n### SQL: insert into user_account_management          ( username,             region,             createtime,             expiretime,             password,             searchfunction,             monitorfunction )           values ( ?,             ?,             ?,             ?,             ?,             ?,             ? )\r\n### Cause: java.sql.SQLException: Field \'userid\' doesn\'t have a default value\n; Field \'userid\' doesn\'t have a default value; nested exception is java.sql.SQLException: Field \'userid\' doesn\'t have a default value', '2021-11-30 15:45:43');
INSERT INTO `sys_oper_log` VALUES (317, 'userAccountManagement', 1, 'com.ruoyi.test.controller.userAccountManagementController.add()', 'POST', 1, 'admin', NULL, '/userAccountManagement/userAccountManagement', '127.0.0.1', '内网IP', '{\"expiretime\":1669651200000,\"createtime\":1638201600000,\"params\":{},\"userid\":8145688,\"monitorfunction\":1,\"password\":\"123456\",\"region\":\"广东江门1\",\"searchfunction\":0,\"username\":\"江门工商行1\"}', NULL, 1, '\r\n### Error updating database.  Cause: java.sql.SQLException: Field \'userid\' doesn\'t have a default value\r\n### The error may exist in file [C:\\Users\\DELL\\Desktop\\若依\\ruoyi-admin\\target\\classes\\mapper\\userAccountManagement\\userAccountManagementMapper.xml]\r\n### The error may involve com.ruoyi.test.mapper.userAccountManagementMapper.insertuserAccountManagement-Inline\r\n### The error occurred while setting parameters\r\n### SQL: insert into user_account_management          ( username,             region,             createtime,             expiretime,             password,             searchfunction,             monitorfunction )           values ( ?,             ?,             ?,             ?,             ?,             ?,             ? )\r\n### Cause: java.sql.SQLException: Field \'userid\' doesn\'t have a default value\n; Field \'userid\' doesn\'t have a default value; nested exception is java.sql.SQLException: Field \'userid\' doesn\'t have a default value', '2021-11-30 15:46:25');
INSERT INTO `sys_oper_log` VALUES (318, '代码生成', 2, 'com.ruoyi.generator.controller.GenController.synchDb()', 'GET', 1, 'admin', NULL, '/tool/gen/synchDb/user_account_management', '127.0.0.1', '内网IP', '{tableName=user_account_management}', '{\"msg\":\"操作成功\",\"code\":200}', 0, NULL, '2021-11-30 15:49:46');
INSERT INTO `sys_oper_log` VALUES (319, '代码生成', 3, 'com.ruoyi.generator.controller.GenController.remove()', 'DELETE', 1, 'admin', NULL, '/tool/gen/8', '127.0.0.1', '内网IP', '{tableIds=8}', '{\"msg\":\"操作成功\",\"code\":200}', 0, NULL, '2021-11-30 15:50:07');
INSERT INTO `sys_oper_log` VALUES (320, '代码生成', 6, 'com.ruoyi.generator.controller.GenController.importTableSave()', 'POST', 1, 'admin', NULL, '/tool/gen/importTable', '127.0.0.1', '内网IP', 'user_account_management', '{\"msg\":\"操作成功\",\"code\":200}', 0, NULL, '2021-11-30 15:50:11');
INSERT INTO `sys_oper_log` VALUES (321, '代码生成', 2, 'com.ruoyi.generator.controller.GenController.editSave()', 'PUT', 1, 'admin', NULL, '/tool/gen', '127.0.0.1', '内网IP', '{\"sub\":false,\"functionAuthor\":\"kooklen\",\"columns\":[{\"capJavaField\":\"Userid\",\"usableColumn\":false,\"columnId\":57,\"isIncrement\":\"0\",\"increment\":false,\"insert\":true,\"dictType\":\"\",\"required\":false,\"superColumn\":false,\"updateBy\":\"\",\"isInsert\":\"1\",\"javaField\":\"userid\",\"htmlType\":\"input\",\"edit\":false,\"query\":false,\"columnComment\":\"用户id\",\"sort\":1,\"list\":false,\"params\":{},\"javaType\":\"Long\",\"queryType\":\"EQ\",\"columnType\":\"int\",\"createBy\":\"admin\",\"isPk\":\"1\",\"createTime\":1638258611000,\"tableId\":9,\"pk\":true,\"columnName\":\"userid\"},{\"capJavaField\":\"Username\",\"usableColumn\":false,\"columnId\":58,\"isIncrement\":\"0\",\"increment\":false,\"insert\":true,\"isList\":\"1\",\"dictType\":\"\",\"required\":false,\"superColumn\":false,\"updateBy\":\"\",\"isInsert\":\"1\",\"javaField\":\"username\",\"htmlType\":\"input\",\"edit\":true,\"query\":true,\"columnComment\":\"用户名\",\"isQuery\":\"1\",\"sort\":2,\"list\":true,\"params\":{},\"javaType\":\"String\",\"queryType\":\"LIKE\",\"columnType\":\"varchar(255)\",\"createBy\":\"admin\",\"isPk\":\"0\",\"createTime\":1638258611000,\"isEdit\":\"1\",\"tableId\":9,\"pk\":false,\"columnName\":\"username\"},{\"capJavaField\":\"Region\",\"usableColumn\":false,\"columnId\":59,\"isIncrement\":\"0\",\"increment\":false,\"insert\":true,\"isList\":\"1\",\"dictType\":\"\",\"required\":false,\"superColumn\":false,\"updateBy\":\"\",\"isInsert\":\"1\",\"javaField\":\"region\",\"htmlType\":\"input\",\"edit\":true,\"query\":true,\"columnComment\":\"地区\",\"isQuery\":\"1\",\"sort\":3,\"list\":true,\"params\":{},\"javaType\":\"String\",\"queryType\":\"EQ\",\"columnType\":\"varchar(255)\",\"createBy\":\"admin\",\"isPk\":\"0\",\"createTime\":1638258611000,\"isEdit\":\"1\",\"tableId\":9,\"pk\":false,\"columnName\":\"region\"},{\"capJavaField\":\"Createtime\",\"usableColumn\":false,\"columnId\":60,\"isIncrement\":\"0\",\"increment\":false,\"insert\":true,\"isList\":\"1\",\"dictType\":\"\",\"required\":false,\"superColumn\":true,\"updateBy\":\"\",\"isInsert\":\"1\",\"javaField\":\"createtime\",\"htmlType\":\"datetime\",\"edit\":true,\"query\":true,\"columnComment\":\"创建时间\",\"isQuery\":\"1\",\"sort\":4,\"list\":true,\"params\":{},\"javaType\":\"Date\",\"queryType\":\"EQ\",\"columnType\":\"date\",\"createBy\":\"admin\",\"isPk\":\"0\",\"cr', '{\"msg\":\"操作成功\",\"code\":200}', 0, NULL, '2021-11-30 15:51:36');
INSERT INTO `sys_oper_log` VALUES (322, '代码生成', 2, 'com.ruoyi.generator.controller.GenController.editSave()', 'PUT', 1, 'admin', NULL, '/tool/gen', '127.0.0.1', '内网IP', '{\"sub\":false,\"functionAuthor\":\"kooklen\",\"columns\":[{\"capJavaField\":\"Userid\",\"usableColumn\":false,\"columnId\":57,\"isIncrement\":\"0\",\"increment\":false,\"insert\":true,\"dictType\":\"\",\"required\":true,\"superColumn\":false,\"updateBy\":\"\",\"isInsert\":\"1\",\"isRequired\":\"1\",\"javaField\":\"userid\",\"htmlType\":\"input\",\"edit\":false,\"query\":false,\"columnComment\":\"用户id\",\"updateTime\":1638258696000,\"sort\":1,\"list\":false,\"params\":{},\"javaType\":\"Long\",\"queryType\":\"EQ\",\"columnType\":\"int\",\"createBy\":\"admin\",\"isPk\":\"1\",\"createTime\":1638258611000,\"tableId\":9,\"pk\":true,\"columnName\":\"userid\"},{\"capJavaField\":\"Username\",\"usableColumn\":false,\"columnId\":58,\"isIncrement\":\"0\",\"increment\":false,\"insert\":true,\"isList\":\"1\",\"dictType\":\"\",\"required\":true,\"superColumn\":false,\"updateBy\":\"\",\"isInsert\":\"1\",\"isRequired\":\"1\",\"javaField\":\"username\",\"htmlType\":\"input\",\"edit\":true,\"query\":true,\"columnComment\":\"用户名\",\"isQuery\":\"1\",\"updateTime\":1638258696000,\"sort\":2,\"list\":true,\"params\":{},\"javaType\":\"String\",\"queryType\":\"LIKE\",\"columnType\":\"varchar(255)\",\"createBy\":\"admin\",\"isPk\":\"0\",\"createTime\":1638258611000,\"isEdit\":\"1\",\"tableId\":9,\"pk\":false,\"columnName\":\"username\"},{\"capJavaField\":\"Region\",\"usableColumn\":false,\"columnId\":59,\"isIncrement\":\"0\",\"increment\":false,\"insert\":true,\"isList\":\"1\",\"dictType\":\"\",\"required\":true,\"superColumn\":false,\"updateBy\":\"\",\"isInsert\":\"1\",\"isRequired\":\"1\",\"javaField\":\"region\",\"htmlType\":\"input\",\"edit\":true,\"query\":true,\"columnComment\":\"地区\",\"isQuery\":\"1\",\"updateTime\":1638258696000,\"sort\":3,\"list\":true,\"params\":{},\"javaType\":\"String\",\"queryType\":\"EQ\",\"columnType\":\"varchar(255)\",\"createBy\":\"admin\",\"isPk\":\"0\",\"createTime\":1638258611000,\"isEdit\":\"1\",\"tableId\":9,\"pk\":false,\"columnName\":\"region\"},{\"capJavaField\":\"Createtime\",\"usableColumn\":false,\"columnId\":60,\"isIncrement\":\"0\",\"increment\":false,\"insert\":true,\"isList\":\"1\",\"dictType\":\"\",\"required\":true,\"superColumn\":true,\"updateBy\":\"\",\"isInsert\":\"1\",\"isRequired\":\"1\",\"javaField\":\"createtime\",\"htmlType\":\"datetime\",\"edit\":true,\"query\":true,\"columnCommen', '{\"msg\":\"操作成功\",\"code\":200}', 0, NULL, '2021-11-30 15:52:16');
INSERT INTO `sys_oper_log` VALUES (323, '代码生成', 8, 'com.ruoyi.generator.controller.GenController.batchGenCode()', 'GET', 1, 'admin', NULL, '/tool/gen/batchGenCode', '127.0.0.1', '内网IP', '{}', NULL, 0, NULL, '2021-11-30 15:53:10');
INSERT INTO `sys_oper_log` VALUES (324, '菜单管理', 3, 'com.ruoyi.web.controller.system.SysMenuController.remove()', 'DELETE', 1, 'admin', NULL, '/system/menu/2089', '127.0.0.1', '内网IP', '{menuId=2089}', '{\"msg\":\"操作成功\",\"code\":200}', 0, NULL, '2021-11-30 16:00:08');
INSERT INTO `sys_oper_log` VALUES (325, '菜单管理', 3, 'com.ruoyi.web.controller.system.SysMenuController.remove()', 'DELETE', 1, 'admin', NULL, '/system/menu/2090', '127.0.0.1', '内网IP', '{menuId=2090}', '{\"msg\":\"操作成功\",\"code\":200}', 0, NULL, '2021-11-30 16:00:09');
INSERT INTO `sys_oper_log` VALUES (326, '菜单管理', 3, 'com.ruoyi.web.controller.system.SysMenuController.remove()', 'DELETE', 1, 'admin', NULL, '/system/menu/2091', '127.0.0.1', '内网IP', '{menuId=2091}', '{\"msg\":\"操作成功\",\"code\":200}', 0, NULL, '2021-11-30 16:00:10');
INSERT INTO `sys_oper_log` VALUES (327, '菜单管理', 3, 'com.ruoyi.web.controller.system.SysMenuController.remove()', 'DELETE', 1, 'admin', NULL, '/system/menu/2092', '127.0.0.1', '内网IP', '{menuId=2092}', '{\"msg\":\"操作成功\",\"code\":200}', 0, NULL, '2021-11-30 16:00:12');
INSERT INTO `sys_oper_log` VALUES (328, '菜单管理', 3, 'com.ruoyi.web.controller.system.SysMenuController.remove()', 'DELETE', 1, 'admin', NULL, '/system/menu/2093', '127.0.0.1', '内网IP', '{menuId=2093}', '{\"msg\":\"操作成功\",\"code\":200}', 0, NULL, '2021-11-30 16:00:13');
INSERT INTO `sys_oper_log` VALUES (329, '菜单管理', 3, 'com.ruoyi.web.controller.system.SysMenuController.remove()', 'DELETE', 1, 'admin', NULL, '/system/menu/2088', '127.0.0.1', '内网IP', '{menuId=2088}', '{\"msg\":\"操作成功\",\"code\":200}', 0, NULL, '2021-11-30 16:00:14');
INSERT INTO `sys_oper_log` VALUES (330, '代码生成', 8, 'com.ruoyi.generator.controller.GenController.batchGenCode()', 'GET', 1, 'admin', NULL, '/tool/gen/batchGenCode', '127.0.0.1', '内网IP', '{}', NULL, 0, NULL, '2021-11-30 16:22:54');
INSERT INTO `sys_oper_log` VALUES (331, 'userAccountManagement', 2, 'com.ruoyi.test.controller.userAccountManagementController.edit()', 'PUT', 1, 'admin', NULL, '/userAccountManagement/userAccountManagement', '127.0.0.1', '内网IP', '{\"expiretime\":1636560000000,\"createtime\":1635782400000,\"params\":{},\"userid\":21321,\"monitorfunction\":1,\"password\":\"132132\",\"region\":\"shanghai\",\"searchfunction\":0,\"username\":\"test\"}', '{\"msg\":\"操作失败\",\"code\":500}', 0, NULL, '2021-11-30 16:29:09');
INSERT INTO `sys_oper_log` VALUES (332, 'userAccountManagement', 2, 'com.ruoyi.test.controller.userAccountManagementController.edit()', 'PUT', 1, 'admin', NULL, '/userAccountManagement/userAccountManagement', '127.0.0.1', '内网IP', '{\"expiretime\":1636560000000,\"createtime\":1635782400000,\"params\":{},\"userid\":21321,\"monitorfunction\":1,\"password\":\"132132\",\"region\":\"shanghai\",\"searchfunction\":0,\"username\":\"test\"}', '{\"msg\":\"操作失败\",\"code\":500}', 0, NULL, '2021-11-30 16:36:10');
INSERT INTO `sys_oper_log` VALUES (333, 'userAccountManagement', 2, 'com.ruoyi.test.controller.userAccountManagementController.edit()', 'PUT', 1, 'admin', NULL, '/userAccountManagement/userAccountManagement', '127.0.0.1', '内网IP', '{\"expiretime\":1636560000000,\"createtime\":1635782400000,\"params\":{},\"userid\":21321,\"monitorfunction\":1,\"password\":\"132132\",\"region\":\"shanghai\",\"searchfunction\":0,\"username\":\"test\"}', '{\"msg\":\"操作失败\",\"code\":500}', 0, NULL, '2021-11-30 16:38:28');
INSERT INTO `sys_oper_log` VALUES (334, 'userAccountManagement', 2, 'com.ruoyi.test.controller.userAccountManagementController.edit()', 'PUT', 1, 'admin', NULL, '/userAccountManagement/userAccountManagement', '127.0.0.1', '内网IP', '{\"expiretime\":1636560000000,\"createtime\":1635782400000,\"params\":{},\"userid\":21321,\"monitorfunction\":1,\"password\":\"132132\",\"region\":\"shanghai\",\"searchfunction\":0,\"username\":\"test\"}', '{\"msg\":\"操作失败\",\"code\":500}', 0, NULL, '2021-11-30 16:38:40');
INSERT INTO `sys_oper_log` VALUES (335, 'userAccountManagement', 2, 'com.ruoyi.test.controller.userAccountManagementController.edit()', 'PUT', 1, 'admin', NULL, '/userAccountManagement/userAccountManagement', '127.0.0.1', '内网IP', '{\"expiretime\":1636560000000,\"createtime\":1635782400000,\"params\":{},\"userid\":21321,\"monitorfunction\":1,\"password\":\"132132\",\"region\":\"shanghai\",\"searchfunction\":0,\"username\":\"test\"}', '{\"msg\":\"操作失败\",\"code\":500}', 0, NULL, '2021-11-30 16:38:57');
INSERT INTO `sys_oper_log` VALUES (336, 'userAccountManagement', 2, 'com.ruoyi.test.controller.userAccountManagementController.edit()', 'PUT', 1, 'admin', NULL, '/userAccountManagement/userAccountManagement', '127.0.0.1', '内网IP', '{\"expiretime\":1636560000000,\"createtime\":1635782400000,\"params\":{},\"userid\":21321,\"monitorfunction\":1,\"password\":\"132132\",\"region\":\"shanghai\",\"searchfunction\":0,\"username\":\"test\"}', '{\"msg\":\"操作失败\",\"code\":500}', 0, NULL, '2021-11-30 16:39:04');
INSERT INTO `sys_oper_log` VALUES (337, 'userAccountManagement', 2, 'com.ruoyi.test.controller.userAccountManagementController.edit()', 'PUT', 1, 'admin', NULL, '/userAccountManagement/userAccountManagement', '127.0.0.1', '内网IP', '{\"expiretime\":1637164800000,\"createtime\":1635782400000,\"params\":{},\"userid\":213213,\"monitorfunction\":0,\"password\":\"1232132\",\"region\":\"sssss\",\"searchfunction\":1,\"username\":\"test\"}', '{\"msg\":\"操作失败\",\"code\":500}', 0, NULL, '2021-11-30 16:39:47');
INSERT INTO `sys_oper_log` VALUES (338, 'userAccountManagement', 2, 'com.ruoyi.test.controller.userAccountManagementController.edit()', 'PUT', 1, 'admin', NULL, '/userAccountManagement/userAccountManagement', '127.0.0.1', '内网IP', '{\"expiretime\":1637164800000,\"createtime\":1635782400000,\"params\":{},\"userid\":213213,\"monitorfunction\":0,\"password\":\"1232132\",\"region\":\"sssss\",\"searchfunction\":1,\"username\":\"test\"}', '{\"msg\":\"操作失败\",\"code\":500}', 0, NULL, '2021-11-30 16:40:04');
INSERT INTO `sys_oper_log` VALUES (339, 'userAccountManagement', 2, 'com.ruoyi.test.controller.userAccountManagementController.edit()', 'PUT', 1, 'admin', NULL, '/userAccountManagement/userAccountManagement', '127.0.0.1', '内网IP', '{\"expiretime\":1637164800000,\"createtime\":1635782400000,\"params\":{},\"userid\":213213,\"monitorfunction\":0,\"password\":\"1232132\",\"region\":\"sssss\",\"searchfunction\":1,\"username\":\"test\"}', '{\"msg\":\"操作失败\",\"code\":500}', 0, NULL, '2021-11-30 16:42:07');
INSERT INTO `sys_oper_log` VALUES (340, 'userAccountManagement', 2, 'com.ruoyi.test.controller.userAccountManagementController.edit()', 'PUT', 1, 'admin', NULL, '/userAccountManagement/userAccountManagement', '127.0.0.1', '内网IP', '{\"expiretime\":1637164800000,\"createtime\":1635782400000,\"params\":{},\"userid\":213213,\"monitorfunction\":0,\"password\":\"1232132\",\"region\":\"sssss\",\"searchfunction\":1,\"username\":\"test\"}', '{\"msg\":\"操作失败\",\"code\":500}', 0, NULL, '2021-11-30 16:42:36');
INSERT INTO `sys_oper_log` VALUES (341, 'userAccountManagement', 2, 'com.ruoyi.test.controller.userAccountManagementController.edit()', 'PUT', 1, 'admin', NULL, '/userAccountManagement/userAccountManagement', '127.0.0.1', '内网IP', '{\"expiretime\":1637164800000,\"createtime\":1635782400000,\"params\":{},\"userid\":213213,\"monitorfunction\":0,\"password\":\"1232132\",\"region\":\"sssss\",\"searchfunction\":1,\"username\":\"test\"}', '{\"msg\":\"操作失败\",\"code\":500}', 0, NULL, '2021-11-30 16:44:38');
INSERT INTO `sys_oper_log` VALUES (342, 'userAccountManagement', 2, 'com.ruoyi.test.controller.userAccountManagementController.edit()', 'PUT', 1, 'admin', NULL, '/userAccountManagement/userAccountManagement', '127.0.0.1', '内网IP', '{\"expiretime\":1637164800000,\"createtime\":1635782400000,\"params\":{},\"userid\":213213,\"monitorfunction\":0,\"password\":\"1232132\",\"region\":\"sssss\",\"searchfunction\":1,\"username\":\"test\"}', '{\"msg\":\"操作失败\",\"code\":500}', 0, NULL, '2021-11-30 16:44:58');
INSERT INTO `sys_oper_log` VALUES (343, '用户搜索记录', 1, 'com.ruoyi.test.controller.UserSearchRecordController.add()', 'POST', 1, 'admin', NULL, '/userSearchRecord/userSearchRecord', '127.0.0.1', '内网IP', '{\"searchtime\":1636560000000,\"params\":{},\"recordnumber\":4,\"userid\":\"2312321\",\"companyid\":312321,\"companyname\":\"dasdasdsa\",\"state\":\"1\",\"username\":\"testt\"}', '{\"msg\":\"操作成功\",\"code\":200}', 0, NULL, '2021-11-30 16:46:38');
INSERT INTO `sys_oper_log` VALUES (344, 'userAccountManagement', 2, 'com.ruoyi.test.controller.userAccountManagementController.edit()', 'PUT', 1, 'admin', NULL, '/userAccountManagement/userAccountManagement', '127.0.0.1', '内网IP', '{\"expiretime\":1635955200000,\"createtime\":1635696000000,\"params\":{},\"userid\":232132,\"monitorfunction\":0,\"password\":\"21312323\",\"region\":\"dsadsad\",\"searchfunction\":0,\"username\":\"rraew\"}', '{\"msg\":\"操作失败\",\"code\":500}', 0, NULL, '2021-11-30 16:52:29');
INSERT INTO `sys_oper_log` VALUES (345, 'userAccountManagement', 2, 'com.ruoyi.test.controller.userAccountManagementController.edit()', 'PUT', 1, 'admin', NULL, '/userAccountManagement/userAccountManagement', '127.0.0.1', '内网IP', '{\"expiretime\":1635955200000,\"createtime\":1635696000000,\"params\":{},\"userid\":232132,\"monitorfunction\":0,\"password\":\"21312323\",\"region\":\"dsadsad\",\"searchfunction\":0,\"username\":\"rraew\"}', '{\"msg\":\"操作失败\",\"code\":500}', 0, NULL, '2021-11-30 16:52:35');
INSERT INTO `sys_oper_log` VALUES (346, 'userAccountManagement', 2, 'com.ruoyi.test.controller.userAccountManagementController.edit()', 'PUT', 1, 'admin', NULL, '/userAccountManagement/userAccountManagement', '127.0.0.1', '内网IP', '{\"expiretime\":1635955200000,\"createtime\":1635696000000,\"params\":{},\"userid\":213123,\"monitorfunction\":1,\"password\":\"21323\",\"region\":\"dsadsa\",\"searchfunction\":0,\"username\":\"sadasd\"}', '{\"msg\":\"操作失败\",\"code\":500}', 0, NULL, '2021-11-30 17:22:27');
INSERT INTO `sys_oper_log` VALUES (347, 'userAccountManagement', 2, 'com.ruoyi.test.controller.userAccountManagementController.edit()', 'PUT', 1, 'admin', NULL, '/userAccountManagement/userAccountManagement', '127.0.0.1', '内网IP', '{\"expiretime\":1635955200000,\"createtime\":1635696000000,\"params\":{},\"userid\":213123,\"monitorfunction\":1,\"password\":\"21323\",\"region\":\"dsadsa\",\"searchfunction\":0,\"username\":\"sadasd\"}', '{\"msg\":\"操作失败\",\"code\":500}', 0, NULL, '2021-11-30 17:22:31');
INSERT INTO `sys_oper_log` VALUES (348, 'userAccountManagement', 2, 'com.ruoyi.test.controller.userAccountManagementController.edit()', 'PUT', 1, 'admin', NULL, '/userAccountManagement/userAccountManagement', '127.0.0.1', '内网IP', '{\"expiretime\":1635955200000,\"createtime\":1635696000000,\"params\":{},\"userid\":213123,\"monitorfunction\":1,\"password\":\"21323\",\"region\":\"dsadsa\",\"searchfunction\":0,\"username\":\"sadasd\"}', '{\"msg\":\"操作失败\",\"code\":500}', 0, NULL, '2021-11-30 17:23:31');
INSERT INTO `sys_oper_log` VALUES (349, '代码生成', 2, 'com.ruoyi.generator.controller.GenController.synchDb()', 'GET', 1, 'admin', NULL, '/tool/gen/synchDb/user_account_management', '127.0.0.1', '内网IP', '{tableName=user_account_management}', '{\"msg\":\"操作成功\",\"code\":200}', 0, NULL, '2021-11-30 17:29:13');
INSERT INTO `sys_oper_log` VALUES (350, '代码生成', 8, 'com.ruoyi.generator.controller.GenController.batchGenCode()', 'GET', 1, 'admin', NULL, '/tool/gen/batchGenCode', '127.0.0.1', '内网IP', '{}', NULL, 0, NULL, '2021-11-30 17:29:25');
INSERT INTO `sys_oper_log` VALUES (351, 'userAccountManagement', 1, 'com.ruoyi.test.controller.userAccountManagementController.add()', 'POST', 1, 'admin', NULL, '/userAccountManagement/userAccountManagement', '127.0.0.1', '内网IP', '{\"expiretime\":1635696000000,\"params\":{},\"monitorfunction\":1,\"password\":\"2132332\",\"region\":\"dsads\",\"searchfunction\":1,\"username\":\"dsds\"}', NULL, 1, '\r\n### Error updating database.  Cause: java.sql.SQLException: Field \'id\' doesn\'t have a default value\r\n### The error may exist in file [C:\\Users\\DELL\\Desktop\\若依\\ruoyi-admin\\target\\classes\\mapper\\userAccountManagement\\userAccountManagementMapper.xml]\r\n### The error may involve com.ruoyi.test.mapper.userAccountManagementMapper.insertuserAccountManagement-Inline\r\n### The error occurred while setting parameters\r\n### SQL: insert into user_account_management          ( username,             region,                          expiretime,             password,             searchfunction,             monitorfunction )           values ( ?,             ?,                          ?,             ?,             ?,             ? )\r\n### Cause: java.sql.SQLException: Field \'id\' doesn\'t have a default value\n; Field \'id\' doesn\'t have a default value; nested exception is java.sql.SQLException: Field \'id\' doesn\'t have a default value', '2021-11-30 17:32:52');
INSERT INTO `sys_oper_log` VALUES (352, 'userAccountManagement', 2, 'com.ruoyi.test.controller.userAccountManagementController.edit()', 'PUT', 1, 'admin', NULL, '/userAccountManagement/userAccountManagement', '127.0.0.1', '内网IP', '{\"expiretime\":1636646400000,\"createtime\":1635696000000,\"params\":{},\"monitorfunction\":1,\"password\":\"21312321\",\"region\":\"sadas\",\"searchfunction\":0,\"username\":\"dsadsad\"}', '{\"msg\":\"操作失败\",\"code\":500}', 0, NULL, '2021-11-30 17:34:59');
INSERT INTO `sys_oper_log` VALUES (353, 'userAccountManagement', 2, 'com.ruoyi.test.controller.userAccountManagementController.edit()', 'PUT', 1, 'admin', NULL, '/userAccountManagement/userAccountManagement', '127.0.0.1', '内网IP', '{\"expiretime\":1636646400000,\"createtime\":1635696000000,\"params\":{},\"monitorfunction\":1,\"password\":\"21312321\",\"region\":\"sadas\",\"searchfunction\":0,\"username\":\"dsadsad\"}', '{\"msg\":\"操作失败\",\"code\":500}', 0, NULL, '2021-11-30 17:35:06');
INSERT INTO `sys_oper_log` VALUES (354, 'userAccountManagement', 2, 'com.ruoyi.test.controller.userAccountManagementController.edit()', 'PUT', 1, 'admin', NULL, '/userAccountManagement/userAccountManagement', '127.0.0.1', '内网IP', '{\"expiretime\":1635696000000,\"params\":{},\"monitorfunction\":1,\"password\":\"213232\",\"id\":12333,\"region\":\"shanghai\",\"searchfunction\":1,\"username\":\"test\"}', '{\"msg\":\"操作失败\",\"code\":500}', 0, NULL, '2021-11-30 17:39:10');
INSERT INTO `sys_oper_log` VALUES (355, 'userAccountManagement', 2, 'com.ruoyi.test.controller.userAccountManagementController.edit()', 'PUT', 1, 'admin', NULL, '/userAccountManagement/userAccountManagement', '127.0.0.1', '内网IP', '{\"expiretime\":1635696000000,\"params\":{},\"monitorfunction\":1,\"password\":\"213232\",\"id\":12333,\"region\":\"shanghai\",\"searchfunction\":1,\"username\":\"test\"}', '{\"msg\":\"操作失败\",\"code\":500}', 0, NULL, '2021-11-30 17:39:25');
INSERT INTO `sys_oper_log` VALUES (356, 'userAccountManagement', 2, 'com.ruoyi.test.controller.userAccountManagementController.edit()', 'PUT', 1, 'admin', NULL, '/userAccountManagement/userAccountManagement', '127.0.0.1', '内网IP', '{\"expiretime\":1635696000000,\"createtime\":1636560000000,\"params\":{},\"monitorfunction\":1,\"password\":\"1231232\",\"id\":213213,\"region\":\"sdasds\",\"searchfunction\":1,\"username\":\"rtdsa\"}', '{\"msg\":\"操作失败\",\"code\":500}', 0, NULL, '2021-11-30 17:41:04');
INSERT INTO `sys_oper_log` VALUES (357, 'userAccountManagement', 2, 'com.ruoyi.test.controller.userAccountManagementController.edit()', 'PUT', 1, 'admin', NULL, '/userAccountManagement/userAccountManagement', '127.0.0.1', '内网IP', '{\"expiretime\":1635696000000,\"createtime\":1636560000000,\"params\":{},\"monitorfunction\":1,\"password\":\"1231232\",\"id\":213213,\"region\":\"sdasds\",\"searchfunction\":1,\"username\":\"rtdsa\"}', '{\"msg\":\"操作失败\",\"code\":500}', 0, NULL, '2021-11-30 17:41:20');
INSERT INTO `sys_oper_log` VALUES (358, 'userAccountManagement', 2, 'com.ruoyi.test.controller.userAccountManagementController.edit()', 'PUT', 1, 'admin', NULL, '/userAccountManagement/userAccountManagement', '127.0.0.1', '内网IP', '{\"expiretime\":1635696000000,\"createtime\":1636560000000,\"params\":{},\"monitorfunction\":1,\"password\":\"1231232\",\"id\":213213,\"region\":\"sdasds\",\"searchfunction\":1,\"username\":\"rtdsa\"}', '{\"msg\":\"操作失败\",\"code\":500}', 0, NULL, '2021-11-30 17:41:21');
INSERT INTO `sys_oper_log` VALUES (359, 'userAccountManagement', 2, 'com.ruoyi.test.controller.userAccountManagementController.edit()', 'PUT', 1, 'admin', NULL, '/userAccountManagement/userAccountManagement', '127.0.0.1', '内网IP', '{\"expiretime\":1635696000000,\"createtime\":1636560000000,\"params\":{},\"monitorfunction\":1,\"password\":\"1231232\",\"region\":\"sdasds\",\"searchfunction\":1,\"username\":\"rtdsa\"}', '{\"msg\":\"操作失败\",\"code\":500}', 0, NULL, '2021-11-30 17:41:26');
INSERT INTO `sys_oper_log` VALUES (360, 'userAccountManagement', 2, 'com.ruoyi.test.controller.userAccountManagementController.edit()', 'PUT', 1, 'admin', NULL, '/userAccountManagement/userAccountManagement', '127.0.0.1', '内网IP', '{\"expiretime\":1635696000000,\"createtime\":1636560000000,\"params\":{},\"monitorfunction\":1,\"password\":\"1231232\",\"region\":\"sdasds\",\"searchfunction\":1,\"username\":\"rtdsa\"}', '{\"msg\":\"操作失败\",\"code\":500}', 0, NULL, '2021-11-30 17:41:31');
INSERT INTO `sys_oper_log` VALUES (361, 'userAccountManagement', 2, 'com.ruoyi.test.controller.userAccountManagementController.edit()', 'PUT', 1, 'admin', NULL, '/userAccountManagement/userAccountManagement', '127.0.0.1', '内网IP', '{\"expiretime\":1635696000000,\"createtime\":1636560000000,\"params\":{},\"monitorfunction\":1,\"password\":\"1231232\",\"id\":43243243,\"region\":\"sdasds\",\"searchfunction\":1,\"username\":\"rtdsa\"}', '{\"msg\":\"操作失败\",\"code\":500}', 0, NULL, '2021-11-30 17:41:37');
INSERT INTO `sys_oper_log` VALUES (362, '代码生成', 6, 'com.ruoyi.generator.controller.GenController.importTableSave()', 'POST', 1, 'admin', NULL, '/tool/gen/importTable', '127.0.0.1', '内网IP', 'user_test_recordser', '{\"msg\":\"操作成功\",\"code\":200}', 0, NULL, '2021-11-30 17:53:16');
INSERT INTO `sys_oper_log` VALUES (363, '代码生成', 2, 'com.ruoyi.generator.controller.GenController.synchDb()', 'GET', 1, 'admin', NULL, '/tool/gen/synchDb/user_test_recordser', '127.0.0.1', '内网IP', '{tableName=user_test_recordser}', '{\"msg\":\"操作成功\",\"code\":200}', 0, NULL, '2021-12-01 09:36:17');
INSERT INTO `sys_oper_log` VALUES (364, '代码生成', 2, 'com.ruoyi.generator.controller.GenController.editSave()', 'PUT', 1, 'admin', NULL, '/tool/gen', '127.0.0.1', '内网IP', '{\"sub\":false,\"functionAuthor\":\"kooklen\",\"columns\":[{\"capJavaField\":\"Id\",\"usableColumn\":false,\"columnId\":66,\"isIncrement\":\"0\",\"increment\":false,\"insert\":true,\"isList\":\"1\",\"dictType\":\"\",\"required\":false,\"superColumn\":false,\"updateBy\":\"\",\"isInsert\":\"1\",\"javaField\":\"id\",\"htmlType\":\"input\",\"edit\":true,\"query\":true,\"isQuery\":\"1\",\"sort\":1,\"list\":true,\"params\":{},\"javaType\":\"Long\",\"queryType\":\"EQ\",\"columnType\":\"int\",\"createBy\":\"admin\",\"isPk\":\"1\",\"createTime\":1638265996000,\"isEdit\":\"1\",\"tableId\":10,\"pk\":true,\"columnName\":\"id\"},{\"capJavaField\":\"Name\",\"usableColumn\":false,\"columnId\":67,\"isIncrement\":\"0\",\"increment\":false,\"insert\":true,\"isList\":\"1\",\"dictType\":\"\",\"required\":false,\"superColumn\":false,\"updateBy\":\"\",\"isInsert\":\"1\",\"javaField\":\"name\",\"htmlType\":\"input\",\"edit\":true,\"query\":true,\"isQuery\":\"1\",\"sort\":2,\"list\":true,\"params\":{},\"javaType\":\"String\",\"queryType\":\"LIKE\",\"columnType\":\"varchar(255)\",\"createBy\":\"admin\",\"isPk\":\"0\",\"createTime\":1638265996000,\"isEdit\":\"1\",\"tableId\":10,\"pk\":false,\"columnName\":\"name\"},{\"capJavaField\":\"Createtime\",\"usableColumn\":false,\"columnId\":68,\"isIncrement\":\"0\",\"increment\":false,\"insert\":true,\"isList\":\"1\",\"dictType\":\"\",\"required\":false,\"superColumn\":true,\"updateBy\":\"\",\"isInsert\":\"1\",\"javaField\":\"createtime\",\"htmlType\":\"datetime\",\"edit\":true,\"query\":true,\"isQuery\":\"1\",\"sort\":3,\"list\":true,\"params\":{},\"javaType\":\"Date\",\"queryType\":\"EQ\",\"columnType\":\"datetime\",\"createBy\":\"admin\",\"isPk\":\"0\",\"createTime\":1638265996000,\"isEdit\":\"1\",\"tableId\":10,\"pk\":false,\"columnName\":\"createtime\"},{\"capJavaField\":\"Expiretime\",\"usableColumn\":false,\"columnId\":69,\"isIncrement\":\"0\",\"increment\":false,\"insert\":true,\"isList\":\"1\",\"dictType\":\"\",\"required\":false,\"superColumn\":false,\"updateBy\":\"\",\"isInsert\":\"1\",\"javaField\":\"expiretime\",\"htmlType\":\"datetime\",\"edit\":true,\"query\":true,\"isQuery\":\"1\",\"sort\":4,\"list\":true,\"params\":{},\"javaType\":\"Date\",\"queryType\":\"EQ\",\"columnType\":\"datetime\",\"createBy\":\"\",\"isPk\":\"0\",\"createTime\":1638322577000,\"isEdit\":\"1\",\"tableId\":10,\"pk\":false,\"col', '{\"msg\":\"操作成功\",\"code\":200}', 0, NULL, '2021-12-01 09:36:50');
INSERT INTO `sys_oper_log` VALUES (365, '代码生成', 8, 'com.ruoyi.generator.controller.GenController.batchGenCode()', 'GET', 1, 'admin', NULL, '/tool/gen/batchGenCode', '127.0.0.1', '内网IP', '{}', NULL, 0, NULL, '2021-12-01 09:37:06');
INSERT INTO `sys_oper_log` VALUES (366, '代码生成', 2, 'com.ruoyi.generator.controller.GenController.synchDb()', 'GET', 1, 'admin', NULL, '/tool/gen/synchDb/user_test_recordser', '127.0.0.1', '内网IP', '{tableName=user_test_recordser}', '{\"msg\":\"操作成功\",\"code\":200}', 0, NULL, '2021-12-01 09:38:01');
INSERT INTO `sys_oper_log` VALUES (367, '代码生成', 8, 'com.ruoyi.generator.controller.GenController.batchGenCode()', 'GET', 1, 'admin', NULL, '/tool/gen/batchGenCode', '127.0.0.1', '内网IP', '{}', NULL, 0, NULL, '2021-12-01 09:38:12');
INSERT INTO `sys_oper_log` VALUES (368, '代码生成', 2, 'com.ruoyi.generator.controller.GenController.editSave()', 'PUT', 1, 'admin', NULL, '/tool/gen', '127.0.0.1', '内网IP', '{\"sub\":false,\"functionAuthor\":\"kooklen\",\"columns\":[{\"capJavaField\":\"Id\",\"usableColumn\":false,\"columnId\":65,\"isIncrement\":\"0\",\"increment\":false,\"insert\":true,\"dictType\":\"\",\"required\":false,\"superColumn\":false,\"updateBy\":\"\",\"isInsert\":\"1\",\"javaField\":\"id\",\"htmlType\":\"input\",\"edit\":false,\"query\":false,\"columnComment\":\"用户id\",\"sort\":1,\"list\":false,\"params\":{},\"javaType\":\"Long\",\"queryType\":\"EQ\",\"columnType\":\"int\",\"createBy\":\"\",\"isPk\":\"1\",\"createTime\":1638264552000,\"tableId\":9,\"pk\":true,\"columnName\":\"id\"},{\"capJavaField\":\"Username\",\"usableColumn\":false,\"columnId\":58,\"isIncrement\":\"0\",\"increment\":false,\"insert\":true,\"isList\":\"1\",\"dictType\":\"\",\"required\":true,\"superColumn\":false,\"updateBy\":\"\",\"isInsert\":\"1\",\"isRequired\":\"1\",\"javaField\":\"username\",\"htmlType\":\"input\",\"edit\":true,\"query\":true,\"columnComment\":\"用户名\",\"isQuery\":\"1\",\"updateTime\":1638258735000,\"sort\":2,\"list\":true,\"params\":{},\"javaType\":\"String\",\"queryType\":\"LIKE\",\"columnType\":\"varchar(255)\",\"createBy\":\"admin\",\"isPk\":\"0\",\"createTime\":1638258611000,\"isEdit\":\"1\",\"tableId\":9,\"pk\":false,\"columnName\":\"username\"},{\"capJavaField\":\"Region\",\"usableColumn\":false,\"columnId\":59,\"isIncrement\":\"0\",\"increment\":false,\"insert\":true,\"isList\":\"1\",\"dictType\":\"\",\"required\":true,\"superColumn\":false,\"updateBy\":\"\",\"isInsert\":\"1\",\"isRequired\":\"1\",\"javaField\":\"region\",\"htmlType\":\"input\",\"edit\":true,\"query\":true,\"columnComment\":\"地区\",\"isQuery\":\"1\",\"updateTime\":1638258735000,\"sort\":3,\"list\":true,\"params\":{},\"javaType\":\"String\",\"queryType\":\"EQ\",\"columnType\":\"varchar(255)\",\"createBy\":\"admin\",\"isPk\":\"0\",\"createTime\":1638258611000,\"isEdit\":\"1\",\"tableId\":9,\"pk\":false,\"columnName\":\"region\"},{\"capJavaField\":\"Createtime\",\"usableColumn\":false,\"columnId\":60,\"isIncrement\":\"0\",\"increment\":false,\"insert\":true,\"isList\":\"1\",\"dictType\":\"\",\"required\":true,\"superColumn\":true,\"updateBy\":\"\",\"isInsert\":\"1\",\"isRequired\":\"1\",\"javaField\":\"createtime\",\"htmlType\":\"datetime\",\"edit\":true,\"query\":true,\"columnComment\":\"创建时间\",\"isQuery\":\"1\",\"updateTime\":1638258735000,\"sort\":4,', '{\"msg\":\"操作成功\",\"code\":200}', 0, NULL, '2021-12-01 09:53:52');
INSERT INTO `sys_oper_log` VALUES (369, '代码生成', 2, 'com.ruoyi.generator.controller.GenController.synchDb()', 'GET', 1, 'admin', NULL, '/tool/gen/synchDb/user_account_management', '127.0.0.1', '内网IP', '{tableName=user_account_management}', '{\"msg\":\"操作成功\",\"code\":200}', 0, NULL, '2021-12-01 09:54:33');
INSERT INTO `sys_oper_log` VALUES (370, '代码生成', 2, 'com.ruoyi.generator.controller.GenController.editSave()', 'PUT', 1, 'admin', NULL, '/tool/gen', '127.0.0.1', '内网IP', '{\"sub\":false,\"functionAuthor\":\"kooklen\",\"columns\":[{\"capJavaField\":\"Id\",\"usableColumn\":false,\"columnId\":65,\"isIncrement\":\"0\",\"increment\":false,\"insert\":true,\"dictType\":\"\",\"required\":false,\"superColumn\":false,\"updateBy\":\"\",\"isInsert\":\"1\",\"javaField\":\"id\",\"htmlType\":\"input\",\"edit\":false,\"query\":false,\"columnComment\":\"用户id\",\"updateTime\":1638323632000,\"sort\":1,\"list\":false,\"params\":{},\"javaType\":\"Long\",\"queryType\":\"EQ\",\"columnType\":\"int\",\"createBy\":\"\",\"isPk\":\"1\",\"createTime\":1638264552000,\"tableId\":9,\"pk\":true,\"columnName\":\"id\"},{\"capJavaField\":\"Username\",\"usableColumn\":false,\"columnId\":58,\"isIncrement\":\"0\",\"increment\":false,\"insert\":true,\"isList\":\"1\",\"dictType\":\"\",\"required\":true,\"superColumn\":false,\"updateBy\":\"\",\"isInsert\":\"1\",\"isRequired\":\"1\",\"javaField\":\"username\",\"htmlType\":\"input\",\"edit\":true,\"query\":true,\"columnComment\":\"用户名\",\"isQuery\":\"1\",\"updateTime\":1638323632000,\"sort\":2,\"list\":true,\"params\":{},\"javaType\":\"String\",\"queryType\":\"LIKE\",\"columnType\":\"varchar(255)\",\"createBy\":\"admin\",\"isPk\":\"0\",\"createTime\":1638258611000,\"isEdit\":\"1\",\"tableId\":9,\"pk\":false,\"columnName\":\"username\"},{\"capJavaField\":\"Region\",\"usableColumn\":false,\"columnId\":59,\"isIncrement\":\"0\",\"increment\":false,\"insert\":true,\"isList\":\"1\",\"dictType\":\"\",\"required\":true,\"superColumn\":false,\"updateBy\":\"\",\"isInsert\":\"1\",\"isRequired\":\"1\",\"javaField\":\"region\",\"htmlType\":\"input\",\"edit\":true,\"query\":true,\"columnComment\":\"地区\",\"isQuery\":\"1\",\"updateTime\":1638323632000,\"sort\":3,\"list\":true,\"params\":{},\"javaType\":\"String\",\"queryType\":\"EQ\",\"columnType\":\"varchar(255)\",\"createBy\":\"admin\",\"isPk\":\"0\",\"createTime\":1638258611000,\"isEdit\":\"1\",\"tableId\":9,\"pk\":false,\"columnName\":\"region\"},{\"capJavaField\":\"Ctime\",\"usableColumn\":false,\"columnId\":72,\"isIncrement\":\"0\",\"increment\":false,\"insert\":true,\"isList\":\"1\",\"dictType\":\"\",\"required\":false,\"superColumn\":false,\"updateBy\":\"\",\"isInsert\":\"1\",\"javaField\":\"ctime\",\"htmlType\":\"datetime\",\"edit\":true,\"query\":true,\"columnComment\":\"创建时间\",\"isQuery\":\"1\",\"sort\":4,\"list\":true,\"params\":{},\"', '{\"msg\":\"操作成功\",\"code\":200}', 0, NULL, '2021-12-01 09:54:43');
INSERT INTO `sys_oper_log` VALUES (371, '代码生成', 8, 'com.ruoyi.generator.controller.GenController.batchGenCode()', 'GET', 1, 'admin', NULL, '/tool/gen/batchGenCode', '127.0.0.1', '内网IP', '{}', NULL, 0, NULL, '2021-12-01 10:04:02');
INSERT INTO `sys_oper_log` VALUES (372, 'userAccountManagement', 1, 'com.ruoyi.test.controller.userAccountManagementController.add()', 'POST', 1, 'admin', NULL, '/userAccountManagement/userAccountManagement', '127.0.0.1', '内网IP', '{\"expiretime\":1669824000000,\"params\":{},\"monitorfunction\":0,\"password\":\"123456\",\"ctime\":1638288000000,\"region\":\"shanghai\",\"searchfunction\":0,\"username\":\"test\"}', NULL, 1, '\r\n### Error updating database.  Cause: java.sql.SQLException: Field \'id\' doesn\'t have a default value\r\n### The error may exist in file [C:\\Users\\DELL\\Desktop\\若依\\ruoyi-admin\\target\\classes\\mapper\\userAccountManagement\\userAccountManagementMapper.xml]\r\n### The error may involve com.ruoyi.test.mapper.userAccountManagementMapper.insertuserAccountManagement-Inline\r\n### The error occurred while setting parameters\r\n### SQL: insert into user_account_management          ( username,             region,             ctime,             expiretime,             password,             searchfunction,             monitorfunction )           values ( ?,             ?,             ?,             ?,             ?,             ?,             ? )\r\n### Cause: java.sql.SQLException: Field \'id\' doesn\'t have a default value\n; Field \'id\' doesn\'t have a default value; nested exception is java.sql.SQLException: Field \'id\' doesn\'t have a default value', '2021-12-01 10:07:48');
INSERT INTO `sys_oper_log` VALUES (373, 'userAccountManagement', 2, 'com.ruoyi.test.controller.userAccountManagementController.edit()', 'PUT', 1, 'admin', NULL, '/userAccountManagement/userAccountManagement', '127.0.0.1', '内网IP', '{\"expiretime\":1669824000000,\"params\":{},\"monitorfunction\":1,\"password\":\"1232332\",\"ctime\":1638288000000,\"id\":1223123,\"region\":\"beijing\",\"searchfunction\":1,\"username\":\"test\"}', '{\"msg\":\"操作失败\",\"code\":500}', 0, NULL, '2021-12-01 10:08:44');
INSERT INTO `sys_oper_log` VALUES (374, 'userAccountManagement', 2, 'com.ruoyi.test.controller.userAccountManagementController.edit()', 'PUT', 1, 'admin', NULL, '/userAccountManagement/userAccountManagement', '127.0.0.1', '内网IP', '{\"expiretime\":1669824000000,\"params\":{},\"monitorfunction\":1,\"password\":\"1232332\",\"ctime\":1638288000000,\"id\":1223123,\"region\":\"beijing\",\"searchfunction\":1,\"username\":\"test\"}', '{\"msg\":\"操作失败\",\"code\":500}', 0, NULL, '2021-12-01 10:08:56');
INSERT INTO `sys_oper_log` VALUES (375, 'userAccountManagement', 2, 'com.ruoyi.test.controller.userAccountManagementController.edit()', 'PUT', 1, 'admin', NULL, '/userAccountManagement/userAccountManagement', '127.0.0.1', '内网IP', '{\"expiretime\":1639065600000,\"params\":{},\"monitorfunction\":1,\"password\":\"2131232\",\"ctime\":1638288000000,\"id\":45968,\"region\":\"shanghai\",\"searchfunction\":1,\"username\":\"bgyukufyu\"}', '{\"msg\":\"操作失败\",\"code\":500}', 0, NULL, '2021-12-01 10:09:43');
INSERT INTO `sys_oper_log` VALUES (376, 'userAccountManagement', 2, 'com.ruoyi.test.controller.userAccountManagementController.edit()', 'PUT', 1, 'admin', NULL, '/userAccountManagement/userAccountManagement', '127.0.0.1', '内网IP', '{\"expiretime\":1639065600000,\"params\":{},\"monitorfunction\":1,\"password\":\"2131232\",\"ctime\":1638288000000,\"id\":45968,\"region\":\"shanghai\",\"searchfunction\":1,\"username\":\"bgyukufyu\"}', '{\"msg\":\"操作失败\",\"code\":500}', 0, NULL, '2021-12-01 10:09:48');
INSERT INTO `sys_oper_log` VALUES (377, 'userAccountManagement', 2, 'com.ruoyi.test.controller.userAccountManagementController.edit()', 'PUT', 1, 'admin', NULL, '/userAccountManagement/userAccountManagement', '127.0.0.1', '内网IP', '{\"expiretime\":1639152000000,\"params\":{},\"monitorfunction\":1,\"password\":\"213123\",\"ctime\":1638288000000,\"id\":2132321,\"region\":\"sadasds\",\"searchfunction\":1,\"username\":\"dsadsads\"}', '{\"msg\":\"操作失败\",\"code\":500}', 0, NULL, '2021-12-01 10:10:49');
INSERT INTO `sys_oper_log` VALUES (378, '代码生成', 8, 'com.ruoyi.generator.controller.GenController.batchGenCode()', 'GET', 1, 'admin', NULL, '/tool/gen/batchGenCode', '127.0.0.1', '内网IP', '{}', NULL, 0, NULL, '2021-12-01 10:14:53');
INSERT INTO `sys_oper_log` VALUES (379, 'UserTestRecordser', 1, 'com.ruoyi.test.controller.UserTestRecordserController.add()', 'POST', 1, 'admin', NULL, '/UserTestRecordser/UserTestRecordser', '127.0.0.1', '内网IP', '{\"etime\":1638288000000,\"name\":\"1545\",\"ctime\":1638288000000,\"params\":{}}', NULL, 1, '\r\n### Error updating database.  Cause: java.sql.SQLException: Field \'id\' doesn\'t have a default value\r\n### The error may exist in file [C:\\Users\\DELL\\Desktop\\若依\\ruoyi-admin\\target\\classes\\mapper\\UserTestRecordser\\UserTestRecordserMapper.xml]\r\n### The error may involve com.ruoyi.test.mapper.UserTestRecordserMapper.insertUserTestRecordser-Inline\r\n### The error occurred while setting parameters\r\n### SQL: insert into user_test_recordser          ( name,             ctime,             etime )           values ( ?,             ?,             ? )\r\n### Cause: java.sql.SQLException: Field \'id\' doesn\'t have a default value\n; Field \'id\' doesn\'t have a default value; nested exception is java.sql.SQLException: Field \'id\' doesn\'t have a default value', '2021-12-01 10:27:58');
INSERT INTO `sys_oper_log` VALUES (380, 'UserTestRecordser', 2, 'com.ruoyi.test.controller.UserTestRecordserController.edit()', 'PUT', 1, 'admin', NULL, '/UserTestRecordser/UserTestRecordser', '127.0.0.1', '内网IP', '{\"etime\":1639152000000,\"name\":\"dsads\",\"ctime\":1638288000000,\"id\":213213,\"params\":{}}', '{\"msg\":\"操作失败\",\"code\":500}', 0, NULL, '2021-12-01 10:29:44');
INSERT INTO `sys_oper_log` VALUES (381, 'UserTestRecordser', 2, 'com.ruoyi.test.controller.UserTestRecordserController.edit()', 'PUT', 1, 'admin', NULL, '/UserTestRecordser/UserTestRecordser', '127.0.0.1', '内网IP', '{\"etime\":1639152000000,\"name\":\"dsads\",\"ctime\":1638288000000,\"id\":213213,\"params\":{}}', '{\"msg\":\"操作失败\",\"code\":500}', 0, NULL, '2021-12-01 10:29:53');
INSERT INTO `sys_oper_log` VALUES (382, 'UserTestRecordser', 2, 'com.ruoyi.test.controller.UserTestRecordserController.edit()', 'PUT', 1, 'admin', NULL, '/UserTestRecordser/UserTestRecordser', '127.0.0.1', '内网IP', '{\"etime\":1638460800000,\"name\":\"dsadsa\",\"ctime\":1638288000000,\"id\":123123,\"params\":{}}', '{\"msg\":\"操作失败\",\"code\":500}', 0, NULL, '2021-12-01 11:00:27');
INSERT INTO `sys_oper_log` VALUES (383, 'UserTestRecordser', 2, 'com.ruoyi.test.controller.UserTestRecordserController.edit()', 'PUT', 1, 'admin', NULL, '/UserTestRecordser/UserTestRecordser', '127.0.0.1', '内网IP', '{\"etime\":1640880000000,\"name\":\"sdadas\",\"ctime\":1638288000000,\"id\":123123,\"params\":{}}', '{\"msg\":\"操作失败\",\"code\":500}', 0, NULL, '2021-12-01 11:00:55');
INSERT INTO `sys_oper_log` VALUES (384, '代码生成', 8, 'com.ruoyi.generator.controller.GenController.batchGenCode()', 'GET', 1, 'admin', NULL, '/tool/gen/batchGenCode', '127.0.0.1', '内网IP', '{}', NULL, 0, NULL, '2021-12-01 11:02:40');
INSERT INTO `sys_oper_log` VALUES (385, '代码生成', 8, 'com.ruoyi.generator.controller.GenController.batchGenCode()', 'GET', 1, 'admin', NULL, '/tool/gen/batchGenCode', '127.0.0.1', '内网IP', '{}', NULL, 0, NULL, '2021-12-01 11:31:17');
INSERT INTO `sys_oper_log` VALUES (386, '代码生成', 2, 'com.ruoyi.generator.controller.GenController.synchDb()', 'GET', 1, 'admin', NULL, '/tool/gen/synchDb/user_test_recordser', '127.0.0.1', '内网IP', '{tableName=user_test_recordser}', '{\"msg\":\"操作成功\",\"code\":200}', 0, NULL, '2021-12-01 11:31:20');
INSERT INTO `sys_oper_log` VALUES (387, '代码生成', 8, 'com.ruoyi.generator.controller.GenController.batchGenCode()', 'GET', 1, 'admin', NULL, '/tool/gen/batchGenCode', '127.0.0.1', '内网IP', '{}', NULL, 0, NULL, '2021-12-01 11:31:28');
INSERT INTO `sys_oper_log` VALUES (388, 'UserTestRecordser', 1, 'com.ruoyi.test.controller.UserTestRecordserController.add()', 'POST', 1, 'admin', NULL, '/UserTestRecordser/UserTestRecordser', '127.0.0.1', '内网IP', '{\"etime\":1638288000000,\"name\":\"sdadasd\",\"params\":{}}', NULL, 1, '\r\n### Error updating database.  Cause: java.sql.SQLException: Field \'id\' doesn\'t have a default value\r\n### The error may exist in file [C:\\Users\\DELL\\Desktop\\若依\\ruoyi-admin\\target\\classes\\mapper\\UserTestRecordser\\UserTestRecordserMapper.xml]\r\n### The error may involve com.ruoyi.test.mapper.UserTestRecordserMapper.insertUserTestRecordser-Inline\r\n### The error occurred while setting parameters\r\n### SQL: insert into user_test_recordser          ( name,             etime )           values ( ?,             ? )\r\n### Cause: java.sql.SQLException: Field \'id\' doesn\'t have a default value\n; Field \'id\' doesn\'t have a default value; nested exception is java.sql.SQLException: Field \'id\' doesn\'t have a default value', '2021-12-01 11:33:27');
INSERT INTO `sys_oper_log` VALUES (389, 'UserTestRecordser', 2, 'com.ruoyi.test.controller.UserTestRecordserController.edit()', 'PUT', 1, 'admin', NULL, '/UserTestRecordser/UserTestRecordser', '127.0.0.1', '内网IP', '{\"etime\":1638288000000,\"name\":\"23232\",\"id\":23232,\"params\":{}}', '{\"msg\":\"操作失败\",\"code\":500}', 0, NULL, '2021-12-01 11:34:22');
INSERT INTO `sys_oper_log` VALUES (390, '代码生成', 2, 'com.ruoyi.generator.controller.GenController.editSave()', 'PUT', 1, 'admin', NULL, '/tool/gen', '127.0.0.1', '内网IP', '{\"sub\":false,\"functionAuthor\":\"kooklen\",\"columns\":[{\"capJavaField\":\"Id\",\"usableColumn\":false,\"columnId\":66,\"isIncrement\":\"0\",\"increment\":false,\"insert\":true,\"isList\":\"1\",\"dictType\":\"\",\"required\":true,\"superColumn\":false,\"updateBy\":\"\",\"isInsert\":\"1\",\"isRequired\":\"1\",\"javaField\":\"id\",\"htmlType\":\"input\",\"edit\":true,\"query\":true,\"columnComment\":\"id\",\"isQuery\":\"1\",\"updateTime\":1638322610000,\"sort\":1,\"list\":true,\"params\":{},\"javaType\":\"Long\",\"queryType\":\"EQ\",\"columnType\":\"int\",\"createBy\":\"admin\",\"isPk\":\"1\",\"createTime\":1638265996000,\"isEdit\":\"1\",\"tableId\":10,\"pk\":true,\"columnName\":\"id\"},{\"capJavaField\":\"Name\",\"usableColumn\":false,\"columnId\":67,\"isIncrement\":\"0\",\"increment\":false,\"insert\":true,\"isList\":\"1\",\"dictType\":\"\",\"required\":true,\"superColumn\":false,\"updateBy\":\"\",\"isInsert\":\"1\",\"isRequired\":\"1\",\"javaField\":\"name\",\"htmlType\":\"input\",\"edit\":true,\"query\":true,\"columnComment\":\"name\",\"isQuery\":\"1\",\"updateTime\":1638322610000,\"sort\":2,\"list\":true,\"params\":{},\"javaType\":\"String\",\"queryType\":\"LIKE\",\"columnType\":\"varchar(255)\",\"createBy\":\"admin\",\"isPk\":\"0\",\"createTime\":1638265996000,\"isEdit\":\"1\",\"tableId\":10,\"pk\":false,\"columnName\":\"name\"},{\"capJavaField\":\"Etime\",\"usableColumn\":false,\"columnId\":71,\"isIncrement\":\"0\",\"increment\":false,\"insert\":true,\"isList\":\"1\",\"dictType\":\"\",\"required\":true,\"superColumn\":false,\"updateBy\":\"\",\"isInsert\":\"1\",\"isRequired\":\"1\",\"javaField\":\"etime\",\"htmlType\":\"datetime\",\"edit\":true,\"query\":true,\"columnComment\":\"etime\",\"isQuery\":\"1\",\"sort\":4,\"list\":true,\"params\":{},\"javaType\":\"Date\",\"queryType\":\"EQ\",\"columnType\":\"datetime\",\"createBy\":\"\",\"isPk\":\"0\",\"createTime\":1638322681000,\"isEdit\":\"1\",\"tableId\":10,\"pk\":false,\"columnName\":\"etime\"}],\"businessName\":\"UserTestRecordser\",\"moduleName\":\"UserTestRecordser\",\"className\":\"UserTestRecordser\",\"tableName\":\"user_test_recordser\",\"crud\":true,\"options\":\"{\\\"parentMenuId\\\":\\\"2081\\\"}\",\"genType\":\"0\",\"packageName\":\"com.ruoyi.test\",\"functionName\":\"UserTestRecordser\",\"tree\":false,\"tableComment\":\"test\",\"params\":{\"parentMenuId\":', '{\"msg\":\"操作成功\",\"code\":200}', 0, NULL, '2021-12-01 11:35:18');
INSERT INTO `sys_oper_log` VALUES (391, '代码生成', 8, 'com.ruoyi.generator.controller.GenController.batchGenCode()', 'GET', 1, 'admin', NULL, '/tool/gen/batchGenCode', '127.0.0.1', '内网IP', '{}', NULL, 0, NULL, '2021-12-01 11:35:33');
INSERT INTO `sys_oper_log` VALUES (392, 'UserTestRecordser', 2, 'com.ruoyi.test.controller.UserTestRecordserController.edit()', 'PUT', 1, 'admin', NULL, '/UserTestRecordser/UserTestRecordser', '127.0.0.1', '内网IP', '{\"etime\":1638288000000,\"name\":\"sadsadas\",\"id\":213213,\"params\":{}}', '{\"msg\":\"操作失败\",\"code\":500}', 0, NULL, '2021-12-01 11:43:47');
INSERT INTO `sys_oper_log` VALUES (393, '代码生成', 2, 'com.ruoyi.generator.controller.GenController.editSave()', 'PUT', 1, 'admin', NULL, '/tool/gen', '127.0.0.1', '内网IP', '{\"sub\":false,\"functionAuthor\":\"kooklen\",\"columns\":[{\"capJavaField\":\"Userid\",\"usableColumn\":false,\"columnId\":1,\"isIncrement\":\"0\",\"increment\":false,\"insert\":true,\"isList\":\"1\",\"dictType\":\"\",\"required\":false,\"superColumn\":false,\"updateBy\":\"\",\"isInsert\":\"1\",\"javaField\":\"userid\",\"htmlType\":\"input\",\"edit\":true,\"query\":true,\"columnComment\":\"用户id\",\"isQuery\":\"1\",\"updateTime\":1638178545000,\"sort\":1,\"list\":true,\"params\":{},\"javaType\":\"String\",\"queryType\":\"EQ\",\"columnType\":\"varchar(255)\",\"createBy\":\"admin\",\"isPk\":\"0\",\"createTime\":1638171797000,\"isEdit\":\"1\",\"tableId\":1,\"pk\":false,\"columnName\":\"userid\"},{\"capJavaField\":\"Recordnumber\",\"usableColumn\":false,\"columnId\":2,\"isIncrement\":\"1\",\"increment\":true,\"insert\":true,\"isList\":\"1\",\"dictType\":\"\",\"required\":false,\"superColumn\":false,\"updateBy\":\"\",\"isInsert\":\"1\",\"javaField\":\"recordnumber\",\"htmlType\":\"input\",\"edit\":true,\"query\":true,\"columnComment\":\"记录号\",\"isQuery\":\"1\",\"updateTime\":1638178545000,\"sort\":2,\"list\":true,\"params\":{},\"javaType\":\"Long\",\"queryType\":\"EQ\",\"columnType\":\"int\",\"createBy\":\"admin\",\"isPk\":\"1\",\"createTime\":1638171797000,\"isEdit\":\"1\",\"tableId\":1,\"pk\":true,\"columnName\":\"recordnumber\"},{\"capJavaField\":\"Username\",\"usableColumn\":false,\"columnId\":3,\"isIncrement\":\"0\",\"increment\":false,\"insert\":true,\"isList\":\"1\",\"dictType\":\"\",\"required\":false,\"superColumn\":false,\"updateBy\":\"\",\"isInsert\":\"1\",\"javaField\":\"username\",\"htmlType\":\"input\",\"edit\":true,\"query\":true,\"columnComment\":\"用户名\",\"isQuery\":\"1\",\"updateTime\":1638178545000,\"sort\":3,\"list\":true,\"params\":{},\"javaType\":\"String\",\"queryType\":\"LIKE\",\"columnType\":\"varchar(255)\",\"createBy\":\"admin\",\"isPk\":\"0\",\"createTime\":1638171797000,\"isEdit\":\"1\",\"tableId\":1,\"pk\":false,\"columnName\":\"username\"},{\"capJavaField\":\"Companyid\",\"usableColumn\":false,\"columnId\":4,\"isIncrement\":\"0\",\"increment\":false,\"insert\":true,\"isList\":\"1\",\"dictType\":\"\",\"required\":false,\"superColumn\":false,\"updateBy\":\"\",\"isInsert\":\"1\",\"javaField\":\"companyid\",\"htmlType\":\"input\",\"edit\":true,\"query\":true,\"columnComment\":\"公司id\",\"isQuer', '{\"msg\":\"操作成功\",\"code\":200}', 0, NULL, '2021-12-01 11:49:46');
INSERT INTO `sys_oper_log` VALUES (394, '代码生成', 8, 'com.ruoyi.generator.controller.GenController.batchGenCode()', 'GET', 1, 'admin', NULL, '/tool/gen/batchGenCode', '127.0.0.1', '内网IP', '{}', NULL, 0, NULL, '2021-12-01 11:49:50');
INSERT INTO `sys_oper_log` VALUES (395, '代码生成', 2, 'com.ruoyi.generator.controller.GenController.editSave()', 'PUT', 1, 'admin', NULL, '/tool/gen', '127.0.0.1', '内网IP', '{\"sub\":false,\"functionAuthor\":\"kooklen\",\"columns\":[{\"capJavaField\":\"Userid\",\"usableColumn\":false,\"columnId\":1,\"isIncrement\":\"0\",\"increment\":false,\"insert\":true,\"isList\":\"1\",\"dictType\":\"\",\"required\":false,\"superColumn\":false,\"updateBy\":\"\",\"isInsert\":\"1\",\"javaField\":\"userid\",\"htmlType\":\"input\",\"edit\":true,\"query\":true,\"columnComment\":\"用户id\",\"isQuery\":\"1\",\"updateTime\":1638330586000,\"sort\":1,\"list\":true,\"params\":{},\"javaType\":\"String\",\"queryType\":\"EQ\",\"columnType\":\"varchar(255)\",\"createBy\":\"admin\",\"isPk\":\"0\",\"createTime\":1638171797000,\"isEdit\":\"1\",\"tableId\":1,\"pk\":false,\"columnName\":\"userid\"},{\"capJavaField\":\"Recordnumber\",\"usableColumn\":false,\"columnId\":2,\"isIncrement\":\"1\",\"increment\":true,\"insert\":true,\"isList\":\"1\",\"dictType\":\"\",\"required\":false,\"superColumn\":false,\"updateBy\":\"\",\"isInsert\":\"1\",\"javaField\":\"recordnumber\",\"htmlType\":\"input\",\"edit\":true,\"query\":true,\"columnComment\":\"记录号\",\"isQuery\":\"1\",\"updateTime\":1638330586000,\"sort\":2,\"list\":true,\"params\":{},\"javaType\":\"Long\",\"queryType\":\"EQ\",\"columnType\":\"int\",\"createBy\":\"admin\",\"isPk\":\"1\",\"createTime\":1638171797000,\"isEdit\":\"1\",\"tableId\":1,\"pk\":true,\"columnName\":\"recordnumber\"},{\"capJavaField\":\"Username\",\"usableColumn\":false,\"columnId\":3,\"isIncrement\":\"0\",\"increment\":false,\"insert\":true,\"isList\":\"1\",\"dictType\":\"\",\"required\":false,\"superColumn\":false,\"updateBy\":\"\",\"isInsert\":\"1\",\"javaField\":\"username\",\"htmlType\":\"input\",\"edit\":true,\"query\":true,\"columnComment\":\"用户名\",\"isQuery\":\"1\",\"updateTime\":1638330586000,\"sort\":3,\"list\":true,\"params\":{},\"javaType\":\"String\",\"queryType\":\"LIKE\",\"columnType\":\"varchar(255)\",\"createBy\":\"admin\",\"isPk\":\"0\",\"createTime\":1638171797000,\"isEdit\":\"1\",\"tableId\":1,\"pk\":false,\"columnName\":\"username\"},{\"capJavaField\":\"Companyid\",\"usableColumn\":false,\"columnId\":4,\"isIncrement\":\"0\",\"increment\":false,\"insert\":true,\"isList\":\"1\",\"dictType\":\"\",\"required\":false,\"superColumn\":false,\"updateBy\":\"\",\"isInsert\":\"1\",\"javaField\":\"companyid\",\"htmlType\":\"input\",\"edit\":true,\"query\":true,\"columnComment\":\"公司id\",\"isQuer', '{\"msg\":\"操作成功\",\"code\":200}', 0, NULL, '2021-12-01 11:51:32');
INSERT INTO `sys_oper_log` VALUES (396, '代码生成', 8, 'com.ruoyi.generator.controller.GenController.batchGenCode()', 'GET', 1, 'admin', NULL, '/tool/gen/batchGenCode', '127.0.0.1', '内网IP', '{}', NULL, 0, NULL, '2021-12-01 11:51:35');
INSERT INTO `sys_oper_log` VALUES (397, '用户搜索记录', 1, 'com.ruoyi.test.controller.UserSearchRecordController.add()', 'POST', 1, 'admin', NULL, '/userSearchRecord/userSearchRecord', '127.0.0.1', '内网IP', '{\"searchtime\":1638288000000,\"params\":{},\"recordnumber\":5,\"userid\":\"321312\",\"companyid\":3213213,\"companyname\":\"dsadas\",\"state\":\"1\",\"username\":\"sadasd\"}', '{\"msg\":\"操作成功\",\"code\":200}', 0, NULL, '2021-12-01 11:52:17');
INSERT INTO `sys_oper_log` VALUES (398, '代码生成', 6, 'com.ruoyi.generator.controller.GenController.importTableSave()', 'POST', 1, 'admin', NULL, '/tool/gen/importTable', '127.0.0.1', '内网IP', 'user_serarch_recorddd', '{\"msg\":\"操作成功\",\"code\":200}', 0, NULL, '2021-12-01 11:54:03');
INSERT INTO `sys_oper_log` VALUES (399, '代码生成', 2, 'com.ruoyi.generator.controller.GenController.editSave()', 'PUT', 1, 'admin', NULL, '/tool/gen', '127.0.0.1', '内网IP', '{\"sub\":false,\"functionAuthor\":\"kooklen\",\"columns\":[{\"capJavaField\":\"Userid\",\"usableColumn\":false,\"columnId\":73,\"isIncrement\":\"0\",\"increment\":false,\"insert\":true,\"isList\":\"1\",\"dictType\":\"\",\"required\":false,\"superColumn\":false,\"updateBy\":\"\",\"isInsert\":\"1\",\"javaField\":\"userid\",\"htmlType\":\"input\",\"edit\":true,\"query\":true,\"isQuery\":\"1\",\"sort\":1,\"list\":true,\"params\":{},\"javaType\":\"String\",\"queryType\":\"EQ\",\"columnType\":\"varchar(255)\",\"createBy\":\"admin\",\"isPk\":\"0\",\"createTime\":1638330843000,\"isEdit\":\"1\",\"tableId\":11,\"pk\":false,\"columnName\":\"userid\"},{\"capJavaField\":\"Recordnumber\",\"usableColumn\":false,\"columnId\":74,\"isIncrement\":\"1\",\"increment\":true,\"insert\":true,\"dictType\":\"\",\"required\":false,\"superColumn\":false,\"updateBy\":\"\",\"isInsert\":\"1\",\"javaField\":\"recordnumber\",\"htmlType\":\"input\",\"edit\":false,\"query\":false,\"sort\":2,\"list\":false,\"params\":{},\"javaType\":\"Long\",\"queryType\":\"EQ\",\"columnType\":\"int\",\"createBy\":\"admin\",\"isPk\":\"1\",\"createTime\":1638330843000,\"tableId\":11,\"pk\":true,\"columnName\":\"recordnumber\"},{\"capJavaField\":\"Username\",\"usableColumn\":false,\"columnId\":75,\"isIncrement\":\"0\",\"increment\":false,\"insert\":true,\"isList\":\"1\",\"dictType\":\"\",\"required\":false,\"superColumn\":false,\"updateBy\":\"\",\"isInsert\":\"1\",\"javaField\":\"username\",\"htmlType\":\"input\",\"edit\":true,\"query\":true,\"isQuery\":\"1\",\"sort\":3,\"list\":true,\"params\":{},\"javaType\":\"String\",\"queryType\":\"LIKE\",\"columnType\":\"varchar(255)\",\"createBy\":\"admin\",\"isPk\":\"0\",\"createTime\":1638330843000,\"isEdit\":\"1\",\"tableId\":11,\"pk\":false,\"columnName\":\"username\"},{\"capJavaField\":\"Companyid\",\"usableColumn\":false,\"columnId\":76,\"isIncrement\":\"0\",\"increment\":false,\"insert\":true,\"isList\":\"1\",\"dictType\":\"\",\"required\":false,\"superColumn\":false,\"updateBy\":\"\",\"isInsert\":\"1\",\"javaField\":\"companyid\",\"htmlType\":\"input\",\"edit\":true,\"query\":true,\"isQuery\":\"1\",\"sort\":4,\"list\":true,\"params\":{},\"javaType\":\"Long\",\"queryType\":\"EQ\",\"columnType\":\"int\",\"createBy\":\"admin\",\"isPk\":\"0\",\"createTime\":1638330843000,\"isEdit\":\"1\",\"tableId\":11,\"pk\":false,\"columnName\":', '{\"msg\":\"操作成功\",\"code\":200}', 0, NULL, '2021-12-01 11:54:47');
INSERT INTO `sys_oper_log` VALUES (400, '代码生成', 8, 'com.ruoyi.generator.controller.GenController.batchGenCode()', 'GET', 1, 'admin', NULL, '/tool/gen/batchGenCode', '127.0.0.1', '内网IP', '{}', NULL, 0, NULL, '2021-12-01 11:54:56');
INSERT INTO `sys_oper_log` VALUES (401, '代码生成', 8, 'com.ruoyi.generator.controller.GenController.batchGenCode()', 'GET', 1, 'admin', NULL, '/tool/gen/batchGenCode', '127.0.0.1', '内网IP', '{}', NULL, 0, NULL, '2021-12-01 14:22:40');
INSERT INTO `sys_oper_log` VALUES (402, '用户搜索记录2', 1, 'com.ruoyi.test.controller.UserSerarchRecordddController.add()', 'POST', 1, 'admin', NULL, '/userSerarchRecorddd/userSerarchRecorddd', '127.0.0.1', '内网IP', '{\"endtime\":1640102400000,\"starttime\":1638288000000,\"params\":{},\"recordnumber\":1,\"userid\":\"213123\",\"companyid\":123123,\"companyname\":\"dasdasd\",\"state\":\"1\",\"username\":\"dasdasd\"}', '{\"msg\":\"操作成功\",\"code\":200}', 0, NULL, '2021-12-01 14:26:28');
INSERT INTO `sys_oper_log` VALUES (403, '代码生成', 8, 'com.ruoyi.generator.controller.GenController.batchGenCode()', 'GET', 1, 'admin', NULL, '/tool/gen/batchGenCode', '127.0.0.1', '内网IP', '{}', NULL, 0, NULL, '2021-12-01 14:27:01');
INSERT INTO `sys_oper_log` VALUES (404, '菜单管理', 3, 'com.ruoyi.web.controller.system.SysMenuController.remove()', 'DELETE', 1, 'admin', NULL, '/system/menu/2095', '127.0.0.1', '内网IP', '{menuId=2095}', '{\"msg\":\"操作成功\",\"code\":200}', 0, NULL, '2021-12-01 14:33:31');
INSERT INTO `sys_oper_log` VALUES (405, '菜单管理', 3, 'com.ruoyi.web.controller.system.SysMenuController.remove()', 'DELETE', 1, 'admin', NULL, '/system/menu/2096', '127.0.0.1', '内网IP', '{menuId=2096}', '{\"msg\":\"操作成功\",\"code\":200}', 0, NULL, '2021-12-01 14:33:34');
INSERT INTO `sys_oper_log` VALUES (406, '菜单管理', 3, 'com.ruoyi.web.controller.system.SysMenuController.remove()', 'DELETE', 1, 'admin', NULL, '/system/menu/2097', '127.0.0.1', '内网IP', '{menuId=2097}', '{\"msg\":\"操作成功\",\"code\":200}', 0, NULL, '2021-12-01 14:33:36');
INSERT INTO `sys_oper_log` VALUES (407, '菜单管理', 3, 'com.ruoyi.web.controller.system.SysMenuController.remove()', 'DELETE', 1, 'admin', NULL, '/system/menu/2098', '127.0.0.1', '内网IP', '{menuId=2098}', '{\"msg\":\"操作成功\",\"code\":200}', 0, NULL, '2021-12-01 14:33:37');
INSERT INTO `sys_oper_log` VALUES (408, '菜单管理', 3, 'com.ruoyi.web.controller.system.SysMenuController.remove()', 'DELETE', 1, 'admin', NULL, '/system/menu/2099', '127.0.0.1', '内网IP', '{menuId=2099}', '{\"msg\":\"操作成功\",\"code\":200}', 0, NULL, '2021-12-01 14:33:39');
INSERT INTO `sys_oper_log` VALUES (409, '菜单管理', 3, 'com.ruoyi.web.controller.system.SysMenuController.remove()', 'DELETE', 1, 'admin', NULL, '/system/menu/2094', '127.0.0.1', '内网IP', '{menuId=2094}', '{\"msg\":\"操作成功\",\"code\":200}', 0, NULL, '2021-12-01 14:33:40');
INSERT INTO `sys_oper_log` VALUES (410, '菜单管理', 3, 'com.ruoyi.web.controller.system.SysMenuController.remove()', 'DELETE', 1, 'admin', NULL, '/system/menu/2101', '127.0.0.1', '内网IP', '{menuId=2101}', '{\"msg\":\"操作成功\",\"code\":200}', 0, NULL, '2021-12-01 14:33:43');
INSERT INTO `sys_oper_log` VALUES (411, '菜单管理', 3, 'com.ruoyi.web.controller.system.SysMenuController.remove()', 'DELETE', 1, 'admin', NULL, '/system/menu/2102', '127.0.0.1', '内网IP', '{menuId=2102}', '{\"msg\":\"操作成功\",\"code\":200}', 0, NULL, '2021-12-01 14:33:45');
INSERT INTO `sys_oper_log` VALUES (412, '菜单管理', 3, 'com.ruoyi.web.controller.system.SysMenuController.remove()', 'DELETE', 1, 'admin', NULL, '/system/menu/2103', '127.0.0.1', '内网IP', '{menuId=2103}', '{\"msg\":\"操作成功\",\"code\":200}', 0, NULL, '2021-12-01 14:33:46');
INSERT INTO `sys_oper_log` VALUES (413, '菜单管理', 3, 'com.ruoyi.web.controller.system.SysMenuController.remove()', 'DELETE', 1, 'admin', NULL, '/system/menu/2104', '127.0.0.1', '内网IP', '{menuId=2104}', '{\"msg\":\"操作成功\",\"code\":200}', 0, NULL, '2021-12-01 14:33:47');
INSERT INTO `sys_oper_log` VALUES (414, '菜单管理', 3, 'com.ruoyi.web.controller.system.SysMenuController.remove()', 'DELETE', 1, 'admin', NULL, '/system/menu/2105', '127.0.0.1', '内网IP', '{menuId=2105}', '{\"msg\":\"操作成功\",\"code\":200}', 0, NULL, '2021-12-01 14:33:49');
INSERT INTO `sys_oper_log` VALUES (415, '菜单管理', 3, 'com.ruoyi.web.controller.system.SysMenuController.remove()', 'DELETE', 1, 'admin', NULL, '/system/menu/2100', '127.0.0.1', '内网IP', '{menuId=2100}', '{\"msg\":\"操作成功\",\"code\":200}', 0, NULL, '2021-12-01 14:33:50');
INSERT INTO `sys_oper_log` VALUES (416, '菜单管理', 3, 'com.ruoyi.web.controller.system.SysMenuController.remove()', 'DELETE', 1, 'admin', NULL, '/system/menu/2112', '127.0.0.1', '内网IP', '{menuId=2112}', '{\"msg\":\"存在子菜单,不允许删除\",\"code\":500}', 0, NULL, '2021-12-01 14:33:53');
INSERT INTO `sys_oper_log` VALUES (417, '菜单管理', 3, 'com.ruoyi.web.controller.system.SysMenuController.remove()', 'DELETE', 1, 'admin', NULL, '/system/menu/2113', '127.0.0.1', '内网IP', '{menuId=2113}', '{\"msg\":\"操作成功\",\"code\":200}', 0, NULL, '2021-12-01 14:33:57');
INSERT INTO `sys_oper_log` VALUES (418, '菜单管理', 3, 'com.ruoyi.web.controller.system.SysMenuController.remove()', 'DELETE', 1, 'admin', NULL, '/system/menu/2112', '127.0.0.1', '内网IP', '{menuId=2112}', '{\"msg\":\"存在子菜单,不允许删除\",\"code\":500}', 0, NULL, '2021-12-01 14:33:58');
INSERT INTO `sys_oper_log` VALUES (419, '菜单管理', 3, 'com.ruoyi.web.controller.system.SysMenuController.remove()', 'DELETE', 1, 'admin', NULL, '/system/menu/2114', '127.0.0.1', '内网IP', '{menuId=2114}', '{\"msg\":\"操作成功\",\"code\":200}', 0, NULL, '2021-12-01 14:33:59');
INSERT INTO `sys_oper_log` VALUES (420, '菜单管理', 3, 'com.ruoyi.web.controller.system.SysMenuController.remove()', 'DELETE', 1, 'admin', NULL, '/system/menu/2115', '127.0.0.1', '内网IP', '{menuId=2115}', '{\"msg\":\"操作成功\",\"code\":200}', 0, NULL, '2021-12-01 14:34:03');
INSERT INTO `sys_oper_log` VALUES (421, '菜单管理', 3, 'com.ruoyi.web.controller.system.SysMenuController.remove()', 'DELETE', 1, 'admin', NULL, '/system/menu/2116', '127.0.0.1', '内网IP', '{menuId=2116}', '{\"msg\":\"操作成功\",\"code\":200}', 0, NULL, '2021-12-01 14:34:05');
INSERT INTO `sys_oper_log` VALUES (422, '菜单管理', 3, 'com.ruoyi.web.controller.system.SysMenuController.remove()', 'DELETE', 1, 'admin', NULL, '/system/menu/2117', '127.0.0.1', '内网IP', '{menuId=2117}', '{\"msg\":\"操作成功\",\"code\":200}', 0, NULL, '2021-12-01 14:34:07');
INSERT INTO `sys_oper_log` VALUES (423, '菜单管理', 3, 'com.ruoyi.web.controller.system.SysMenuController.remove()', 'DELETE', 1, 'admin', NULL, '/system/menu/2112', '127.0.0.1', '内网IP', '{menuId=2112}', '{\"msg\":\"操作成功\",\"code\":200}', 0, NULL, '2021-12-01 14:34:09');
INSERT INTO `sys_oper_log` VALUES (424, '代码生成', 8, 'com.ruoyi.generator.controller.GenController.batchGenCode()', 'GET', 1, 'admin', NULL, '/tool/gen/batchGenCode', '127.0.0.1', '内网IP', '{}', NULL, 0, NULL, '2021-12-01 14:34:23');
INSERT INTO `sys_oper_log` VALUES (425, '代码生成', 8, 'com.ruoyi.generator.controller.GenController.batchGenCode()', 'GET', 1, 'admin', NULL, '/tool/gen/batchGenCode', '127.0.0.1', '内网IP', '{}', NULL, 0, NULL, '2021-12-01 14:38:59');
INSERT INTO `sys_oper_log` VALUES (426, '代码生成', 8, 'com.ruoyi.generator.controller.GenController.batchGenCode()', 'GET', 1, 'admin', NULL, '/tool/gen/batchGenCode', '127.0.0.1', '内网IP', '{}', NULL, 0, NULL, '2021-12-01 14:45:06');
INSERT INTO `sys_oper_log` VALUES (427, '代码生成', 3, 'com.ruoyi.generator.controller.GenController.remove()', 'DELETE', 1, 'admin', NULL, '/tool/gen/11', '127.0.0.1', '内网IP', '{tableIds=11}', '{\"msg\":\"操作成功\",\"code\":200}', 0, NULL, '2021-12-01 14:50:48');
INSERT INTO `sys_oper_log` VALUES (428, '代码生成', 3, 'com.ruoyi.generator.controller.GenController.remove()', 'DELETE', 1, 'admin', NULL, '/tool/gen/10', '127.0.0.1', '内网IP', '{tableIds=10}', '{\"msg\":\"操作成功\",\"code\":200}', 0, NULL, '2021-12-01 14:50:49');
INSERT INTO `sys_oper_log` VALUES (429, '代码生成', 2, 'com.ruoyi.generator.controller.GenController.synchDb()', 'GET', 1, 'admin', NULL, '/tool/gen/synchDb/user_account_management', '127.0.0.1', '内网IP', '{tableName=user_account_management}', '{\"msg\":\"操作成功\",\"code\":200}', 0, NULL, '2021-12-01 14:50:54');
INSERT INTO `sys_oper_log` VALUES (430, '代码生成', 2, 'com.ruoyi.generator.controller.GenController.editSave()', 'PUT', 1, 'admin', NULL, '/tool/gen', '127.0.0.1', '内网IP', '{\"sub\":false,\"functionAuthor\":\"kooklen\",\"columns\":[{\"capJavaField\":\"Userid\",\"usableColumn\":false,\"columnId\":81,\"isIncrement\":\"0\",\"increment\":false,\"insert\":true,\"isList\":\"1\",\"dictType\":\"\",\"required\":true,\"superColumn\":false,\"updateBy\":\"\",\"isInsert\":\"1\",\"isRequired\":\"1\",\"javaField\":\"userid\",\"htmlType\":\"input\",\"edit\":true,\"query\":true,\"columnComment\":\"用户id\",\"isQuery\":\"1\",\"sort\":1,\"list\":true,\"params\":{},\"javaType\":\"String\",\"queryType\":\"EQ\",\"columnType\":\"varchar(255)\",\"createBy\":\"\",\"isPk\":\"1\",\"createTime\":1638341454000,\"isEdit\":\"1\",\"tableId\":9,\"pk\":true,\"columnName\":\"userid\"},{\"capJavaField\":\"Username\",\"usableColumn\":false,\"columnId\":58,\"isIncrement\":\"0\",\"increment\":false,\"insert\":true,\"isList\":\"1\",\"dictType\":\"\",\"required\":true,\"superColumn\":false,\"updateBy\":\"\",\"isInsert\":\"1\",\"isRequired\":\"1\",\"javaField\":\"username\",\"htmlType\":\"input\",\"edit\":true,\"query\":true,\"columnComment\":\"用户名\",\"isQuery\":\"1\",\"updateTime\":1638323683000,\"sort\":2,\"list\":true,\"params\":{},\"javaType\":\"String\",\"queryType\":\"LIKE\",\"columnType\":\"varchar(255)\",\"createBy\":\"admin\",\"isPk\":\"0\",\"createTime\":1638258611000,\"isEdit\":\"1\",\"tableId\":9,\"pk\":false,\"columnName\":\"username\"},{\"capJavaField\":\"Region\",\"usableColumn\":false,\"columnId\":59,\"isIncrement\":\"0\",\"increment\":false,\"insert\":true,\"isList\":\"1\",\"dictType\":\"\",\"required\":true,\"superColumn\":false,\"updateBy\":\"\",\"isInsert\":\"1\",\"isRequired\":\"1\",\"javaField\":\"region\",\"htmlType\":\"input\",\"edit\":true,\"query\":true,\"columnComment\":\"地区\",\"isQuery\":\"1\",\"updateTime\":1638323683000,\"sort\":3,\"list\":true,\"params\":{},\"javaType\":\"String\",\"queryType\":\"EQ\",\"columnType\":\"varchar(255)\",\"createBy\":\"admin\",\"isPk\":\"0\",\"createTime\":1638258611000,\"isEdit\":\"1\",\"tableId\":9,\"pk\":false,\"columnName\":\"region\"},{\"capJavaField\":\"Starttime\",\"usableColumn\":false,\"columnId\":82,\"isIncrement\":\"0\",\"increment\":false,\"insert\":true,\"isList\":\"1\",\"dictType\":\"\",\"required\":true,\"superColumn\":false,\"updateBy\":\"\",\"isInsert\":\"1\",\"isRequired\":\"1\",\"javaField\":\"starttime\",\"htmlType\":\"datetime\",\"edit\":true,\"query\":tru', '{\"msg\":\"操作成功\",\"code\":200}', 0, NULL, '2021-12-01 14:51:40');
INSERT INTO `sys_oper_log` VALUES (431, '代码生成', 8, 'com.ruoyi.generator.controller.GenController.batchGenCode()', 'GET', 1, 'admin', NULL, '/tool/gen/batchGenCode', '127.0.0.1', '内网IP', '{}', NULL, 0, NULL, '2021-12-01 14:51:46');
INSERT INTO `sys_oper_log` VALUES (432, 'userAccountManagement', 1, 'com.ruoyi.kooklen.controller.userAccountManagementController.add()', 'POST', 1, 'admin', NULL, '/userAccountManagement/userAccountManagement', '127.0.0.1', '内网IP', '{\"endtime\":1639065600000,\"starttime\":1638288000000,\"params\":{},\"monitorfunction\":1,\"password\":\"12321312\",\"region\":\"sadasd\",\"searchfunction\":1,\"username\":\"dasdas\"}', NULL, 1, '\r\n### Error updating database.  Cause: java.sql.SQLException: Field \'userid\' doesn\'t have a default value\r\n### The error may exist in file [C:\\Users\\DELL\\Desktop\\若依\\ruoyi-admin\\target\\classes\\mapper\\userAccountManagement\\userAccountManagementMapper.xml]\r\n### The error may involve com.ruoyi.kooklen.mapper.userAccountManagementMapper.insertuserAccountManagement-Inline\r\n### The error occurred while setting parameters\r\n### SQL: insert into user_account_management          ( username,             region,             starttime,             endtime,             password,             searchfunction,             monitorfunction )           values ( ?,             ?,             ?,             ?,             ?,             ?,             ? )\r\n### Cause: java.sql.SQLException: Field \'userid\' doesn\'t have a default value\n; Field \'userid\' doesn\'t have a default value; nested exception is java.sql.SQLException: Field \'userid\' doesn\'t have a default value', '2021-12-01 14:55:24');
INSERT INTO `sys_oper_log` VALUES (433, '代码生成', 2, 'com.ruoyi.generator.controller.GenController.synchDb()', 'GET', 1, 'admin', NULL, '/tool/gen/synchDb/user_account_management', '127.0.0.1', '内网IP', '{tableName=user_account_management}', '{\"msg\":\"操作成功\",\"code\":200}', 0, NULL, '2021-12-01 14:57:40');
INSERT INTO `sys_oper_log` VALUES (434, '代码生成', 2, 'com.ruoyi.generator.controller.GenController.editSave()', 'PUT', 1, 'admin', NULL, '/tool/gen', '127.0.0.1', '内网IP', '{\"sub\":false,\"functionAuthor\":\"kooklen\",\"columns\":[{\"capJavaField\":\"Userid\",\"usableColumn\":false,\"columnId\":81,\"isIncrement\":\"0\",\"increment\":false,\"insert\":true,\"isList\":\"1\",\"dictType\":\"\",\"required\":true,\"superColumn\":false,\"updateBy\":\"\",\"isInsert\":\"1\",\"isRequired\":\"1\",\"javaField\":\"userid\",\"htmlType\":\"input\",\"edit\":true,\"query\":true,\"columnComment\":\"用户id\",\"isQuery\":\"1\",\"updateTime\":1638341500000,\"sort\":1,\"list\":true,\"params\":{},\"javaType\":\"String\",\"queryType\":\"EQ\",\"columnType\":\"varchar(255)\",\"createBy\":\"\",\"isPk\":\"1\",\"createTime\":1638341454000,\"isEdit\":\"1\",\"tableId\":9,\"pk\":true,\"columnName\":\"userid\"},{\"capJavaField\":\"Username\",\"usableColumn\":false,\"columnId\":58,\"isIncrement\":\"0\",\"increment\":false,\"insert\":true,\"isList\":\"1\",\"dictType\":\"\",\"required\":true,\"superColumn\":false,\"updateBy\":\"\",\"isInsert\":\"1\",\"isRequired\":\"1\",\"javaField\":\"username\",\"htmlType\":\"input\",\"edit\":true,\"query\":true,\"columnComment\":\"用户名\",\"isQuery\":\"1\",\"updateTime\":1638341500000,\"sort\":2,\"list\":true,\"params\":{},\"javaType\":\"String\",\"queryType\":\"LIKE\",\"columnType\":\"varchar(255)\",\"createBy\":\"admin\",\"isPk\":\"0\",\"createTime\":1638258611000,\"isEdit\":\"1\",\"tableId\":9,\"pk\":false,\"columnName\":\"username\"},{\"capJavaField\":\"Region\",\"usableColumn\":false,\"columnId\":59,\"isIncrement\":\"0\",\"increment\":false,\"insert\":true,\"isList\":\"1\",\"dictType\":\"\",\"required\":true,\"superColumn\":false,\"updateBy\":\"\",\"isInsert\":\"1\",\"isRequired\":\"1\",\"javaField\":\"region\",\"htmlType\":\"input\",\"edit\":true,\"query\":true,\"columnComment\":\"地区\",\"isQuery\":\"1\",\"updateTime\":1638341500000,\"sort\":3,\"list\":true,\"params\":{},\"javaType\":\"String\",\"queryType\":\"EQ\",\"columnType\":\"varchar(255)\",\"createBy\":\"admin\",\"isPk\":\"0\",\"createTime\":1638258611000,\"isEdit\":\"1\",\"tableId\":9,\"pk\":false,\"columnName\":\"region\"},{\"capJavaField\":\"Starttime\",\"usableColumn\":false,\"columnId\":82,\"isIncrement\":\"0\",\"increment\":false,\"insert\":true,\"isList\":\"1\",\"dictType\":\"\",\"required\":true,\"superColumn\":false,\"updateBy\":\"\",\"isInsert\":\"1\",\"isRequired\":\"1\",\"javaField\":\"starttime\",\"htmlType\":\"dateti', '{\"msg\":\"操作成功\",\"code\":200}', 0, NULL, '2021-12-01 15:02:17');
INSERT INTO `sys_oper_log` VALUES (435, '代码生成', 8, 'com.ruoyi.generator.controller.GenController.batchGenCode()', 'GET', 1, 'admin', NULL, '/tool/gen/batchGenCode', '127.0.0.1', '内网IP', '{}', NULL, 0, NULL, '2021-12-01 15:02:21');
INSERT INTO `sys_oper_log` VALUES (436, 'userAccountManagement', 1, 'com.ruoyi.kooklen.controller.userAccountManagementController.add()', 'POST', 1, 'admin', NULL, '/userAccountManagement/userAccountManagement', '127.0.0.1', '内网IP', '{\"endtime\":1640275200000,\"starttime\":1638288000000,\"params\":{},\"monitorfunction\":1,\"password\":\"21312312\",\"region\":\"dsadas\",\"searchfunction\":1,\"username\":\"dsadasd\"}', NULL, 1, '\r\n### Error updating database.  Cause: java.sql.SQLException: Field \'userid\' doesn\'t have a default value\r\n### The error may exist in file [C:\\Users\\DELL\\Desktop\\若依\\ruoyi-admin\\target\\classes\\mapper\\userAccountManagement\\userAccountManagementMapper.xml]\r\n### The error may involve com.ruoyi.kooklen.mapper.userAccountManagementMapper.insertuserAccountManagement-Inline\r\n### The error occurred while setting parameters\r\n### SQL: insert into user_account_management          ( username,             region,             starttime,             endtime,             password,             searchfunction,             monitorfunction )           values ( ?,             ?,             ?,             ?,             ?,             ?,             ? )\r\n### Cause: java.sql.SQLException: Field \'userid\' doesn\'t have a default value\n; Field \'userid\' doesn\'t have a default value; nested exception is java.sql.SQLException: Field \'userid\' doesn\'t have a default value', '2021-12-01 15:04:31');
INSERT INTO `sys_oper_log` VALUES (437, 'userAccountManagement', 2, 'com.ruoyi.kooklen.controller.userAccountManagementController.edit()', 'PUT', 1, 'admin', NULL, '/userAccountManagement/userAccountManagement', '127.0.0.1', '内网IP', '{\"endtime\":1638547200000,\"starttime\":1638288000000,\"params\":{},\"userid\":\"123213\",\"monitorfunction\":1,\"password\":\"1231232\",\"region\":\"dsadas\",\"searchfunction\":1,\"username\":\"dasdasd\"}', '{\"msg\":\"操作失败\",\"code\":500}', 0, NULL, '2021-12-01 15:05:49');
INSERT INTO `sys_oper_log` VALUES (438, '用户搜索记录2', 1, 'com.ruoyi.test.controller.UserSerarchRecordddController.add()', 'POST', 1, 'admin', NULL, '/userSerarchRecorddd/userSerarchRecorddd', '127.0.0.1', '内网IP', '{\"endtime\":1640880000000,\"starttime\":1638288000000,\"params\":{},\"recordnumber\":2,\"userid\":\"123123\",\"companyid\":21312321,\"companyname\":\"dasds\",\"state\":\"1\",\"username\":\"sadasd\"}', '{\"msg\":\"操作成功\",\"code\":200}', 0, NULL, '2021-12-01 15:06:29');
INSERT INTO `sys_oper_log` VALUES (439, '代码生成', 6, 'com.ruoyi.generator.controller.GenController.importTableSave()', 'POST', 1, 'admin', NULL, '/tool/gen/importTable', '127.0.0.1', '内网IP', 'user_serarch_recorddd', '{\"msg\":\"操作成功\",\"code\":200}', 0, NULL, '2021-12-01 15:08:37');
INSERT INTO `sys_oper_log` VALUES (440, '代码生成', 2, 'com.ruoyi.generator.controller.GenController.editSave()', 'PUT', 1, 'admin', NULL, '/tool/gen', '127.0.0.1', '内网IP', '{\"sub\":false,\"functionAuthor\":\"kooklen\",\"columns\":[{\"capJavaField\":\"Userid\",\"usableColumn\":false,\"columnId\":85,\"isIncrement\":\"0\",\"increment\":false,\"insert\":true,\"isList\":\"1\",\"dictType\":\"\",\"required\":false,\"superColumn\":false,\"updateBy\":\"\",\"isInsert\":\"1\",\"javaField\":\"userid\",\"htmlType\":\"input\",\"edit\":true,\"query\":true,\"columnComment\":\"用户id\",\"isQuery\":\"1\",\"sort\":1,\"list\":true,\"params\":{},\"javaType\":\"String\",\"queryType\":\"EQ\",\"columnType\":\"varchar(255)\",\"createBy\":\"admin\",\"isPk\":\"0\",\"createTime\":1638342517000,\"isEdit\":\"1\",\"tableId\":12,\"pk\":false,\"columnName\":\"userid\"},{\"capJavaField\":\"Generatenumber\",\"usableColumn\":false,\"columnId\":86,\"isIncrement\":\"1\",\"increment\":true,\"insert\":true,\"dictType\":\"\",\"required\":false,\"superColumn\":false,\"updateBy\":\"\",\"isInsert\":\"1\",\"javaField\":\"generatenumber\",\"htmlType\":\"input\",\"edit\":false,\"query\":false,\"columnComment\":\"生成号\",\"sort\":2,\"list\":false,\"params\":{},\"javaType\":\"Long\",\"queryType\":\"EQ\",\"columnType\":\"int\",\"createBy\":\"admin\",\"isPk\":\"1\",\"createTime\":1638342517000,\"tableId\":12,\"pk\":true,\"columnName\":\"generatenumber\"},{\"capJavaField\":\"Username\",\"usableColumn\":false,\"columnId\":87,\"isIncrement\":\"0\",\"increment\":false,\"insert\":true,\"isList\":\"1\",\"dictType\":\"\",\"required\":false,\"superColumn\":false,\"updateBy\":\"\",\"isInsert\":\"1\",\"javaField\":\"username\",\"htmlType\":\"input\",\"edit\":true,\"query\":true,\"columnComment\":\"用户名\",\"isQuery\":\"1\",\"sort\":3,\"list\":true,\"params\":{},\"javaType\":\"String\",\"queryType\":\"LIKE\",\"columnType\":\"varchar(255)\",\"createBy\":\"admin\",\"isPk\":\"0\",\"createTime\":1638342517000,\"isEdit\":\"1\",\"tableId\":12,\"pk\":false,\"columnName\":\"username\"},{\"capJavaField\":\"Starttime\",\"usableColumn\":false,\"columnId\":88,\"isIncrement\":\"0\",\"increment\":false,\"insert\":true,\"isList\":\"1\",\"dictType\":\"\",\"required\":false,\"superColumn\":false,\"updateBy\":\"\",\"isInsert\":\"1\",\"javaField\":\"starttime\",\"htmlType\":\"datetime\",\"edit\":true,\"query\":true,\"columnComment\":\"创建时间\",\"isQuery\":\"1\",\"sort\":4,\"list\":true,\"params\":{},\"javaType\":\"Date\",\"queryType\":\"EQ\",\"columnType\":\"datetime\",\"cr', '{\"msg\":\"操作成功\",\"code\":200}', 0, NULL, '2021-12-01 15:09:45');
INSERT INTO `sys_oper_log` VALUES (441, '代码生成', 8, 'com.ruoyi.generator.controller.GenController.batchGenCode()', 'GET', 1, 'admin', NULL, '/tool/gen/batchGenCode', '127.0.0.1', '内网IP', '{}', NULL, 0, NULL, '2021-12-01 15:09:48');
INSERT INTO `sys_oper_log` VALUES (442, 'userAccountManagement', 2, 'com.ruoyi.kooklen.controller.userAccountManagementController.edit()', 'PUT', 1, 'admin', NULL, '/userAccountManagement/userAccountManagement', '192.168.1.105', '内网IP', '{\"endtime\":1639670400000,\"starttime\":1638288000000,\"params\":{},\"userid\":\"312321\",\"monitorfunction\":1,\"password\":\"123123\",\"region\":\"dasdas\",\"searchfunction\":1,\"username\":\"dadasds\"}', '{\"msg\":\"操作失败\",\"code\":500}', 0, NULL, '2021-12-01 15:16:59');
INSERT INTO `sys_oper_log` VALUES (443, 'userAccountManagement', 2, 'com.ruoyi.kooklen.controller.userAccountManagementController.edit()', 'PUT', 1, 'admin', NULL, '/userAccountManagement/userAccountManagement', '192.168.1.105', '内网IP', '{\"endtime\":1639670400000,\"starttime\":1638288000000,\"params\":{},\"userid\":\"312321\",\"monitorfunction\":1,\"password\":\"123123\",\"region\":\"dasdas\",\"searchfunction\":1,\"username\":\"dadasds\"}', '{\"msg\":\"操作失败\",\"code\":500}', 0, NULL, '2021-12-01 15:17:03');
INSERT INTO `sys_oper_log` VALUES (444, 'userAccountManagement', 2, 'com.ruoyi.kooklen.controller.userAccountManagementController.edit()', 'PUT', 1, 'admin', NULL, '/userAccountManagement/userAccountManagement', '192.168.1.105', '内网IP', '{\"endtime\":1639670400000,\"starttime\":1638288000000,\"params\":{},\"userid\":\"312321\",\"monitorfunction\":1,\"password\":\"123123\",\"region\":\"dasdas\",\"searchfunction\":1,\"username\":\"dadasds\"}', '{\"msg\":\"操作失败\",\"code\":500}', 0, NULL, '2021-12-01 15:17:09');
INSERT INTO `sys_oper_log` VALUES (445, 'userAccountManagement', 2, 'com.ruoyi.kooklen.controller.userAccountManagementController.edit()', 'PUT', 1, 'admin', NULL, '/userAccountManagement/userAccountManagement', '192.168.1.105', '内网IP', '{\"endtime\":1639065600000,\"starttime\":1638288000000,\"params\":{},\"userid\":\"213123\",\"monitorfunction\":1,\"password\":\"1231232\",\"region\":\"dasdasd\",\"searchfunction\":1,\"username\":\"dasdsa\"}', '{\"msg\":\"操作失败\",\"code\":500}', 0, NULL, '2021-12-01 15:18:27');
INSERT INTO `sys_oper_log` VALUES (446, 'userAccountManagement', 2, 'com.ruoyi.kooklen.controller.userAccountManagementController.edit()', 'PUT', 1, 'admin', NULL, '/userAccountManagement/userAccountManagement', '192.168.1.105', '内网IP', '{\"endtime\":1639756800000,\"starttime\":1638288000000,\"params\":{},\"userid\":\"213213\",\"monitorfunction\":1,\"password\":\"123123\",\"region\":\"shanghai\",\"searchfunction\":1,\"username\":\"dsadas\"}', '{\"msg\":\"操作失败\",\"code\":500}', 0, NULL, '2021-12-01 15:19:22');
INSERT INTO `sys_oper_log` VALUES (447, '代码生成', 2, 'com.ruoyi.generator.controller.GenController.synchDb()', 'GET', 1, 'admin', NULL, '/tool/gen/synchDb/user_serarch_recorddd', '192.168.1.105', '内网IP', '{tableName=user_serarch_recorddd}', '{\"msg\":\"操作成功\",\"code\":200}', 0, NULL, '2021-12-01 15:19:46');
INSERT INTO `sys_oper_log` VALUES (448, '代码生成', 2, 'com.ruoyi.generator.controller.GenController.synchDb()', 'GET', 1, 'admin', NULL, '/tool/gen/synchDb/user_serarch_recorddd', '192.168.1.105', '内网IP', '{tableName=user_serarch_recorddd}', '{\"msg\":\"操作成功\",\"code\":200}', 0, NULL, '2021-12-01 15:20:54');
INSERT INTO `sys_oper_log` VALUES (449, '代码生成', 2, 'com.ruoyi.generator.controller.GenController.editSave()', 'PUT', 1, 'admin', NULL, '/tool/gen', '192.168.1.105', '内网IP', '{\"sub\":false,\"functionAuthor\":\"kooklen\",\"columns\":[{\"capJavaField\":\"Userid\",\"usableColumn\":false,\"columnId\":85,\"isIncrement\":\"0\",\"increment\":false,\"insert\":true,\"isList\":\"1\",\"dictType\":\"\",\"required\":false,\"superColumn\":false,\"updateBy\":\"\",\"isInsert\":\"1\",\"javaField\":\"userid\",\"htmlType\":\"input\",\"edit\":true,\"query\":true,\"columnComment\":\"用户id\",\"isQuery\":\"1\",\"updateTime\":1638342584000,\"sort\":1,\"list\":true,\"params\":{},\"javaType\":\"String\",\"queryType\":\"EQ\",\"columnType\":\"varchar(255)\",\"createBy\":\"admin\",\"isPk\":\"0\",\"createTime\":1638342517000,\"isEdit\":\"1\",\"tableId\":12,\"pk\":false,\"columnName\":\"userid\"},{\"capJavaField\":\"Username\",\"usableColumn\":false,\"columnId\":87,\"isIncrement\":\"0\",\"increment\":false,\"insert\":true,\"isList\":\"1\",\"dictType\":\"\",\"required\":false,\"superColumn\":false,\"updateBy\":\"\",\"isInsert\":\"1\",\"javaField\":\"username\",\"htmlType\":\"input\",\"edit\":true,\"query\":true,\"columnComment\":\"用户名\",\"isQuery\":\"1\",\"updateTime\":1638342584000,\"sort\":3,\"list\":true,\"params\":{},\"javaType\":\"String\",\"queryType\":\"LIKE\",\"columnType\":\"varchar(255)\",\"createBy\":\"admin\",\"isPk\":\"0\",\"createTime\":1638342517000,\"isEdit\":\"1\",\"tableId\":12,\"pk\":false,\"columnName\":\"username\"},{\"capJavaField\":\"Starttime\",\"usableColumn\":false,\"columnId\":88,\"isIncrement\":\"0\",\"increment\":false,\"insert\":true,\"isList\":\"1\",\"dictType\":\"\",\"required\":false,\"superColumn\":false,\"updateBy\":\"\",\"isInsert\":\"1\",\"javaField\":\"starttime\",\"htmlType\":\"datetime\",\"edit\":true,\"query\":true,\"columnComment\":\"创建时间\",\"isQuery\":\"1\",\"updateTime\":1638342584000,\"sort\":4,\"list\":true,\"params\":{},\"javaType\":\"Date\",\"queryType\":\"EQ\",\"columnType\":\"datetime\",\"createBy\":\"admin\",\"isPk\":\"0\",\"createTime\":1638342517000,\"isEdit\":\"1\",\"tableId\":12,\"pk\":false,\"columnName\":\"starttime\"},{\"capJavaField\":\"Searchfunction\",\"usableColumn\":false,\"columnId\":89,\"isIncrement\":\"0\",\"increment\":false,\"insert\":true,\"isList\":\"1\",\"dictType\":\"\",\"required\":false,\"superColumn\":false,\"updateBy\":\"\",\"isInsert\":\"1\",\"javaField\":\"searchfunction\",\"htmlType\":\"input\",\"edit\":true,\"query\":true,\"columnComm', '{\"msg\":\"操作成功\",\"code\":200}', 0, NULL, '2021-12-01 15:21:08');
INSERT INTO `sys_oper_log` VALUES (450, 'userAccountManagement', 2, 'com.ruoyi.kooklen.controller.userAccountManagementController.edit()', 'PUT', 1, 'admin', NULL, '/userAccountManagement/userAccountManagement', '127.0.0.1', '内网IP', '{\"endtime\":1639065600000,\"starttime\":1638288000000,\"params\":{},\"userid\":\"213123\",\"monitorfunction\":1,\"password\":\"123311\",\"region\":\"dsadsa\",\"searchfunction\":1,\"username\":\"dasdas\"}', '{\"msg\":\"操作失败\",\"code\":500}', 0, NULL, '2021-12-01 15:21:47');
INSERT INTO `sys_oper_log` VALUES (451, '代码生成', 8, 'com.ruoyi.generator.controller.GenController.batchGenCode()', 'GET', 1, 'admin', NULL, '/tool/gen/batchGenCode', '192.168.1.105', '内网IP', '{}', NULL, 0, NULL, '2021-12-01 15:21:55');
INSERT INTO `sys_oper_log` VALUES (452, '代码生成', 8, 'com.ruoyi.generator.controller.GenController.batchGenCode()', 'GET', 1, 'admin', NULL, '/tool/gen/batchGenCode', '192.168.1.105', '内网IP', '{}', NULL, 0, NULL, '2021-12-01 15:21:58');
INSERT INTO `sys_oper_log` VALUES (453, 'userAccountManagement', 2, 'com.ruoyi.kooklen.controller.userAccountManagementController.edit()', 'PUT', 1, 'admin', NULL, '/userAccountManagement/userAccountManagement', '127.0.0.1', '内网IP', '{\"endtime\":1639065600000,\"starttime\":1638288000000,\"params\":{},\"userid\":\"213123\",\"monitorfunction\":1,\"password\":\"1312321\",\"region\":\"dsadsa\",\"searchfunction\":1,\"username\":\"dasdas\"}', '{\"msg\":\"操作失败\",\"code\":500}', 0, NULL, '2021-12-01 15:24:57');
INSERT INTO `sys_oper_log` VALUES (454, 'UserSerarchRecorddd', 1, 'com.ruoyi.kooklen.controller.UserSerarchRecordddController.add()', 'POST', 1, 'admin', NULL, '/UserSerarchRecorddd/UserSerarchRecorddd', '127.0.0.1', '内网IP', '{\"endtime\":1639065600000,\"monitorf\":1,\"starttime\":1638288000000,\"params\":{},\"userid\":\"123123\",\"password\":\"122133\",\"id\":3,\"searchfunction\":1,\"username\":\"dsadsa\"}', '{\"msg\":\"操作成功\",\"code\":200}', 0, NULL, '2021-12-01 15:26:46');
INSERT INTO `sys_oper_log` VALUES (455, '菜单管理', 3, 'com.ruoyi.web.controller.system.SysMenuController.remove()', 'DELETE', 1, 'admin', NULL, '/system/menu/2083', '127.0.0.1', '内网IP', '{menuId=2083}', '{\"msg\":\"操作成功\",\"code\":200}', 0, NULL, '2021-12-01 15:29:05');
INSERT INTO `sys_oper_log` VALUES (456, '菜单管理', 3, 'com.ruoyi.web.controller.system.SysMenuController.remove()', 'DELETE', 1, 'admin', NULL, '/system/menu/2084', '127.0.0.1', '内网IP', '{menuId=2084}', '{\"msg\":\"操作成功\",\"code\":200}', 0, NULL, '2021-12-01 15:29:06');
INSERT INTO `sys_oper_log` VALUES (457, '菜单管理', 3, 'com.ruoyi.web.controller.system.SysMenuController.remove()', 'DELETE', 1, 'admin', NULL, '/system/menu/2085', '127.0.0.1', '内网IP', '{menuId=2085}', '{\"msg\":\"操作成功\",\"code\":200}', 0, NULL, '2021-12-01 15:29:08');
INSERT INTO `sys_oper_log` VALUES (458, '菜单管理', 3, 'com.ruoyi.web.controller.system.SysMenuController.remove()', 'DELETE', 1, 'admin', NULL, '/system/menu/2086', '127.0.0.1', '内网IP', '{menuId=2086}', '{\"msg\":\"操作成功\",\"code\":200}', 0, NULL, '2021-12-01 15:29:09');
INSERT INTO `sys_oper_log` VALUES (459, '菜单管理', 3, 'com.ruoyi.web.controller.system.SysMenuController.remove()', 'DELETE', 1, 'admin', NULL, '/system/menu/2087', '127.0.0.1', '内网IP', '{menuId=2087}', '{\"msg\":\"操作成功\",\"code\":200}', 0, NULL, '2021-12-01 15:29:11');
INSERT INTO `sys_oper_log` VALUES (460, '菜单管理', 3, 'com.ruoyi.web.controller.system.SysMenuController.remove()', 'DELETE', 1, 'admin', NULL, '/system/menu/2082', '127.0.0.1', '内网IP', '{menuId=2082}', '{\"msg\":\"操作成功\",\"code\":200}', 0, NULL, '2021-12-01 15:29:14');
INSERT INTO `sys_oper_log` VALUES (461, '菜单管理', 3, 'com.ruoyi.web.controller.system.SysMenuController.remove()', 'DELETE', 1, 'admin', NULL, '/system/menu/2119', '127.0.0.1', '内网IP', '{menuId=2119}', '{\"msg\":\"操作成功\",\"code\":200}', 0, NULL, '2021-12-01 15:29:16');
INSERT INTO `sys_oper_log` VALUES (462, '菜单管理', 3, 'com.ruoyi.web.controller.system.SysMenuController.remove()', 'DELETE', 1, 'admin', NULL, '/system/menu/2120', '127.0.0.1', '内网IP', '{menuId=2120}', '{\"msg\":\"操作成功\",\"code\":200}', 0, NULL, '2021-12-01 15:29:18');
INSERT INTO `sys_oper_log` VALUES (463, '菜单管理', 3, 'com.ruoyi.web.controller.system.SysMenuController.remove()', 'DELETE', 1, 'admin', NULL, '/system/menu/2121', '127.0.0.1', '内网IP', '{menuId=2121}', '{\"msg\":\"操作成功\",\"code\":200}', 0, NULL, '2021-12-01 15:29:19');
INSERT INTO `sys_oper_log` VALUES (464, '菜单管理', 3, 'com.ruoyi.web.controller.system.SysMenuController.remove()', 'DELETE', 1, 'admin', NULL, '/system/menu/2122', '127.0.0.1', '内网IP', '{menuId=2122}', '{\"msg\":\"操作成功\",\"code\":200}', 0, NULL, '2021-12-01 15:29:21');
INSERT INTO `sys_oper_log` VALUES (465, '菜单管理', 3, 'com.ruoyi.web.controller.system.SysMenuController.remove()', 'DELETE', 1, 'admin', NULL, '/system/menu/2123', '127.0.0.1', '内网IP', '{menuId=2123}', '{\"msg\":\"操作成功\",\"code\":200}', 0, NULL, '2021-12-01 15:29:23');
INSERT INTO `sys_oper_log` VALUES (466, '菜单管理', 3, 'com.ruoyi.web.controller.system.SysMenuController.remove()', 'DELETE', 1, 'admin', NULL, '/system/menu/2118', '127.0.0.1', '内网IP', '{menuId=2118}', '{\"msg\":\"操作成功\",\"code\":200}', 0, NULL, '2021-12-01 15:29:24');
INSERT INTO `sys_oper_log` VALUES (467, '菜单管理', 2, 'com.ruoyi.web.controller.system.SysMenuController.edit()', 'PUT', 1, 'admin', NULL, '/system/menu', '127.0.0.1', '内网IP', '{\"visible\":\"0\",\"icon\":\"#\",\"orderNum\":\"1\",\"menuName\":\"账户管理\",\"params\":{},\"parentId\":2081,\"isCache\":\"0\",\"path\":\"UserSerarchRecorddd\",\"component\":\"UserSerarchRecorddd/UserSerarchRecorddd/index\",\"children\":[],\"createTime\":1638343583000,\"updateBy\":\"admin\",\"isFrame\":\"1\",\"menuId\":2124,\"menuType\":\"C\",\"perms\":\"UserSerarchRecorddd:UserSerarchRecorddd:list\",\"status\":\"0\"}', '{\"msg\":\"操作成功\",\"code\":200}', 0, NULL, '2021-12-01 15:29:37');
INSERT INTO `sys_oper_log` VALUES (468, 'UserSerarchRecorddd', 1, 'com.ruoyi.kooklen.controller.UserSerarchRecordddController.add()', 'POST', 1, 'admin', NULL, '/UserSerarchRecorddd/UserSerarchRecorddd', '127.0.0.1', '内网IP', '{\"endtime\":1639756800000,\"monitorf\":1,\"starttime\":1638288000000,\"params\":{},\"userid\":\"12312322\",\"password\":\"123456\",\"id\":4,\"searchfunction\":1,\"username\":\"江门工商行\"}', '{\"msg\":\"操作成功\",\"code\":200}', 0, NULL, '2021-12-01 15:32:38');
INSERT INTO `sys_oper_log` VALUES (469, 'UserSerarchRecorddd', 2, 'com.ruoyi.kooklen.controller.UserSerarchRecordddController.edit()', 'PUT', 1, 'admin', NULL, '/UserSerarchRecorddd/UserSerarchRecorddd', '127.0.0.1', '内网IP', '{\"endtime\":1640880000000,\"monitorf\":1,\"starttime\":1638288000000,\"params\":{},\"userid\":\"123123\",\"password\":\"123\",\"id\":1,\"searchfunction\":0,\"username\":\"sadasd\"}', '{\"msg\":\"操作成功\",\"code\":200}', 0, NULL, '2021-12-01 15:40:12');
INSERT INTO `sys_oper_log` VALUES (470, 'UserSerarchRecorddd', 2, 'com.ruoyi.kooklen.controller.UserSerarchRecordddController.edit()', 'PUT', 1, 'admin', NULL, '/UserSerarchRecorddd/UserSerarchRecorddd', '127.0.0.1', '内网IP', '{\"endtime\":1640880000000,\"monitorf\":1,\"starttime\":1638288000000,\"params\":{},\"userid\":\"123123\",\"password\":\"123\",\"id\":1,\"searchfunction\":1,\"username\":\"sadasd\"}', '{\"msg\":\"操作成功\",\"code\":200}', 0, NULL, '2021-12-01 15:40:35');
INSERT INTO `sys_oper_log` VALUES (471, '菜单管理', 3, 'com.ruoyi.web.controller.system.SysMenuController.remove()', 'DELETE', 1, 'admin', NULL, '/system/menu/2107', '127.0.0.1', '内网IP', '{menuId=2107}', '{\"msg\":\"操作成功\",\"code\":200}', 0, NULL, '2021-12-01 15:41:40');
INSERT INTO `sys_oper_log` VALUES (472, '菜单管理', 3, 'com.ruoyi.web.controller.system.SysMenuController.remove()', 'DELETE', 1, 'admin', NULL, '/system/menu/2108', '127.0.0.1', '内网IP', '{menuId=2108}', '{\"msg\":\"操作成功\",\"code\":200}', 0, NULL, '2021-12-01 15:41:41');
INSERT INTO `sys_oper_log` VALUES (473, '菜单管理', 3, 'com.ruoyi.web.controller.system.SysMenuController.remove()', 'DELETE', 1, 'admin', NULL, '/system/menu/2109', '127.0.0.1', '内网IP', '{menuId=2109}', '{\"msg\":\"操作成功\",\"code\":200}', 0, NULL, '2021-12-01 15:41:42');
INSERT INTO `sys_oper_log` VALUES (474, '菜单管理', 3, 'com.ruoyi.web.controller.system.SysMenuController.remove()', 'DELETE', 1, 'admin', NULL, '/system/menu/2110', '127.0.0.1', '内网IP', '{menuId=2110}', '{\"msg\":\"操作成功\",\"code\":200}', 0, NULL, '2021-12-01 15:41:44');
INSERT INTO `sys_oper_log` VALUES (475, '菜单管理', 3, 'com.ruoyi.web.controller.system.SysMenuController.remove()', 'DELETE', 1, 'admin', NULL, '/system/menu/2111', '127.0.0.1', '内网IP', '{menuId=2111}', '{\"msg\":\"操作成功\",\"code\":200}', 0, NULL, '2021-12-01 15:41:45');
INSERT INTO `sys_oper_log` VALUES (476, '菜单管理', 3, 'com.ruoyi.web.controller.system.SysMenuController.remove()', 'DELETE', 1, 'admin', NULL, '/system/menu/2106', '127.0.0.1', '内网IP', '{menuId=2106}', '{\"msg\":\"操作成功\",\"code\":200}', 0, NULL, '2021-12-01 15:41:47');
INSERT INTO `sys_oper_log` VALUES (477, 'UserSerarchRecorddd', 2, 'com.ruoyi.kooklen.controller.UserSerarchRecordddController.edit()', 'PUT', 1, 'admin', NULL, '/UserSerarchRecorddd/UserSerarchRecorddd', '127.0.0.1', '内网IP', '{\"endtime\":1639065600000,\"monitorf\":1,\"starttime\":1638288000000,\"params\":{},\"userid\":\"123123\",\"password\":\"122133\",\"id\":3,\"searchfunction\":0,\"username\":\"dsadsa\"}', '{\"msg\":\"操作成功\",\"code\":200}', 0, NULL, '2021-12-01 15:44:49');
INSERT INTO `sys_oper_log` VALUES (478, 'UserSerarchRecorddd', 2, 'com.ruoyi.kooklen.controller.UserSerarchRecordddController.edit()', 'PUT', 1, 'admin', NULL, '/UserSerarchRecorddd/UserSerarchRecorddd', '192.168.1.101', '内网IP', '{\"endtime\":1640880000000,\"monitorf\":0,\"starttime\":1638288000000,\"params\":{},\"userid\":\"4444444\",\"password\":\"444444444\",\"id\":1,\"searchfunction\":0,\"username\":\"4444444\"}', '{\"msg\":\"操作成功\",\"code\":200}', 0, NULL, '2021-12-01 15:46:07');
INSERT INTO `sys_oper_log` VALUES (479, 'UserSerarchRecorddd', 1, 'com.ruoyi.kooklen.controller.UserSerarchRecordddController.add()', 'POST', 1, 'admin', NULL, '/UserSerarchRecorddd/UserSerarchRecorddd', '192.168.1.101', '内网IP', '{\"endtime\":1638806400000,\"monitorf\":0,\"starttime\":1638288000000,\"params\":{},\"userid\":\"111111\",\"password\":\"1231231231\",\"id\":5,\"searchfunction\":0,\"username\":\"12333333456777\"}', '{\"msg\":\"操作成功\",\"code\":200}', 0, NULL, '2021-12-01 15:47:38');
INSERT INTO `sys_oper_log` VALUES (480, 'UserSerarchRecorddd', 5, 'com.ruoyi.kooklen.controller.UserSerarchRecordddController.export()', 'POST', 1, 'admin', NULL, '/UserSerarchRecorddd/UserSerarchRecorddd/export', '192.168.1.101', '内网IP', '{\"params\":{}}', NULL, 0, NULL, '2021-12-01 15:48:12');
INSERT INTO `sys_oper_log` VALUES (481, '菜单管理', 2, 'com.ruoyi.web.controller.system.SysMenuController.edit()', 'PUT', 1, 'admin', NULL, '/system/menu', '192.168.1.105', '内网IP', '{\"visible\":\"0\",\"icon\":\"#\",\"orderNum\":\"1\",\"menuName\":\"账户管理\",\"params\":{},\"parentId\":0,\"isCache\":\"0\",\"path\":\"UserSerarchRecorddd\",\"component\":\"UserSerarchRecorddd/UserSerarchRecorddd/index\",\"children\":[],\"createTime\":1638343583000,\"updateBy\":\"admin\",\"isFrame\":\"1\",\"menuId\":2124,\"menuType\":\"C\",\"perms\":\"UserSerarchRecorddd:UserSerarchRecorddd:list\",\"status\":\"0\"}', '{\"msg\":\"操作成功\",\"code\":200}', 0, NULL, '2021-12-01 16:05:30');
INSERT INTO `sys_oper_log` VALUES (482, '菜单管理', 3, 'com.ruoyi.web.controller.system.SysMenuController.remove()', 'DELETE', 1, 'admin', NULL, '/system/menu/2081', '192.168.1.105', '内网IP', '{menuId=2081}', '{\"msg\":\"操作成功\",\"code\":200}', 0, NULL, '2021-12-01 16:06:05');
INSERT INTO `sys_oper_log` VALUES (483, '菜单管理', 2, 'com.ruoyi.web.controller.system.SysMenuController.edit()', 'PUT', 1, 'admin', NULL, '/system/menu', '192.168.1.105', '内网IP', '{\"visible\":\"0\",\"icon\":\"#\",\"orderNum\":\"0\",\"menuName\":\"账户管理\",\"params\":{},\"parentId\":0,\"isCache\":\"0\",\"path\":\"UserSerarchRecorddd\",\"component\":\"UserSerarchRecorddd/UserSerarchRecorddd/index\",\"children\":[],\"createTime\":1638343583000,\"updateBy\":\"admin\",\"isFrame\":\"1\",\"menuId\":2124,\"menuType\":\"C\",\"perms\":\"UserSerarchRecorddd:UserSerarchRecorddd:list\",\"status\":\"0\"}', '{\"msg\":\"操作成功\",\"code\":200}', 0, NULL, '2021-12-01 16:06:10');
INSERT INTO `sys_oper_log` VALUES (484, '菜单管理', 2, 'com.ruoyi.web.controller.system.SysMenuController.edit()', 'PUT', 1, 'admin', NULL, '/system/menu', '192.168.1.105', '内网IP', '{\"visible\":\"0\",\"icon\":\"peoples\",\"orderNum\":\"0\",\"menuName\":\"账户管理\",\"params\":{},\"parentId\":0,\"isCache\":\"0\",\"path\":\"UserSerarchRecorddd\",\"component\":\"UserSerarchRecorddd/UserSerarchRecorddd/index\",\"children\":[],\"createTime\":1638343583000,\"updateBy\":\"admin\",\"isFrame\":\"1\",\"menuId\":2124,\"menuType\":\"C\",\"perms\":\"UserSerarchRecorddd:UserSerarchRecorddd:list\",\"status\":\"0\"}', '{\"msg\":\"操作成功\",\"code\":200}', 0, NULL, '2021-12-01 16:06:26');
INSERT INTO `sys_oper_log` VALUES (485, '代码生成', 2, 'com.ruoyi.generator.controller.GenController.editSave()', 'PUT', 1, 'admin', NULL, '/tool/gen', '192.168.1.105', '内网IP', '{\"sub\":false,\"functionAuthor\":\"kooklen\",\"columns\":[{\"capJavaField\":\"Userid\",\"usableColumn\":false,\"columnId\":85,\"isIncrement\":\"0\",\"increment\":false,\"insert\":true,\"isList\":\"1\",\"dictType\":\"\",\"required\":false,\"superColumn\":false,\"updateBy\":\"\",\"isInsert\":\"1\",\"javaField\":\"userid\",\"htmlType\":\"input\",\"edit\":true,\"query\":true,\"columnComment\":\"用户id\",\"isQuery\":\"1\",\"updateTime\":1638343268000,\"sort\":1,\"list\":true,\"params\":{},\"javaType\":\"String\",\"queryType\":\"EQ\",\"columnType\":\"varchar(255)\",\"createBy\":\"admin\",\"isPk\":\"0\",\"createTime\":1638342517000,\"isEdit\":\"1\",\"tableId\":12,\"pk\":false,\"columnName\":\"userid\"},{\"capJavaField\":\"Username\",\"usableColumn\":false,\"columnId\":87,\"isIncrement\":\"0\",\"increment\":false,\"insert\":true,\"isList\":\"1\",\"dictType\":\"\",\"required\":false,\"superColumn\":false,\"updateBy\":\"\",\"isInsert\":\"1\",\"javaField\":\"username\",\"htmlType\":\"input\",\"edit\":true,\"query\":true,\"columnComment\":\"用户名\",\"isQuery\":\"1\",\"updateTime\":1638343268000,\"sort\":3,\"list\":true,\"params\":{},\"javaType\":\"String\",\"queryType\":\"LIKE\",\"columnType\":\"varchar(255)\",\"createBy\":\"admin\",\"isPk\":\"0\",\"createTime\":1638342517000,\"isEdit\":\"1\",\"tableId\":12,\"pk\":false,\"columnName\":\"username\"},{\"capJavaField\":\"Starttime\",\"usableColumn\":false,\"columnId\":88,\"isIncrement\":\"0\",\"increment\":false,\"insert\":true,\"isList\":\"1\",\"dictType\":\"\",\"required\":false,\"superColumn\":false,\"updateBy\":\"\",\"isInsert\":\"1\",\"javaField\":\"starttime\",\"htmlType\":\"datetime\",\"edit\":true,\"query\":true,\"columnComment\":\"创建时间\",\"isQuery\":\"1\",\"updateTime\":1638343268000,\"sort\":4,\"list\":true,\"params\":{},\"javaType\":\"Date\",\"queryType\":\"LIKE\",\"columnType\":\"datetime\",\"createBy\":\"admin\",\"isPk\":\"0\",\"createTime\":1638342517000,\"isEdit\":\"1\",\"tableId\":12,\"pk\":false,\"columnName\":\"starttime\"},{\"capJavaField\":\"Searchfunction\",\"usableColumn\":false,\"columnId\":89,\"isIncrement\":\"0\",\"increment\":false,\"insert\":true,\"isList\":\"1\",\"dictType\":\"\",\"required\":false,\"superColumn\":false,\"updateBy\":\"\",\"isInsert\":\"1\",\"javaField\":\"searchfunction\",\"htmlType\":\"input\",\"edit\":true,\"query\":true,\"columnCo', '{\"msg\":\"操作成功\",\"code\":200}', 0, NULL, '2021-12-01 16:12:34');
INSERT INTO `sys_oper_log` VALUES (486, '代码生成', 8, 'com.ruoyi.generator.controller.GenController.batchGenCode()', 'GET', 1, 'admin', NULL, '/tool/gen/batchGenCode', '192.168.1.105', '内网IP', '{}', NULL, 0, NULL, '2021-12-01 16:12:38');
INSERT INTO `sys_oper_log` VALUES (487, 'UserSerarchRecorddd', 1, 'com.ruoyi.kooklen.controller.UserSerarchRecordddController.add()', 'POST', 1, 'admin', NULL, '/UserSerarchRecorddd/UserSerarchRecorddd', '192.168.1.105', '内网IP', '{\"endtime\":1638288000000,\"monitorf\":0,\"starttime\":1638288000000,\"params\":{},\"userid\":\"1231232\",\"password\":\"dasdasdsa\",\"id\":6,\"searchfunction\":0,\"username\":\"test\"}', '{\"msg\":\"操作成功\",\"code\":200}', 0, NULL, '2021-12-01 16:17:30');
INSERT INTO `sys_oper_log` VALUES (488, 'UserSerarchRecorddd', 1, 'com.ruoyi.kooklen.controller.UserSerarchRecordddController.add()', 'POST', 1, 'admin', NULL, '/UserSerarchRecorddd/UserSerarchRecorddd', '192.168.1.105', '内网IP', '{\"endtime\":1640793600000,\"monitorf\":1,\"starttime\":1638201600000,\"params\":{},\"userid\":\"tesrsadsa\",\"password\":\"dasdas\",\"searchfunction\":1,\"username\":\"dasdasd\"}', NULL, 1, '\r\n### Error updating database.  Cause: java.sql.SQLException: Incorrect integer value: \'tesrsadsa\' for column \'userid\' at row 1\r\n### The error may exist in file [C:\\Users\\DELL\\Desktop\\若依\\ruoyi-admin\\target\\classes\\mapper\\userSerarchRecorddd\\UserSerarchRecordddMapper.xml]\r\n### The error may involve com.ruoyi.kooklen.mapper.UserSerarchRecordddMapper.insertUserSerarchRecorddd-Inline\r\n### The error occurred while setting parameters\r\n### SQL: insert into user_serarch_recorddd          ( userid,             username,             starttime,             searchfunction,             endtime,             monitorf,             password )           values ( ?,             ?,             ?,             ?,             ?,             ?,             ? )\r\n### Cause: java.sql.SQLException: Incorrect integer value: \'tesrsadsa\' for column \'userid\' at row 1\n; uncategorized SQLException; SQL state [HY000]; error code [1366]; Incorrect integer value: \'tesrsadsa\' for column \'userid\' at row 1; nested exception is java.sql.SQLException: Incorrect integer value: \'tesrsadsa\' for column \'userid\' at row 1', '2021-12-01 16:17:56');
INSERT INTO `sys_oper_log` VALUES (489, 'UserSerarchRecorddd', 1, 'com.ruoyi.kooklen.controller.UserSerarchRecordddController.add()', 'POST', 1, 'admin', NULL, '/UserSerarchRecorddd/UserSerarchRecorddd', '192.168.1.105', '内网IP', '{\"endtime\":1640793600000,\"monitorf\":1,\"starttime\":1638201600000,\"params\":{},\"userid\":\"123123123\",\"password\":\"dasdas\",\"id\":7,\"searchfunction\":1,\"username\":\"dasdasd\"}', '{\"msg\":\"操作成功\",\"code\":200}', 0, NULL, '2021-12-01 16:18:02');
INSERT INTO `sys_oper_log` VALUES (490, 'UserSerarchRecorddd', 1, 'com.ruoyi.kooklen.controller.UserSerarchRecordddController.add()', 'POST', 1, 'admin', NULL, '/UserSerarchRecorddd/UserSerarchRecorddd', '192.168.1.105', '内网IP', '{\"endtime\":1638288000000,\"monitorf\":1,\"starttime\":1638201600000,\"params\":{},\"userid\":\"312312\",\"password\":\"213123\",\"id\":8,\"searchfunction\":1,\"username\":\"dasdasd\"}', '{\"msg\":\"操作成功\",\"code\":200}', 0, NULL, '2021-12-01 16:18:30');
INSERT INTO `sys_oper_log` VALUES (491, 'UserSerarchRecorddd', 1, 'com.ruoyi.kooklen.controller.UserSerarchRecordddController.add()', 'POST', 1, 'admin', NULL, '/UserSerarchRecorddd/UserSerarchRecorddd', '192.168.1.105', '内网IP', '{\"endtime\":1638288000000,\"monitorf\":1,\"starttime\":1638892800000,\"params\":{},\"userid\":\"12312321\",\"password\":\"123123\",\"id\":9,\"searchfunction\":1,\"username\":\"test\"}', '{\"msg\":\"操作成功\",\"code\":200}', 0, NULL, '2021-12-01 16:18:58');
INSERT INTO `sys_oper_log` VALUES (492, 'UserSerarchRecorddd', 2, 'com.ruoyi.kooklen.controller.UserSerarchRecordddController.edit()', 'PUT', 1, 'admin', NULL, '/UserSerarchRecorddd/UserSerarchRecorddd', '192.168.1.105', '内网IP', '{\"endtime\":1638288000000,\"monitorf\":1,\"starttime\":1638288000000,\"params\":{},\"userid\":\"12312321\",\"password\":\"123123\",\"id\":9,\"searchfunction\":1,\"username\":\"test\"}', '{\"msg\":\"操作成功\",\"code\":200}', 0, NULL, '2021-12-01 16:19:52');
INSERT INTO `sys_oper_log` VALUES (493, '代码生成', 2, 'com.ruoyi.generator.controller.GenController.synchDb()', 'GET', 1, 'admin', NULL, '/tool/gen/synchDb/user_serarch_recorddd', '192.168.1.105', '内网IP', '{tableName=user_serarch_recorddd}', '{\"msg\":\"操作成功\",\"code\":200}', 0, NULL, '2021-12-01 16:23:25');
INSERT INTO `sys_oper_log` VALUES (494, 'UserSerarchRecorddd', 1, 'com.ruoyi.kooklen.controller.UserSerarchRecordddController.add()', 'POST', 1, 'admin', NULL, '/UserSerarchRecorddd/UserSerarchRecorddd', '127.0.0.1', '内网IP', '{\"endtime\":1638289185000,\"monitorf\":1,\"starttime\":1638289183000,\"params\":{},\"userid\":\"12312321\",\"password\":\"dsasdsad\",\"id\":10,\"searchfunction\":1,\"username\":\"sdasdas\"}', '{\"msg\":\"操作成功\",\"code\":200}', 0, NULL, '2021-12-01 17:19:47');
INSERT INTO `sys_oper_log` VALUES (495, 'UserSerarchRecorddd', 2, 'com.ruoyi.kooklen.controller.UserSerarchRecordddController.edit()', 'PUT', 1, 'admin', NULL, '/UserSerarchRecorddd/UserSerarchRecorddd', '127.0.0.1', '内网IP', '{\"endtime\":1639065965000,\"monitorf\":1,\"starttime\":1638289201000,\"params\":{},\"userid\":\"123123\",\"password\":\"122133\",\"id\":3,\"searchfunction\":0,\"username\":\"dsadsa\"}', '{\"msg\":\"操作成功\",\"code\":200}', 0, NULL, '2021-12-01 17:20:02');
INSERT INTO `sys_oper_log` VALUES (496, '用户搜索记录', 2, 'com.ruoyi.kooklen.controller.UserSearchRecordController.edit()', 'PUT', 1, 'admin', NULL, '/userSearchRecord/userSearchRecord', '127.0.0.1', '内网IP', '{\"searchtime\":1638288000000,\"params\":{},\"recordnumber\":2,\"userid\":\"81456\",\"companyid\":6648559,\"companyname\":\"广东奇越网联\",\"state\":\"1\",\"username\":\"江门工商行\"}', '{\"msg\":\"操作成功\",\"code\":200}', 0, NULL, '2021-12-01 17:33:52');
INSERT INTO `sys_oper_log` VALUES (497, '用户搜索记录', 2, 'com.ruoyi.kooklen.controller.UserSearchRecordController.edit()', 'PUT', 1, 'admin', NULL, '/userSearchRecord/userSearchRecord', '127.0.0.1', '内网IP', '{\"searchtime\":1638288000000,\"params\":{},\"recordnumber\":3,\"userid\":\"21312312\",\"companyid\":2132132,\"companyname\":\"59895\",\"state\":\"1\",\"username\":\"test\"}', '{\"msg\":\"操作成功\",\"code\":200}', 0, NULL, '2021-12-01 17:34:02');
INSERT INTO `sys_oper_log` VALUES (498, '代码生成', 8, 'com.ruoyi.generator.controller.GenController.batchGenCode()', 'GET', 1, 'admin', NULL, '/tool/gen/batchGenCode', '127.0.0.1', '内网IP', '{}', NULL, 0, NULL, '2021-12-01 17:48:26');
INSERT INTO `sys_oper_log` VALUES (499, 'UserSerarchRecorddd', 2, 'com.ruoyi.kooklen.controller.UserSerarchRecordddController.edit()', 'PUT', 1, 'admin', NULL, '/UserSerarchRecorddd/UserSerarchRecorddd', '127.0.0.1', '内网IP', '{\"endtime\":1640275200000,\"monitorf\":1,\"starttime\":1638288600000,\"params\":{},\"userid\":\"213123\",\"password\":\"fdsadsadasdsad1221\",\"id\":2,\"searchfunction\":1,\"username\":\"dasdasd\"}', '{\"msg\":\"操作成功\",\"code\":200}', 0, NULL, '2021-12-02 09:33:14');
INSERT INTO `sys_oper_log` VALUES (500, 'UserSerarchRecorddd', 1, 'com.ruoyi.kooklen.controller.UserSerarchRecordddController.add()', 'POST', 1, 'admin', NULL, '/UserSerarchRecorddd/UserSerarchRecorddd', '127.0.0.1', '内网IP', '{\"endtime\":1638377673000,\"monitorf\":1,\"starttime\":1638374400000,\"params\":{},\"userid\":\"89741256\",\"password\":\"qqq1111\",\"id\":11,\"searchfunction\":1,\"username\":\"上海银行\"}', '{\"msg\":\"操作成功\",\"code\":200}', 0, NULL, '2021-12-02 09:54:36');
INSERT INTO `sys_oper_log` VALUES (501, 'UserSerarchRecorddd', 1, 'com.ruoyi.kooklen.controller.UserSerarchRecordddController.add()', 'POST', 1, 'admin', NULL, '/UserSerarchRecorddd/UserSerarchRecorddd', '192.168.1.101', '内网IP', '{\"endtime\":1640880000000,\"starttime\":1638374680000,\"params\":{},\"userid\":\"12345678\",\"password\":\"12345677\",\"id\":12,\"username\":\"12345677\"}', '{\"msg\":\"操作成功\",\"code\":200}', 0, NULL, '2021-12-02 10:04:43');
INSERT INTO `sys_oper_log` VALUES (502, 'UserSerarchRecorddd', 1, 'com.ruoyi.kooklen.controller.UserSerarchRecordddController.add()', 'POST', 1, 'admin', NULL, '/UserSerarchRecorddd/UserSerarchRecorddd', '192.168.1.101', '内网IP', '{\"endtime\":1638374701000,\"monitorf\":0,\"starttime\":1638374699000,\"params\":{},\"userid\":\"11111111\",\"password\":\"11111\",\"id\":13,\"searchfunction\":0,\"username\":\"1111111\"}', '{\"msg\":\"操作成功\",\"code\":200}', 0, NULL, '2021-12-02 10:05:00');
INSERT INTO `sys_oper_log` VALUES (503, '用户管理', 2, 'com.ruoyi.web.controller.system.SysUserController.changeStatus()', 'PUT', 1, 'admin', NULL, '/system/user/changeStatus', '192.168.1.101', '内网IP', '{\"admin\":false,\"updateBy\":\"admin\",\"params\":{},\"userId\":2,\"status\":\"1\"}', '{\"msg\":\"操作成功\",\"code\":200}', 0, NULL, '2021-12-02 10:50:09');
INSERT INTO `sys_oper_log` VALUES (504, '用户管理', 2, 'com.ruoyi.web.controller.system.SysUserController.edit()', 'PUT', 1, 'admin', NULL, '/system/user', '192.168.1.101', '内网IP', '{\"roles\":[{\"flag\":false,\"roleId\":2,\"admin\":false,\"dataScope\":\"2\",\"params\":{},\"roleSort\":\"2\",\"deptCheckStrictly\":false,\"menuCheckStrictly\":false,\"roleKey\":\"common\",\"roleName\":\"普通角色\",\"status\":\"0\"}],\"phonenumber\":\"15666666666\",\"admin\":false,\"loginDate\":1638153524000,\"remark\":\"测试员\",\"delFlag\":\"0\",\"password\":\"\",\"updateBy\":\"admin\",\"postIds\":[2],\"loginIp\":\"127.0.0.1\",\"email\":\"ry@qq.com\",\"nickName\":\"若依\",\"sex\":\"1\",\"deptId\":105,\"avatar\":\"\",\"dept\":{\"deptName\":\"测试部门\",\"leader\":\"若依\",\"deptId\":105,\"orderNum\":\"3\",\"params\":{},\"parentId\":101,\"children\":[],\"status\":\"0\"},\"params\":{},\"userName\":\"ry\",\"userId\":2,\"createBy\":\"admin\",\"roleIds\":[2],\"createTime\":1638153524000,\"status\":\"0\"}', '{\"msg\":\"操作成功\",\"code\":200}', 0, NULL, '2021-12-02 10:50:20');
INSERT INTO `sys_oper_log` VALUES (505, 'UserSerarchRecorddd', 3, 'com.ruoyi.kooklen.controller.UserSerarchRecordddController.remove()', 'DELETE', 1, 'admin', NULL, '/UserSerarchRecorddd/UserSerarchRecorddd/1', '192.168.1.101', '内网IP', '{ids=1}', '{\"msg\":\"操作成功\",\"code\":200}', 0, NULL, '2021-12-02 10:52:11');
INSERT INTO `sys_oper_log` VALUES (506, 'UserSerarchRecorddd', 3, 'com.ruoyi.kooklen.controller.UserSerarchRecordddController.remove()', 'DELETE', 1, 'admin', NULL, '/UserSerarchRecorddd/UserSerarchRecorddd/11,10,9', '192.168.1.101', '内网IP', '{ids=11,10,9}', '{\"msg\":\"操作成功\",\"code\":200}', 0, NULL, '2021-12-02 10:52:17');
INSERT INTO `sys_oper_log` VALUES (507, 'UserSerarchRecorddd', 1, 'com.ruoyi.kooklen.controller.UserSerarchRecordddController.add()', 'POST', 1, 'admin', NULL, '/UserSerarchRecorddd/UserSerarchRecorddd', '192.168.1.101', '内网IP', '{\"endtime\":1638377567000,\"monitorf\":0,\"starttime\":1638377564000,\"params\":{},\"userid\":\"12345678\",\"password\":\"12131212\",\"id\":14,\"searchfunction\":0,\"username\":\"12345677\"}', '{\"msg\":\"操作成功\",\"code\":200}', 0, NULL, '2021-12-02 10:52:49');
INSERT INTO `sys_oper_log` VALUES (508, 'UserSerarchRecorddd', 2, 'com.ruoyi.kooklen.controller.UserSerarchRecordddController.edit()', 'PUT', 1, 'admin', NULL, '/UserSerarchRecorddd/UserSerarchRecorddd', '192.168.1.101', '内网IP', '{\"endtime\":1638377567000,\"monitorf\":1,\"starttime\":1638377564000,\"params\":{},\"userid\":\"12345678\",\"password\":\"12131212\",\"id\":14,\"searchfunction\":1,\"username\":\"12345677\"}', '{\"msg\":\"操作成功\",\"code\":200}', 0, NULL, '2021-12-02 10:52:56');
INSERT INTO `sys_oper_log` VALUES (509, 'UserSerarchRecorddd', 2, 'com.ruoyi.kooklen.controller.UserSerarchRecordddController.edit()', 'PUT', 1, 'admin', NULL, '/UserSerarchRecorddd/UserSerarchRecorddd', '192.168.1.101', '内网IP', '{\"endtime\":1638377567000,\"monitorf\":0,\"starttime\":1638377564000,\"params\":{},\"userid\":\"12345678\",\"password\":\"12131212\",\"id\":14,\"searchfunction\":0,\"username\":\"12345677\"}', '{\"msg\":\"操作成功\",\"code\":200}', 0, NULL, '2021-12-02 10:53:01');
INSERT INTO `sys_oper_log` VALUES (510, '菜单管理', 1, 'com.ruoyi.web.controller.system.SysMenuController.add()', 'POST', 1, 'admin', NULL, '/system/menu', '127.0.0.1', '内网IP', '{\"visible\":\"0\",\"icon\":\"email\",\"orderNum\":\"5\",\"menuName\":\"工单管理\",\"params\":{},\"parentId\":0,\"isCache\":\"0\",\"path\":\"/wordorder\",\"createBy\":\"admin\",\"children\":[],\"isFrame\":\"1\",\"menuType\":\"M\",\"status\":\"0\"}', '{\"msg\":\"操作成功\",\"code\":200}', 0, NULL, '2021-12-02 14:45:18');
INSERT INTO `sys_oper_log` VALUES (511, '菜单管理', 2, 'com.ruoyi.web.controller.system.SysMenuController.edit()', 'PUT', 1, 'admin', NULL, '/system/menu', '127.0.0.1', '内网IP', '{\"visible\":\"0\",\"icon\":\"email\",\"orderNum\":\"6\",\"menuName\":\"工单管理\",\"params\":{},\"parentId\":0,\"isCache\":\"0\",\"path\":\"/wordorder\",\"children\":[],\"createTime\":1638427518000,\"updateBy\":\"admin\",\"isFrame\":\"1\",\"menuId\":2130,\"menuType\":\"M\",\"perms\":\"\",\"status\":\"0\"}', '{\"msg\":\"操作成功\",\"code\":200}', 0, NULL, '2021-12-02 14:45:38');
INSERT INTO `sys_oper_log` VALUES (512, '菜单管理', 2, 'com.ruoyi.web.controller.system.SysMenuController.edit()', 'PUT', 1, 'admin', NULL, '/system/menu', '127.0.0.1', '内网IP', '{\"visible\":\"0\",\"icon\":\"email\",\"orderNum\":\"4\",\"menuName\":\"工单管理\",\"params\":{},\"parentId\":0,\"isCache\":\"0\",\"path\":\"/wordorder\",\"children\":[],\"createTime\":1638427518000,\"updateBy\":\"admin\",\"isFrame\":\"1\",\"menuId\":2130,\"menuType\":\"M\",\"perms\":\"\",\"status\":\"0\"}', '{\"msg\":\"操作成功\",\"code\":200}', 0, NULL, '2021-12-02 14:45:45');
INSERT INTO `sys_oper_log` VALUES (513, '菜单管理', 2, 'com.ruoyi.web.controller.system.SysMenuController.edit()', 'PUT', 1, 'admin', NULL, '/system/menu', '127.0.0.1', '内网IP', '{\"visible\":\"0\",\"icon\":\"email\",\"orderNum\":\"4\",\"menuName\":\"工单管理\",\"params\":{},\"parentId\":0,\"isCache\":\"0\",\"path\":\"/wordorder\",\"children\":[],\"createTime\":1638427518000,\"updateBy\":\"admin\",\"isFrame\":\"1\",\"menuId\":2130,\"menuType\":\"M\",\"perms\":\"\",\"status\":\"0\"}', '{\"msg\":\"操作成功\",\"code\":200}', 0, NULL, '2021-12-02 14:45:46');
INSERT INTO `sys_oper_log` VALUES (514, '菜单管理', 2, 'com.ruoyi.web.controller.system.SysMenuController.edit()', 'PUT', 1, 'admin', NULL, '/system/menu', '127.0.0.1', '内网IP', '{\"visible\":\"0\",\"icon\":\"email\",\"orderNum\":\"3\",\"menuName\":\"工单管理\",\"params\":{},\"parentId\":0,\"isCache\":\"0\",\"path\":\"/wordorder\",\"children\":[],\"createTime\":1638427518000,\"updateBy\":\"admin\",\"isFrame\":\"1\",\"menuId\":2130,\"menuType\":\"M\",\"perms\":\"\",\"status\":\"0\"}', '{\"msg\":\"操作成功\",\"code\":200}', 0, NULL, '2021-12-02 14:46:03');
INSERT INTO `sys_oper_log` VALUES (515, '菜单管理', 2, 'com.ruoyi.web.controller.system.SysMenuController.edit()', 'PUT', 1, 'admin', NULL, '/system/menu', '127.0.0.1', '内网IP', '{\"visible\":\"0\",\"icon\":\"email\",\"orderNum\":\"2\",\"menuName\":\"工单管理\",\"params\":{},\"parentId\":0,\"isCache\":\"0\",\"path\":\"/wordorder\",\"children\":[],\"createTime\":1638427518000,\"updateBy\":\"admin\",\"isFrame\":\"1\",\"menuId\":2130,\"menuType\":\"M\",\"perms\":\"\",\"status\":\"0\"}', '{\"msg\":\"操作成功\",\"code\":200}', 0, NULL, '2021-12-02 14:46:15');
INSERT INTO `sys_oper_log` VALUES (516, '代码生成', 6, 'com.ruoyi.generator.controller.GenController.importTableSave()', 'POST', 1, 'admin', NULL, '/tool/gen/importTable', '127.0.0.1', '内网IP', 'work_order_management', '{\"msg\":\"操作成功\",\"code\":200}', 0, NULL, '2021-12-02 14:46:36');
INSERT INTO `sys_oper_log` VALUES (517, '代码生成', 2, 'com.ruoyi.generator.controller.GenController.synchDb()', 'GET', 1, 'admin', NULL, '/tool/gen/synchDb/work_order_management', '127.0.0.1', '内网IP', '{tableName=work_order_management}', '{\"msg\":\"操作成功\",\"code\":200}', 0, NULL, '2021-12-02 14:47:51');
INSERT INTO `sys_oper_log` VALUES (518, '代码生成', 2, 'com.ruoyi.generator.controller.GenController.editSave()', 'PUT', 1, 'admin', NULL, '/tool/gen', '127.0.0.1', '内网IP', '{\"sub\":false,\"functionAuthor\":\"kooklen\",\"columns\":[{\"capJavaField\":\"Id\",\"usableColumn\":false,\"columnId\":94,\"isIncrement\":\"1\",\"increment\":true,\"insert\":true,\"dictType\":\"\",\"required\":false,\"superColumn\":false,\"updateBy\":\"\",\"isInsert\":\"1\",\"javaField\":\"id\",\"htmlType\":\"input\",\"edit\":false,\"query\":false,\"columnComment\":\"工单号\",\"sort\":1,\"list\":false,\"params\":{},\"javaType\":\"Long\",\"queryType\":\"EQ\",\"columnType\":\"int\",\"createBy\":\"admin\",\"isPk\":\"1\",\"createTime\":1638427596000,\"tableId\":13,\"pk\":true,\"columnName\":\"id\"},{\"capJavaField\":\"Userid\",\"usableColumn\":false,\"columnId\":95,\"isIncrement\":\"0\",\"increment\":false,\"insert\":true,\"isList\":\"1\",\"dictType\":\"\",\"required\":false,\"superColumn\":false,\"updateBy\":\"\",\"isInsert\":\"1\",\"javaField\":\"userid\",\"htmlType\":\"input\",\"edit\":true,\"query\":true,\"columnComment\":\"用户ID\",\"isQuery\":\"1\",\"sort\":2,\"list\":true,\"params\":{},\"javaType\":\"Long\",\"queryType\":\"EQ\",\"columnType\":\"int\",\"createBy\":\"admin\",\"isPk\":\"0\",\"createTime\":1638427596000,\"isEdit\":\"1\",\"tableId\":13,\"pk\":false,\"columnName\":\"userid\"},{\"capJavaField\":\"Username\",\"usableColumn\":false,\"columnId\":96,\"isIncrement\":\"0\",\"increment\":false,\"insert\":true,\"isList\":\"1\",\"dictType\":\"\",\"required\":false,\"superColumn\":false,\"updateBy\":\"\",\"isInsert\":\"1\",\"javaField\":\"username\",\"htmlType\":\"input\",\"edit\":true,\"query\":true,\"columnComment\":\"用户名\",\"isQuery\":\"1\",\"sort\":3,\"list\":true,\"params\":{},\"javaType\":\"String\",\"queryType\":\"LIKE\",\"columnType\":\"varchar(255)\",\"createBy\":\"admin\",\"isPk\":\"0\",\"createTime\":1638427596000,\"isEdit\":\"1\",\"tableId\":13,\"pk\":false,\"columnName\":\"username\"},{\"capJavaField\":\"Companyname\",\"usableColumn\":false,\"columnId\":97,\"isIncrement\":\"0\",\"increment\":false,\"insert\":true,\"isList\":\"1\",\"dictType\":\"\",\"required\":false,\"superColumn\":false,\"updateBy\":\"\",\"isInsert\":\"1\",\"javaField\":\"companyname\",\"htmlType\":\"input\",\"edit\":true,\"query\":true,\"columnComment\":\"公司名\",\"isQuery\":\"1\",\"sort\":4,\"list\":true,\"params\":{},\"javaType\":\"String\",\"queryType\":\"LIKE\",\"columnType\":\"varchar(255)\",\"createBy\":\"admin\",\"isPk\":\"0\",\"createTime\"', '{\"msg\":\"操作成功\",\"code\":200}', 0, NULL, '2021-12-02 14:49:19');
INSERT INTO `sys_oper_log` VALUES (519, '代码生成', 8, 'com.ruoyi.generator.controller.GenController.batchGenCode()', 'GET', 1, 'admin', NULL, '/tool/gen/batchGenCode', '127.0.0.1', '内网IP', '{}', NULL, 0, NULL, '2021-12-02 14:49:23');
INSERT INTO `sys_oper_log` VALUES (520, 'WorkOrderManagement', 2, 'com.ruoyi.kooklen.controller.WorkOrderManagementController.edit()', 'PUT', 1, 'admin', NULL, '/WorkOrderManagement/WorkOrderManagement', '192.168.1.105', '内网IP', '{\"note\":\"dasdasd\",\"city\":\"sdadasds\",\"params\":{},\"userid\":84446666,\"province\":\"dasdas\",\"companyname\":\"dasdsa\",\"legalpeople\":\"dads\",\"contactphone\":\"13800138000\",\"id\":10003,\"state\":1,\"username\":\"dsadas\"}', '{\"msg\":\"操作失败\",\"code\":500}', 0, NULL, '2021-12-02 14:56:26');
INSERT INTO `sys_oper_log` VALUES (521, 'WorkOrderManagement', 2, 'com.ruoyi.kooklen.controller.WorkOrderManagementController.edit()', 'PUT', 1, 'admin', NULL, '/WorkOrderManagement/WorkOrderManagement', '192.168.1.105', '内网IP', '{\"note\":\"dasdasd\",\"city\":\"sdadasds\",\"params\":{},\"userid\":84446666,\"province\":\"dasdas\",\"companyname\":\"dasdsa\",\"legalpeople\":\"dads\",\"contactphone\":\"13800138000\",\"id\":10003,\"state\":1,\"username\":\"dsadas\"}', '{\"msg\":\"操作失败\",\"code\":500}', 0, NULL, '2021-12-02 14:56:33');
INSERT INTO `sys_oper_log` VALUES (522, '代码生成', 2, 'com.ruoyi.generator.controller.GenController.synchDb()', 'GET', 1, 'admin', NULL, '/tool/gen/synchDb/work_order_management', '192.168.1.105', '内网IP', '{tableName=work_order_management}', '{\"msg\":\"操作成功\",\"code\":200}', 0, NULL, '2021-12-02 14:59:29');
INSERT INTO `sys_oper_log` VALUES (523, '代码生成', 2, 'com.ruoyi.generator.controller.GenController.editSave()', 'PUT', 1, 'admin', NULL, '/tool/gen', '192.168.1.105', '内网IP', '{\"sub\":false,\"functionAuthor\":\"kooklen\",\"columns\":[{\"capJavaField\":\"Id\",\"usableColumn\":false,\"columnId\":94,\"isIncrement\":\"1\",\"increment\":true,\"insert\":false,\"dictType\":\"\",\"required\":false,\"superColumn\":false,\"updateBy\":\"\",\"javaField\":\"id\",\"htmlType\":\"input\",\"edit\":false,\"query\":false,\"columnComment\":\"系统号\",\"updateTime\":1638427759000,\"sort\":1,\"list\":false,\"params\":{},\"javaType\":\"Long\",\"queryType\":\"EQ\",\"columnType\":\"int\",\"createBy\":\"admin\",\"isPk\":\"1\",\"createTime\":1638427596000,\"tableId\":13,\"pk\":true,\"columnName\":\"id\"},{\"capJavaField\":\"Userid\",\"usableColumn\":false,\"columnId\":95,\"isIncrement\":\"0\",\"increment\":false,\"insert\":true,\"isList\":\"1\",\"dictType\":\"\",\"required\":false,\"superColumn\":false,\"updateBy\":\"\",\"isInsert\":\"1\",\"javaField\":\"userid\",\"htmlType\":\"input\",\"edit\":false,\"query\":true,\"columnComment\":\"用户ID\",\"isQuery\":\"1\",\"updateTime\":1638427759000,\"sort\":2,\"list\":true,\"params\":{},\"javaType\":\"Long\",\"queryType\":\"EQ\",\"columnType\":\"int\",\"createBy\":\"admin\",\"isPk\":\"0\",\"createTime\":1638427596000,\"tableId\":13,\"pk\":false,\"columnName\":\"userid\"},{\"capJavaField\":\"Username\",\"usableColumn\":false,\"columnId\":96,\"isIncrement\":\"0\",\"increment\":false,\"insert\":true,\"isList\":\"1\",\"dictType\":\"\",\"required\":false,\"superColumn\":false,\"updateBy\":\"\",\"isInsert\":\"1\",\"javaField\":\"username\",\"htmlType\":\"input\",\"edit\":false,\"query\":true,\"columnComment\":\"用户名\",\"isQuery\":\"1\",\"updateTime\":1638427759000,\"sort\":3,\"list\":true,\"params\":{},\"javaType\":\"String\",\"queryType\":\"LIKE\",\"columnType\":\"varchar(255)\",\"createBy\":\"admin\",\"isPk\":\"0\",\"createTime\":1638427596000,\"tableId\":13,\"pk\":false,\"columnName\":\"username\"},{\"capJavaField\":\"Companyname\",\"usableColumn\":false,\"columnId\":97,\"isIncrement\":\"0\",\"increment\":false,\"insert\":true,\"isList\":\"1\",\"dictType\":\"\",\"required\":false,\"superColumn\":false,\"updateBy\":\"\",\"isInsert\":\"1\",\"javaField\":\"companyname\",\"htmlType\":\"input\",\"edit\":false,\"query\":true,\"columnComment\":\"公司名\",\"isQuery\":\"1\",\"updateTime\":1638427759000,\"sort\":4,\"list\":true,\"params\":{},\"javaType\":\"String\",\"queryType\":\"LIKE\"', '{\"msg\":\"操作成功\",\"code\":200}', 0, NULL, '2021-12-02 15:00:14');
INSERT INTO `sys_oper_log` VALUES (524, '代码生成', 8, 'com.ruoyi.generator.controller.GenController.batchGenCode()', 'GET', 1, 'admin', NULL, '/tool/gen/batchGenCode', '192.168.1.105', '内网IP', '{}', NULL, 0, NULL, '2021-12-02 15:00:16');
INSERT INTO `sys_oper_log` VALUES (525, '代码生成', 2, 'com.ruoyi.generator.controller.GenController.synchDb()', 'GET', 1, 'admin', NULL, '/tool/gen/synchDb/work_order_management', '127.0.0.1', '内网IP', '{tableName=work_order_management}', '{\"msg\":\"操作成功\",\"code\":200}', 0, NULL, '2021-12-02 15:04:29');
INSERT INTO `sys_oper_log` VALUES (526, 'WorkOrderManagement', 1, 'com.ruoyi.kooklen.controller.WorkOrderManagementController.add()', 'POST', 1, 'admin', NULL, '/WorkOrderManagement/WorkOrderManagement', '192.168.1.105', '内网IP', '{\"note\":\"no\",\"city\":\"珠海市\",\"orderid\":100003,\"params\":{},\"userid\":66668888,\"province\":\"广东省\",\"companyname\":\"但是撒多撒多\",\"legalpeople\":\"大萨达\",\"contactphone\":\"13800138000\",\"id\":100003,\"state\":1,\"username\":\"打算打算大所多\"}', '{\"msg\":\"操作成功\",\"code\":200}', 0, NULL, '2021-12-02 15:23:03');
INSERT INTO `sys_oper_log` VALUES (527, '代码生成', 2, 'com.ruoyi.generator.controller.GenController.synchDb()', 'GET', 1, 'admin', NULL, '/tool/gen/synchDb/work_order_management', '127.0.0.1', '内网IP', '{tableName=work_order_management}', '{\"msg\":\"操作成功\",\"code\":200}', 0, NULL, '2021-12-02 15:44:21');
INSERT INTO `sys_oper_log` VALUES (528, '代码生成', 2, 'com.ruoyi.generator.controller.GenController.editSave()', 'PUT', 1, 'admin', NULL, '/tool/gen', '127.0.0.1', '内网IP', '{\"sub\":false,\"functionAuthor\":\"kooklen\",\"columns\":[{\"capJavaField\":\"Id\",\"usableColumn\":false,\"columnId\":94,\"isIncrement\":\"1\",\"increment\":true,\"insert\":false,\"dictType\":\"\",\"required\":false,\"superColumn\":false,\"updateBy\":\"\",\"javaField\":\"id\",\"htmlType\":\"input\",\"edit\":false,\"query\":false,\"columnComment\":\"系统号\",\"updateTime\":1638428414000,\"sort\":1,\"list\":false,\"params\":{},\"javaType\":\"Long\",\"queryType\":\"EQ\",\"columnType\":\"int\",\"createBy\":\"admin\",\"isPk\":\"1\",\"createTime\":1638427596000,\"tableId\":13,\"pk\":true,\"columnName\":\"id\"},{\"capJavaField\":\"Userid\",\"usableColumn\":false,\"columnId\":95,\"isIncrement\":\"0\",\"increment\":false,\"insert\":true,\"isList\":\"1\",\"dictType\":\"\",\"required\":false,\"superColumn\":false,\"updateBy\":\"\",\"isInsert\":\"1\",\"javaField\":\"userid\",\"htmlType\":\"input\",\"edit\":false,\"query\":true,\"columnComment\":\"用户ID\",\"isQuery\":\"1\",\"updateTime\":1638428414000,\"sort\":2,\"list\":true,\"params\":{},\"javaType\":\"Long\",\"queryType\":\"EQ\",\"columnType\":\"int\",\"createBy\":\"admin\",\"isPk\":\"0\",\"createTime\":1638427596000,\"tableId\":13,\"pk\":false,\"columnName\":\"userid\"},{\"capJavaField\":\"Username\",\"usableColumn\":false,\"columnId\":96,\"isIncrement\":\"0\",\"increment\":false,\"insert\":true,\"isList\":\"1\",\"dictType\":\"\",\"required\":false,\"superColumn\":false,\"updateBy\":\"\",\"isInsert\":\"1\",\"javaField\":\"username\",\"htmlType\":\"input\",\"edit\":false,\"query\":true,\"columnComment\":\"用户名\",\"isQuery\":\"1\",\"updateTime\":1638428414000,\"sort\":3,\"list\":true,\"params\":{},\"javaType\":\"String\",\"queryType\":\"LIKE\",\"columnType\":\"varchar(255)\",\"createBy\":\"admin\",\"isPk\":\"0\",\"createTime\":1638427596000,\"tableId\":13,\"pk\":false,\"columnName\":\"username\"},{\"capJavaField\":\"Companyname\",\"usableColumn\":false,\"columnId\":97,\"isIncrement\":\"0\",\"increment\":false,\"insert\":true,\"isList\":\"1\",\"dictType\":\"\",\"required\":false,\"superColumn\":false,\"updateBy\":\"\",\"isInsert\":\"1\",\"javaField\":\"companyname\",\"htmlType\":\"input\",\"edit\":false,\"query\":true,\"columnComment\":\"公司名\",\"isQuery\":\"1\",\"updateTime\":1638428414000,\"sort\":4,\"list\":true,\"params\":{},\"javaType\":\"String\",\"queryType\":\"LIKE\"', '{\"msg\":\"操作成功\",\"code\":200}', 0, NULL, '2021-12-02 15:46:38');
INSERT INTO `sys_oper_log` VALUES (529, '代码生成', 8, 'com.ruoyi.generator.controller.GenController.batchGenCode()', 'GET', 1, 'admin', NULL, '/tool/gen/batchGenCode', '127.0.0.1', '内网IP', '{}', NULL, 0, NULL, '2021-12-02 15:46:45');
INSERT INTO `sys_oper_log` VALUES (530, 'WorkOrderManagement', 1, 'com.ruoyi.kooklen.controller.WorkOrderManagementController.add()', 'POST', 1, 'admin', NULL, '/WorkOrderManagement/WorkOrderManagement', '127.0.0.1', '内网IP', '{\"createtime\":1638377593000,\"city\":\"十点多\",\"orderid\":12312312,\"params\":{},\"userid\":312312321,\"province\":\"四十多\",\"companyname\":\"大萨达撒多\",\"finaltime\":1638377591000,\"legalpeople\":\"大萨达\",\"contactphone\":\"1381001388\",\"id\":100004,\"state\":1,\"username\":\"敖德萨大所多所多\"}', '{\"msg\":\"操作成功\",\"code\":200}', 0, NULL, '2021-12-02 15:53:29');
INSERT INTO `sys_oper_log` VALUES (531, '菜单管理', 2, 'com.ruoyi.web.controller.system.SysMenuController.edit()', 'PUT', 1, 'admin', NULL, '/system/menu', '192.168.1.105', '内网IP', '{\"visible\":\"0\",\"icon\":\"#\",\"orderNum\":\"1\",\"menuName\":\"待处理\",\"params\":{},\"parentId\":2130,\"isCache\":\"0\",\"path\":\"WorkOrderManagement\",\"component\":\"WorkOrderManagement/WorkOrderManagement/index\",\"children\":[],\"createTime\":1638427965000,\"updateBy\":\"admin\",\"isFrame\":\"1\",\"menuId\":2131,\"menuType\":\"C\",\"perms\":\"WorkOrderManagement:WorkOrderManagement:list\",\"status\":\"0\"}', '{\"msg\":\"操作成功\",\"code\":200}', 0, NULL, '2021-12-02 16:35:06');
INSERT INTO `sys_oper_log` VALUES (532, '菜单管理', 1, 'com.ruoyi.web.controller.system.SysMenuController.add()', 'POST', 1, 'admin', NULL, '/system/menu', '192.168.1.105', '内网IP', '{\"visible\":\"0\",\"icon\":\"checkbox\",\"orderNum\":\"2\",\"menuName\":\"已处理\",\"params\":{},\"parentId\":2130,\"isCache\":\"0\",\"path\":\"WorkOM\",\"component\":\"WorkOM/WorkOM/index\",\"createBy\":\"admin\",\"children\":[],\"isFrame\":\"1\",\"menuType\":\"C\",\"perms\":\"WorkOM:WorkOM:list\",\"status\":\"0\"}', '{\"msg\":\"操作成功\",\"code\":200}', 0, NULL, '2021-12-02 16:36:34');
INSERT INTO `sys_oper_log` VALUES (533, '菜单管理', 2, 'com.ruoyi.web.controller.system.SysMenuController.edit()', 'PUT', 1, 'admin', NULL, '/system/menu', '192.168.1.105', '内网IP', '{\"visible\":\"0\",\"icon\":\"edit\",\"orderNum\":\"1\",\"menuName\":\"待处理\",\"params\":{},\"parentId\":2130,\"isCache\":\"0\",\"path\":\"WorkOrderManagement\",\"component\":\"WorkOrderManagement/WorkOrderManagement/index\",\"children\":[],\"createTime\":1638427965000,\"updateBy\":\"admin\",\"isFrame\":\"1\",\"menuId\":2131,\"menuType\":\"C\",\"perms\":\"WorkOrderManagement:WorkOrderManagement:list\",\"status\":\"0\"}', '{\"msg\":\"操作成功\",\"code\":200}', 0, NULL, '2021-12-02 17:04:05');
INSERT INTO `sys_oper_log` VALUES (534, 'WorkOrderManagement', 2, 'com.ruoyi.kooklen.controller.WorkOrderManagementController.edit()', 'PUT', 1, 'admin', NULL, '/WorkOrderManagement/WorkOrderManagement', '192.168.1.105', '内网IP', '{\"note\":\"查不到\",\"createtime\":1638376991000,\"city\":\"东莞市\",\"orderid\":10002,\"params\":{},\"userid\":84446666,\"province\":\"广东省\",\"companyname\":\"广东城市第一工业有限公司\",\"finaltime\":1638376453000,\"legalpeople\":\"朱晓光\",\"contactphone\":\"13800138000\",\"id\":100002,\"state\":1,\"username\":\"江门工商行\"}', '{\"msg\":\"操作成功\",\"code\":200}', 0, NULL, '2021-12-02 17:08:40');
INSERT INTO `sys_oper_log` VALUES (535, 'WorkOrderManagement', 2, 'com.ruoyi.kooklen.controller.WorkOrderManagementController.edit()', 'PUT', 1, 'admin', NULL, '/WorkOrderManagement/WorkOrderManagement', '127.0.0.1', '内网IP', '{\"note\":\"查不到\",\"createtime\":1638376991000,\"city\":\"东莞市\",\"orderid\":10002,\"params\":{},\"userid\":84446666,\"province\":\"广东省\",\"companyname\":\"广东城市第一工业有限公司\",\"finaltime\":1638376453000,\"legalpeople\":\"朱晓光\",\"contactphone\":\"13800138000\",\"id\":100002,\"state\":2,\"username\":\"江门工商行\"}', '{\"msg\":\"操作成功\",\"code\":200}', 0, NULL, '2021-12-02 17:12:51');
INSERT INTO `sys_oper_log` VALUES (536, 'WorkOrderManagement', 2, 'com.ruoyi.kooklen.controller.WorkOrderManagementController.edit()', 'PUT', 1, 'admin', NULL, '/WorkOrderManagement/WorkOrderManagement', '127.0.0.1', '内网IP', '{\"note\":\"查不到\",\"createtime\":1638376991000,\"city\":\"东莞市\",\"orderid\":10002,\"params\":{},\"userid\":84446666,\"province\":\"广东省\",\"companyname\":\"广东城市第一工业有限公司\",\"finaltime\":1638376453000,\"legalpeople\":\"朱晓光\",\"contactphone\":\"13800138000\",\"id\":100002,\"state\":2,\"username\":\"江门工商行\"}', '{\"msg\":\"操作成功\",\"code\":200}', 0, NULL, '2021-12-02 17:12:52');
INSERT INTO `sys_oper_log` VALUES (537, 'WorkOrderManagement', 2, 'com.ruoyi.kooklen.controller.WorkOrderManagementController.edit()', 'PUT', 1, 'admin', NULL, '/WorkOrderManagement/WorkOrderManagement', '127.0.0.1', '内网IP', '{\"note\":\"搜不到\",\"createtime\":1638376991000,\"city\":\"东莞市\",\"orderid\":10001,\"params\":{},\"userid\":84446666,\"province\":\"广东省\",\"companyname\":\"广东城市第一工业有限公司\",\"finaltime\":1638376450000,\"legalpeople\":\"朱晓光\",\"contactphone\":\"13800138000\",\"id\":100001,\"state\":2,\"username\":\"江门工商行\"}', '{\"msg\":\"操作成功\",\"code\":200}', 0, NULL, '2021-12-02 17:13:28');
INSERT INTO `sys_oper_log` VALUES (538, 'WorkOrderManagement', 2, 'com.ruoyi.kooklen.controller.WorkOrderManagementController.edit()', 'PUT', 1, 'admin', NULL, '/WorkOrderManagement/WorkOrderManagement', '127.0.0.1', '内网IP', '{\"note\":\"找不到\",\"createtime\":1638376991000,\"city\":\"东莞市\",\"orderid\":10000,\"params\":{},\"userid\":84446666,\"province\":\"广东省\",\"companyname\":\"广东城市第一工业有限公司\",\"finaltime\":1638376446000,\"legalpeople\":\"朱晓光\",\"contactphone\":\"13800138000\",\"id\":100000,\"state\":1,\"username\":\"江门工商行\"}', '{\"msg\":\"操作成功\",\"code\":200}', 0, NULL, '2021-12-02 17:14:13');
INSERT INTO `sys_oper_log` VALUES (539, 'WorkOrderManagement', 2, 'com.ruoyi.kooklen.controller.WorkOrderManagementController.edit()', 'PUT', 1, 'admin', NULL, '/WorkOrderManagement/WorkOrderManagement', '127.0.0.1', '内网IP', '{\"note\":\"搜不到\",\"createtime\":1638376991000,\"city\":\"东莞市\",\"orderid\":10001,\"params\":{},\"userid\":84446666,\"province\":\"广东省\",\"companyname\":\"广东城市第一工业有限公司\",\"finaltime\":1638376450000,\"legalpeople\":\"朱晓光\",\"contactphone\":\"13800138000\",\"id\":100001,\"state\":0,\"username\":\"江门工商行\"}', '{\"msg\":\"操作成功\",\"code\":200}', 0, NULL, '2021-12-02 17:14:24');
INSERT INTO `sys_oper_log` VALUES (540, 'WorkOrderManagement', 2, 'com.ruoyi.kooklen.controller.WorkOrderManagementController.edit()', 'PUT', 1, 'admin', NULL, '/WorkOrderManagement/WorkOrderManagement', '127.0.0.1', '内网IP', '{\"note\":\"\",\"createtime\":1638376991000,\"city\":\"东莞市\",\"orderid\":10001,\"params\":{},\"userid\":84446666,\"province\":\"广东省\",\"companyname\":\"广东城市第一工业有限公司\",\"finaltime\":1638376450000,\"legalpeople\":\"朱晓光\",\"contactphone\":\"13800138000\",\"id\":100001,\"state\":0,\"username\":\"江门工商行\"}', '{\"msg\":\"操作成功\",\"code\":200}', 0, NULL, '2021-12-02 17:17:02');
INSERT INTO `sys_oper_log` VALUES (541, 'WorkOrderManagement', 2, 'com.ruoyi.kooklen.controller.WorkOrderManagementController.edit()', 'PUT', 1, 'admin', NULL, '/WorkOrderManagement/WorkOrderManagement', '192.168.1.101', '内网IP', '{\"note\":\"\",\"createtime\":1638376991000,\"city\":\"东莞市\",\"orderid\":10001,\"params\":{},\"userid\":84446666,\"province\":\"广东省\",\"companyname\":\"广东城市第一工业有限公司\",\"finaltime\":1638376450000,\"legalpeople\":\"朱晓光\",\"contactphone\":\"13800138000\",\"id\":100001,\"state\":1,\"username\":\"江门工商行\"}', '{\"msg\":\"操作成功\",\"code\":200}', 0, NULL, '2021-12-02 17:24:41');
INSERT INTO `sys_oper_log` VALUES (542, 'WorkOrderManagement', 2, 'com.ruoyi.kooklen.controller.WorkOrderManagementController.edit()', 'PUT', 1, 'admin', NULL, '/WorkOrderManagement/WorkOrderManagement', '192.168.1.101', '内网IP', '{\"note\":\"找不到\",\"createtime\":1638376991000,\"city\":\"东莞市\",\"orderid\":10000,\"params\":{},\"userid\":84446666,\"province\":\"广东省\",\"companyname\":\"广东城市第一工业有限公司\",\"finaltime\":1638376446000,\"legalpeople\":\"朱晓光\",\"contactphone\":\"13800138000\",\"id\":100000,\"state\":2,\"username\":\"江门工商行\"}', '{\"msg\":\"操作成功\",\"code\":200}', 0, NULL, '2021-12-02 17:24:51');
INSERT INTO `sys_oper_log` VALUES (543, 'WorkOrderManagement', 2, 'com.ruoyi.kooklen.controller.WorkOrderManagementController.edit()', 'PUT', 1, 'admin', NULL, '/WorkOrderManagement/WorkOrderManagement', '192.168.1.101', '内网IP', '{\"note\":\"找不到\",\"createtime\":1638376991000,\"city\":\"东莞市\",\"orderid\":10000,\"params\":{},\"userid\":84446666,\"province\":\"广东省\",\"companyname\":\"广东城市第一工业有限公司\",\"finaltime\":1638376446000,\"legalpeople\":\"朱晓光\",\"contactphone\":\"13800138000\",\"id\":100000,\"state\":2,\"username\":\"江门工商行\"}', '{\"msg\":\"操作成功\",\"code\":200}', 0, NULL, '2021-12-02 17:25:46');
INSERT INTO `sys_oper_log` VALUES (544, 'WorkOrderManagement', 2, 'com.ruoyi.kooklen.controller.WorkOrderManagementController.edit()', 'PUT', 1, 'admin', NULL, '/WorkOrderManagement/WorkOrderManagement', '127.0.0.1', '内网IP', '{\"note\":\"找不到\",\"createtime\":1638376991000,\"city\":\"东莞市\",\"orderid\":10000,\"params\":{},\"userid\":84446666,\"province\":\"广东省\",\"companyname\":\"广东城市第一工业有限公司\",\"finaltime\":1638376446000,\"legalpeople\":\"朱晓光\",\"contactphone\":\"13800138000\",\"id\":100000,\"state\":0,\"username\":\"江门工商行\"}', '{\"msg\":\"操作成功\",\"code\":200}', 0, NULL, '2021-12-02 17:26:54');
INSERT INTO `sys_oper_log` VALUES (545, 'WorkOrderManagement', 2, 'com.ruoyi.kooklen.controller.WorkOrderManagementController.edit()', 'PUT', 1, 'admin', NULL, '/WorkOrderManagement/WorkOrderManagement', '127.0.0.1', '内网IP', '{\"note\":\"找不到\",\"createtime\":1638376991000,\"city\":\"东莞市\",\"orderid\":10000,\"params\":{},\"userid\":84446666,\"province\":\"广东省\",\"companyname\":\"广东城市第一工业有限公司\",\"finaltime\":1638376446000,\"legalpeople\":\"朱晓光\",\"contactphone\":\"13800138000\",\"id\":100000,\"state\":0,\"username\":\"江门工商行\"}', '{\"msg\":\"操作成功\",\"code\":200}', 0, NULL, '2021-12-02 17:28:50');
INSERT INTO `sys_oper_log` VALUES (546, 'WorkOrderManagement', 2, 'com.ruoyi.kooklen.controller.WorkOrderManagementController.edit()', 'PUT', 1, 'admin', NULL, '/WorkOrderManagement/WorkOrderManagement', '127.0.0.1', '内网IP', '{\"note\":\"找不到\",\"createtime\":1638376991000,\"city\":\"东莞市\",\"orderid\":10000,\"params\":{},\"userid\":84446666,\"province\":\"广东省\",\"companyname\":\"广东城市第一工业有限公司\",\"finaltime\":1638376446000,\"legalpeople\":\"朱晓光\",\"contactphone\":\"13800138000\",\"id\":100000,\"state\":2,\"username\":\"江门工商行\"}', '{\"msg\":\"操作成功\",\"code\":200}', 0, NULL, '2021-12-02 17:38:22');
INSERT INTO `sys_oper_log` VALUES (547, 'WorkOrderManagement', 2, 'com.ruoyi.kooklen.controller.WorkOrderManagementController.edit()', 'PUT', 1, 'admin', NULL, '/WorkOrderManagement/WorkOrderManagement', '127.0.0.1', '内网IP', '{\"note\":\"找不到\",\"createtime\":1638376991000,\"city\":\"东莞市\",\"orderid\":10000,\"params\":{},\"userid\":84446666,\"province\":\"广东省\",\"companyname\":\"广东城市第一工业有限公司\",\"finaltime\":1638376446000,\"legalpeople\":\"朱晓光\",\"contactphone\":\"13800138000\",\"id\":100000,\"state\":0,\"username\":\"江门工商行\"}', '{\"msg\":\"操作成功\",\"code\":200}', 0, NULL, '2021-12-02 17:38:44');
INSERT INTO `sys_oper_log` VALUES (548, 'WorkOrderManagement', 2, 'com.ruoyi.kooklen.controller.WorkOrderManagementController.edit()', 'PUT', 1, 'admin', NULL, '/WorkOrderManagement/WorkOrderManagement', '127.0.0.1', '内网IP', '{\"note\":\"找不到\",\"createtime\":1638376991000,\"city\":\"东莞市\",\"orderid\":10000,\"params\":{},\"userid\":84446666,\"province\":\"广东省\",\"companyname\":\"广东城市第一工业有限公司\",\"finaltime\":1638376446000,\"legalpeople\":\"朱晓光\",\"contactphone\":\"13800138000\",\"id\":100000,\"state\":2,\"username\":\"江门工商行\"}', '{\"msg\":\"操作成功\",\"code\":200}', 0, NULL, '2021-12-02 17:42:09');
INSERT INTO `sys_oper_log` VALUES (549, 'WorkOrderManagement', 2, 'com.ruoyi.kooklen.controller.WorkOrderManagementController.edit()', 'PUT', 1, 'admin', NULL, '/WorkOrderManagement/WorkOrderManagement', '127.0.0.1', '内网IP', '{\"note\":\"找不到\",\"createtime\":1638376991000,\"city\":\"东莞市\",\"orderid\":10000,\"params\":{},\"userid\":84446666,\"province\":\"广东省\",\"companyname\":\"广东城市第一工业有限公司\",\"finaltime\":1638376446000,\"legalpeople\":\"朱晓光\",\"contactphone\":\"13800138000\",\"id\":100000,\"state\":0,\"username\":\"江门工商行\"}', '{\"msg\":\"操作成功\",\"code\":200}', 0, NULL, '2021-12-02 17:42:39');
INSERT INTO `sys_oper_log` VALUES (550, 'WorkOrderManagement', 2, 'com.ruoyi.kooklen.controller.WorkOrderManagementController.edit()', 'PUT', 1, 'admin', NULL, '/WorkOrderManagement/WorkOrderManagement', '127.0.0.1', '内网IP', '{\"note\":\"找不到\",\"createtime\":1638376991000,\"city\":\"东莞市\",\"orderid\":10000,\"params\":{},\"userid\":84446666,\"province\":\"广东省\",\"companyname\":\"广东城市第一工业有限公司\",\"finaltime\":1638376446000,\"legalpeople\":\"朱晓光\",\"contactphone\":\"13800138000\",\"id\":100000,\"state\":2,\"username\":\"江门工商行\"}', '{\"msg\":\"操作成功\",\"code\":200}', 0, NULL, '2021-12-02 17:42:47');
INSERT INTO `sys_oper_log` VALUES (551, 'WorkOrderManagement', 2, 'com.ruoyi.kooklen.controller.WorkOrderManagementController.edit()', 'PUT', 1, 'admin', NULL, '/WorkOrderManagement/WorkOrderManagement', '127.0.0.1', '内网IP', '{\"note\":\"\",\"createtime\":1638376991000,\"city\":\"东莞市\",\"orderid\":10001,\"params\":{},\"userid\":84446666,\"province\":\"广东省\",\"companyname\":\"广东城市第一工业有限公司\",\"finaltime\":1638376450000,\"legalpeople\":\"朱晓光\",\"contactphone\":\"13800138000\",\"id\":100001,\"state\":0,\"username\":\"江门工商行\"}', '{\"msg\":\"操作成功\",\"code\":200}', 0, NULL, '2021-12-02 17:42:52');
INSERT INTO `sys_oper_log` VALUES (552, 'WorkOrderManagement', 2, 'com.ruoyi.kooklen.controller.WorkOrderManagementController.edit()', 'PUT', 1, 'admin', NULL, '/WorkOrderManagement/WorkOrderManagement', '127.0.0.1', '内网IP', '{\"note\":\"\",\"createtime\":1638376991000,\"city\":\"东莞市\",\"orderid\":10001,\"params\":{},\"userid\":84446666,\"province\":\"广东省\",\"companyname\":\"广东城市第一工业有限公司\",\"finaltime\":1638376450000,\"legalpeople\":\"朱晓光\",\"contactphone\":\"13800138000\",\"id\":100001,\"state\":2,\"username\":\"江门工商行\"}', '{\"msg\":\"操作成功\",\"code\":200}', 0, NULL, '2021-12-02 17:44:15');
INSERT INTO `sys_oper_log` VALUES (553, 'WorkOrderManagement', 2, 'com.ruoyi.kooklen.controller.WorkOrderManagementController.edit()', 'PUT', 1, 'admin', NULL, '/WorkOrderManagement/WorkOrderManagement', '127.0.0.1', '内网IP', '{\"note\":\"找不到\",\"createtime\":1638376991000,\"city\":\"东莞市\",\"orderid\":10000,\"params\":{},\"userid\":84446666,\"province\":\"广东省\",\"companyname\":\"广东城市第一工业有限公司\",\"finaltime\":1638376446000,\"legalpeople\":\"朱晓光\",\"contactphone\":\"13800138000\",\"id\":100000,\"state\":0,\"username\":\"江门工商行\"}', '{\"msg\":\"操作成功\",\"code\":200}', 0, NULL, '2021-12-02 17:44:26');
INSERT INTO `sys_oper_log` VALUES (554, 'WorkOrderManagement', 2, 'com.ruoyi.kooklen.controller.WorkOrderManagementController.edit()', 'PUT', 1, 'admin', NULL, '/WorkOrderManagement/WorkOrderManagement', '127.0.0.1', '内网IP', '{\"note\":\"找不到\",\"createtime\":1638376991000,\"city\":\"东莞市\",\"orderid\":10000,\"params\":{},\"userid\":84446666,\"province\":\"广东省\",\"companyname\":\"广东城市第一工业有限公司\",\"finaltime\":1638376446000,\"legalpeople\":\"朱晓光\",\"contactphone\":\"13800138000\",\"id\":100000,\"state\":2,\"username\":\"江门工商行\"}', '{\"msg\":\"操作成功\",\"code\":200}', 0, NULL, '2021-12-02 17:45:58');
INSERT INTO `sys_oper_log` VALUES (555, 'WorkOrderManagement', 2, 'com.ruoyi.kooklen.controller.WorkOrderManagementController.edit()', 'PUT', 1, 'admin', NULL, '/WorkOrderManagement/WorkOrderManagement', '127.0.0.1', '内网IP', '{\"note\":\"\",\"createtime\":1638376991000,\"city\":\"东莞市\",\"orderid\":10000,\"params\":{},\"userid\":84446666,\"province\":\"广东省\",\"companyname\":\"广东城市第一工业有限公司\",\"finaltime\":1638376446000,\"legalpeople\":\"朱晓光\",\"contactphone\":\"13800138000\",\"id\":100000,\"state\":0,\"username\":\"江门工商行\"}', '{\"msg\":\"操作成功\",\"code\":200}', 0, NULL, '2021-12-02 17:46:38');
INSERT INTO `sys_oper_log` VALUES (556, 'WorkOrderManagement', 2, 'com.ruoyi.kooklen.controller.WorkOrderManagementController.edit()', 'PUT', 1, 'admin', NULL, '/WorkOrderManagement/WorkOrderManagement', '127.0.0.1', '内网IP', '{\"note\":\"\",\"createtime\":1638376991000,\"city\":\"东莞市\",\"orderid\":10000,\"params\":{},\"userid\":84446666,\"province\":\"广东省\",\"companyname\":\"广东城市第一工业有限公司\",\"finaltime\":1638376446000,\"legalpeople\":\"朱晓光\",\"contactphone\":\"13800138000\",\"id\":100000,\"state\":2,\"username\":\"江门工商行\"}', '{\"msg\":\"操作成功\",\"code\":200}', 0, NULL, '2021-12-02 17:46:49');
INSERT INTO `sys_oper_log` VALUES (557, 'WorkOrderManagement', 2, 'com.ruoyi.kooklen.controller.WorkOrderManagementController.edit()', 'PUT', 1, 'admin', NULL, '/WorkOrderManagement/WorkOrderManagement', '127.0.0.1', '内网IP', '{\"note\":\"\",\"createtime\":1638376991000,\"city\":\"东莞市\",\"orderid\":10000,\"params\":{},\"userid\":84446666,\"province\":\"广东省\",\"companyname\":\"广东城市第一工业有限公司\",\"finaltime\":1638376446000,\"legalpeople\":\"朱晓光\",\"contactphone\":\"13800138000\",\"id\":100000,\"state\":0,\"username\":\"江门工商行\"}', '{\"msg\":\"操作成功\",\"code\":200}', 0, NULL, '2021-12-02 17:47:37');
INSERT INTO `sys_oper_log` VALUES (558, 'WorkOrderManagement', 2, 'com.ruoyi.kooklen.controller.WorkOrderManagementController.edit()', 'PUT', 1, 'admin', NULL, '/WorkOrderManagement/WorkOrderManagement', '127.0.0.1', '内网IP', '{\"note\":\"test\",\"createtime\":1638376991000,\"city\":\"东莞市\",\"orderid\":10000,\"params\":{},\"userid\":84446666,\"province\":\"广东省\",\"companyname\":\"广东城市第一工业有限公司\",\"finaltime\":1638376446000,\"legalpeople\":\"朱晓光\",\"contactphone\":\"13800138000\",\"id\":100000,\"state\":2,\"username\":\"江门工商行\"}', '{\"msg\":\"操作成功\",\"code\":200}', 0, NULL, '2021-12-02 17:47:51');
INSERT INTO `sys_oper_log` VALUES (559, 'WorkOrderManagement', 2, 'com.ruoyi.kooklen.controller.WorkOrderManagementController.edit()', 'PUT', 1, 'admin', NULL, '/WorkOrderManagement/WorkOrderManagement', '127.0.0.1', '内网IP', '{\"note\":\"\",\"createtime\":1638376991000,\"city\":\"东莞市\",\"orderid\":10000,\"params\":{},\"userid\":84446666,\"province\":\"广东省\",\"companyname\":\"广东城市第一工业有限公司\",\"finaltime\":1638376446000,\"legalpeople\":\"朱晓光\",\"contactphone\":\"13800138000\",\"id\":100000,\"state\":0,\"username\":\"江门工商行\"}', '{\"msg\":\"操作成功\",\"code\":200}', 0, NULL, '2021-12-02 17:48:29');
INSERT INTO `sys_oper_log` VALUES (560, 'WorkOrderManagement', 2, 'com.ruoyi.kooklen.controller.WorkOrderManagementController.edit()', 'PUT', 1, 'admin', NULL, '/WorkOrderManagement/WorkOrderManagement', '127.0.0.1', '内网IP', '{\"note\":\"test\",\"createtime\":1638376991000,\"city\":\"东莞市\",\"orderid\":10000,\"params\":{},\"userid\":84446666,\"province\":\"广东省\",\"companyname\":\"广东城市第一工业有限公司\",\"finaltime\":1638376446000,\"legalpeople\":\"朱晓光\",\"contactphone\":\"13800138000\",\"id\":100000,\"state\":2,\"username\":\"江门工商行\"}', '{\"msg\":\"操作成功\",\"code\":200}', 0, NULL, '2021-12-02 17:51:11');
INSERT INTO `sys_oper_log` VALUES (561, 'WorkOrderManagement', 2, 'com.ruoyi.kooklen.controller.WorkOrderManagementController.edit()', 'PUT', 1, 'admin', NULL, '/WorkOrderManagement/WorkOrderManagement', '127.0.0.1', '内网IP', '{\"note\":\"test\",\"createtime\":1638376991000,\"city\":\"东莞市\",\"orderid\":10000,\"params\":{},\"userid\":84446666,\"province\":\"广东省\",\"companyname\":\"广东城市第一工业有限公司\",\"finaltime\":1638376446000,\"legalpeople\":\"朱晓光\",\"contactphone\":\"13800138000\",\"id\":100000,\"state\":0,\"username\":\"江门工商行\"}', '{\"msg\":\"操作成功\",\"code\":200}', 0, NULL, '2021-12-02 17:51:52');
INSERT INTO `sys_oper_log` VALUES (562, 'WorkOrderManagement', 2, 'com.ruoyi.kooklen.controller.WorkOrderManagementController.edit()', 'PUT', 1, 'admin', NULL, '/WorkOrderManagement/WorkOrderManagement', '127.0.0.1', '内网IP', '{\"note\":\"\",\"createtime\":1638376991000,\"city\":\"东莞市\",\"orderid\":10001,\"params\":{},\"userid\":84446666,\"province\":\"广东省\",\"companyname\":\"广东城市第一工业有限公司\",\"finaltime\":1638376450000,\"legalpeople\":\"朱晓光\",\"contactphone\":\"13800138000\",\"id\":100001,\"state\":0,\"username\":\"江门工商行\"}', '{\"msg\":\"操作成功\",\"code\":200}', 0, NULL, '2021-12-02 17:53:31');
INSERT INTO `sys_oper_log` VALUES (563, 'WorkOrderManagement', 2, 'com.ruoyi.kooklen.controller.WorkOrderManagementController.edit()', 'PUT', 1, 'admin', NULL, '/WorkOrderManagement/WorkOrderManagement', '127.0.0.1', '内网IP', '{\"note\":\"test\",\"createtime\":1638376991000,\"city\":\"东莞市\",\"orderid\":10000,\"params\":{},\"userid\":84446666,\"province\":\"广东省\",\"companyname\":\"广东城市第一工业有限公司\",\"finaltime\":1638376446000,\"legalpeople\":\"朱晓光\",\"contactphone\":\"13800138000\",\"id\":100000,\"state\":1,\"username\":\"江门工商行\"}', '{\"msg\":\"操作成功\",\"code\":200}', 0, NULL, '2021-12-02 17:53:56');
INSERT INTO `sys_oper_log` VALUES (564, 'WorkOrderManagement', 2, 'com.ruoyi.kooklen.controller.WorkOrderManagementController.edit()', 'PUT', 1, 'admin', NULL, '/WorkOrderManagement/WorkOrderManagement', '127.0.0.1', '内网IP', '{\"note\":\"\",\"createtime\":1638376991000,\"city\":\"东莞市\",\"orderid\":10001,\"params\":{},\"userid\":84446666,\"province\":\"广东省\",\"companyname\":\"广东城市第一工业有限公司\",\"finaltime\":1638461384000,\"legalpeople\":\"朱晓光\",\"contactphone\":\"13800138000\",\"id\":100001,\"state\":1,\"username\":\"江门工商行\"}', '{\"msg\":\"操作成功\",\"code\":200}', 0, NULL, '2021-12-03 09:44:54');
INSERT INTO `sys_oper_log` VALUES (565, 'WorkOrderManagement', 2, 'com.ruoyi.kooklen.controller.WorkOrderManagementController.edit()', 'PUT', 1, 'admin', NULL, '/WorkOrderManagement/WorkOrderManagement', '127.0.0.1', '内网IP', '{\"note\":\"test\",\"createtime\":1638376991000,\"city\":\"东莞市\",\"orderid\":10000,\"params\":{},\"userid\":84446666,\"province\":\"广东省\",\"companyname\":\"广东城市第一工业有限公司\",\"finaltime\":1638376446000,\"legalpeople\":\"朱晓光\",\"contactphone\":\"13800138000\",\"id\":100000,\"state\":0,\"username\":\"江门工商行\"}', '{\"msg\":\"操作成功\",\"code\":200}', 0, NULL, '2021-12-03 09:46:36');
INSERT INTO `sys_oper_log` VALUES (566, 'WorkOrderManagement', 2, 'com.ruoyi.kooklen.controller.WorkOrderManagementController.edit()', 'PUT', 1, 'admin', NULL, '/WorkOrderManagement/WorkOrderManagement', '127.0.0.1', '内网IP', '{\"note\":\"test\",\"createtime\":1638376991000,\"city\":\"东莞市\",\"orderid\":10000,\"params\":{},\"userid\":84446666,\"province\":\"广东省\",\"companyname\":\"广东城市第一工业有限公司\",\"finaltime\":1638461387000,\"legalpeople\":\"朱晓光\",\"contactphone\":\"13800138000\",\"id\":100000,\"state\":1,\"username\":\"江门工商行\"}', '{\"msg\":\"操作成功\",\"code\":200}', 0, NULL, '2021-12-03 09:47:42');
INSERT INTO `sys_oper_log` VALUES (567, 'WorkOrderManagement', 2, 'com.ruoyi.kooklen.controller.WorkOrderManagementController.edit()', 'PUT', 1, 'admin', NULL, '/WorkOrderManagement/WorkOrderManagement', '127.0.0.1', '内网IP', '{\"note\":\"test\",\"createtime\":1638376991000,\"city\":\"东莞市\",\"orderid\":10000,\"params\":{},\"userid\":84446666,\"province\":\"广东省\",\"companyname\":\"广东城市第一工业有限公司\",\"finaltime\":1638461387000,\"legalpeople\":\"朱晓光\",\"contactphone\":\"13800138000\",\"id\":100000,\"state\":0,\"username\":\"江门工商行\"}', '{\"msg\":\"操作成功\",\"code\":200}', 0, NULL, '2021-12-03 09:48:55');
INSERT INTO `sys_oper_log` VALUES (568, 'WorkOrderManagement', 2, 'com.ruoyi.kooklen.controller.WorkOrderManagementController.edit()', 'PUT', 1, 'admin', NULL, '/WorkOrderManagement/WorkOrderManagement', '127.0.0.1', '内网IP', '{\"note\":\"test\",\"createtime\":1638376991000,\"city\":\"东莞市\",\"orderid\":10000,\"params\":{},\"userid\":84446666,\"province\":\"广东省\",\"companyname\":\"广东城市第一工业有限公司\",\"finaltime\":1638461389000,\"legalpeople\":\"朱晓光\",\"contactphone\":\"13800138000\",\"id\":100000,\"state\":2,\"username\":\"江门工商行\"}', '{\"msg\":\"操作成功\",\"code\":200}', 0, NULL, '2021-12-03 09:49:05');
INSERT INTO `sys_oper_log` VALUES (569, 'WorkOrderManagement', 2, 'com.ruoyi.kooklen.controller.WorkOrderManagementController.edit()', 'PUT', 1, 'admin', NULL, '/WorkOrderManagement/WorkOrderManagement', '127.0.0.1', '内网IP', '{\"note\":\"test\",\"createtime\":1638376991000,\"city\":\"东莞市\",\"orderid\":10000,\"params\":{},\"userid\":84446666,\"province\":\"广东省\",\"companyname\":\"广东城市第一工业有限公司\",\"finaltime\":1638461389000,\"legalpeople\":\"朱晓光\",\"contactphone\":\"13800138000\",\"id\":100000,\"state\":1,\"username\":\"江门工商行\"}', '{\"msg\":\"操作成功\",\"code\":200}', 0, NULL, '2021-12-03 09:50:12');
INSERT INTO `sys_oper_log` VALUES (570, 'WorkOrderManagement', 2, 'com.ruoyi.kooklen.controller.WorkOrderManagementController.edit()', 'PUT', 1, 'admin', NULL, '/WorkOrderManagement/WorkOrderManagement', '127.0.0.1', '内网IP', '{\"note\":\"test\",\"createtime\":1638376991000,\"city\":\"东莞市\",\"orderid\":10000,\"params\":{},\"userid\":84446666,\"province\":\"广东省\",\"companyname\":\"广东城市第一工业有限公司\",\"finaltime\":1638461389000,\"legalpeople\":\"朱晓光\",\"contactphone\":\"13800138000\",\"id\":100000,\"state\":0,\"username\":\"江门工商行\"}', '{\"msg\":\"操作成功\",\"code\":200}', 0, NULL, '2021-12-03 09:51:10');
INSERT INTO `sys_oper_log` VALUES (571, 'WorkOrderManagement', 2, 'com.ruoyi.kooklen.controller.WorkOrderManagementController.edit()', 'PUT', 1, 'admin', NULL, '/WorkOrderManagement/WorkOrderManagement', '127.0.0.1', '内网IP', '{\"note\":\"查不到\",\"createtime\":1638376991000,\"city\":\"东莞市\",\"orderid\":10002,\"params\":{},\"userid\":84446666,\"province\":\"广东省\",\"companyname\":\"广东城市第一工业有限公司\",\"finaltime\":1638376453000,\"legalpeople\":\"朱晓光\",\"contactphone\":\"13800138000\",\"id\":100002,\"state\":0,\"username\":\"江门工商行\"}', '{\"msg\":\"操作成功\",\"code\":200}', 0, NULL, '2021-12-03 09:51:13');
INSERT INTO `sys_oper_log` VALUES (572, 'UserSerarchRecorddd', 2, 'com.ruoyi.kooklen.controller.UserSerarchRecordddController.edit()', 'PUT', 1, 'admin', NULL, '/UserSerarchRecorddd/UserSerarchRecorddd', '127.0.0.1', '内网IP', '{\"endtime\":1640793600000,\"monitorf\":0,\"starttime\":1638201600000,\"params\":{},\"userid\":\"12312311\",\"password\":\"dasdas\",\"id\":7,\"searchfunction\":1,\"username\":\"dasdasd\"}', '{\"msg\":\"操作成功\",\"code\":200}', 0, NULL, '2021-12-03 10:03:39');
INSERT INTO `sys_oper_log` VALUES (573, 'UserSerarchRecorddd', 2, 'com.ruoyi.kooklen.controller.UserSerarchRecordddController.edit()', 'PUT', 1, 'admin', NULL, '/UserSerarchRecorddd/UserSerarchRecorddd', '127.0.0.1', '内网IP', '{\"endtime\":1640275200000,\"monitorf\":1,\"starttime\":1638288600000,\"params\":{},\"userid\":\"21312311\",\"password\":\"fdsadsadasdsad1221\",\"id\":2,\"searchfunction\":0,\"username\":\"dasdasd\"}', '{\"msg\":\"操作成功\",\"code\":200}', 0, NULL, '2021-12-03 10:03:49');
INSERT INTO `sys_oper_log` VALUES (574, '代码生成', 2, 'com.ruoyi.generator.controller.GenController.editSave()', 'PUT', 1, 'admin', NULL, '/tool/gen', '127.0.0.1', '内网IP', '{\"sub\":false,\"functionAuthor\":\"kooklen\",\"columns\":[{\"capJavaField\":\"Id\",\"usableColumn\":false,\"columnId\":94,\"isIncrement\":\"1\",\"increment\":true,\"insert\":false,\"dictType\":\"\",\"required\":false,\"superColumn\":false,\"updateBy\":\"\",\"javaField\":\"id\",\"htmlType\":\"input\",\"edit\":false,\"query\":false,\"columnComment\":\"系统号\",\"updateTime\":1638431198000,\"sort\":1,\"list\":false,\"params\":{},\"javaType\":\"Long\",\"queryType\":\"EQ\",\"columnType\":\"int\",\"createBy\":\"admin\",\"isPk\":\"1\",\"createTime\":1638427596000,\"tableId\":13,\"pk\":true,\"columnName\":\"id\"},{\"capJavaField\":\"Userid\",\"usableColumn\":false,\"columnId\":95,\"isIncrement\":\"0\",\"increment\":false,\"insert\":true,\"isList\":\"1\",\"dictType\":\"\",\"required\":false,\"superColumn\":false,\"updateBy\":\"\",\"isInsert\":\"1\",\"javaField\":\"userid\",\"htmlType\":\"input\",\"edit\":false,\"query\":true,\"columnComment\":\"用户ID\",\"isQuery\":\"1\",\"updateTime\":1638431198000,\"sort\":2,\"list\":true,\"params\":{},\"javaType\":\"Long\",\"queryType\":\"EQ\",\"columnType\":\"int\",\"createBy\":\"admin\",\"isPk\":\"0\",\"createTime\":1638427596000,\"tableId\":13,\"pk\":false,\"columnName\":\"userid\"},{\"capJavaField\":\"Username\",\"usableColumn\":false,\"columnId\":96,\"isIncrement\":\"0\",\"increment\":false,\"insert\":true,\"isList\":\"1\",\"dictType\":\"\",\"required\":false,\"superColumn\":false,\"updateBy\":\"\",\"isInsert\":\"1\",\"javaField\":\"username\",\"htmlType\":\"input\",\"edit\":false,\"query\":true,\"columnComment\":\"用户名\",\"isQuery\":\"1\",\"updateTime\":1638431198000,\"sort\":3,\"list\":true,\"params\":{},\"javaType\":\"String\",\"queryType\":\"LIKE\",\"columnType\":\"varchar(255)\",\"createBy\":\"admin\",\"isPk\":\"0\",\"createTime\":1638427596000,\"tableId\":13,\"pk\":false,\"columnName\":\"username\"},{\"capJavaField\":\"Companyname\",\"usableColumn\":false,\"columnId\":97,\"isIncrement\":\"0\",\"increment\":false,\"insert\":true,\"isList\":\"1\",\"dictType\":\"\",\"required\":false,\"superColumn\":false,\"updateBy\":\"\",\"isInsert\":\"1\",\"javaField\":\"companyname\",\"htmlType\":\"input\",\"edit\":false,\"query\":true,\"columnComment\":\"公司名\",\"isQuery\":\"1\",\"updateTime\":1638431198000,\"sort\":4,\"list\":true,\"params\":{},\"javaType\":\"String\",\"queryType\":\"LIKE\"', '{\"msg\":\"操作成功\",\"code\":200}', 0, NULL, '2021-12-03 10:19:46');
INSERT INTO `sys_oper_log` VALUES (575, '代码生成', 8, 'com.ruoyi.generator.controller.GenController.batchGenCode()', 'GET', 1, 'admin', NULL, '/tool/gen/batchGenCode', '127.0.0.1', '内网IP', '{}', NULL, 0, NULL, '2021-12-03 10:19:49');
INSERT INTO `sys_oper_log` VALUES (576, 'WorkOrderManagement', 2, 'com.ruoyi.kooklen.controller.WorkOrderManagementController.edit()', 'PUT', 1, 'admin', NULL, '/WorkOrderManagement/WorkOrderManagement', '192.168.1.105', '内网IP', '{\"note\":\"特殊\",\"createtime\":1638376991000,\"city\":\"东莞市\",\"orderid\":10000,\"params\":{},\"userid\":84446666,\"province\":\"广东省\",\"companyname\":\"广东城市第一工业有限公司\",\"finaltime\":1638501018000,\"legalpeople\":\"朱晓光\",\"contactphone\":\"13800138000\",\"id\":100000,\"state\":2,\"username\":\"江门工商行\"}', '{\"msg\":\"操作成功\",\"code\":200}', 0, NULL, '2021-12-03 11:10:18');
INSERT INTO `sys_oper_log` VALUES (577, '代码生成', 2, 'com.ruoyi.generator.controller.GenController.editSave()', 'PUT', 1, 'admin', NULL, '/tool/gen', '192.168.1.105', '内网IP', '{\"sub\":false,\"functionAuthor\":\"kooklen\",\"columns\":[{\"capJavaField\":\"Recordnumber\",\"usableColumn\":false,\"columnId\":30,\"isIncrement\":\"1\",\"increment\":true,\"insert\":true,\"isList\":\"1\",\"dictType\":\"\",\"required\":false,\"superColumn\":false,\"updateBy\":\"\",\"isInsert\":\"1\",\"javaField\":\"recordnumber\",\"htmlType\":\"input\",\"edit\":true,\"query\":true,\"columnComment\":\"记录号\",\"isQuery\":\"1\",\"updateTime\":1638237148000,\"sort\":1,\"list\":true,\"params\":{},\"javaType\":\"Long\",\"queryType\":\"EQ\",\"columnType\":\"int\",\"createBy\":\"admin\",\"isPk\":\"1\",\"createTime\":1638235434000,\"isEdit\":\"1\",\"tableId\":5,\"pk\":true,\"columnName\":\"recordnumber\"},{\"capJavaField\":\"Userid\",\"usableColumn\":false,\"columnId\":31,\"isIncrement\":\"0\",\"increment\":false,\"insert\":true,\"isList\":\"1\",\"dictType\":\"\",\"required\":false,\"superColumn\":false,\"updateBy\":\"\",\"isInsert\":\"1\",\"javaField\":\"userid\",\"htmlType\":\"input\",\"edit\":true,\"query\":true,\"columnComment\":\"用户id\",\"isQuery\":\"1\",\"updateTime\":1638237148000,\"sort\":2,\"list\":true,\"params\":{},\"javaType\":\"Long\",\"queryType\":\"EQ\",\"columnType\":\"int\",\"createBy\":\"admin\",\"isPk\":\"0\",\"createTime\":1638235434000,\"isEdit\":\"1\",\"tableId\":5,\"pk\":false,\"columnName\":\"userid\"},{\"capJavaField\":\"Username\",\"usableColumn\":false,\"columnId\":32,\"isIncrement\":\"0\",\"increment\":false,\"insert\":true,\"isList\":\"1\",\"dictType\":\"\",\"required\":false,\"superColumn\":false,\"updateBy\":\"\",\"isInsert\":\"1\",\"javaField\":\"username\",\"htmlType\":\"input\",\"edit\":true,\"query\":true,\"columnComment\":\"用户名\",\"isQuery\":\"1\",\"updateTime\":1638237148000,\"sort\":3,\"list\":true,\"params\":{},\"javaType\":\"String\",\"queryType\":\"LIKE\",\"columnType\":\"varchar(255)\",\"createBy\":\"admin\",\"isPk\":\"0\",\"createTime\":1638235434000,\"isEdit\":\"1\",\"tableId\":5,\"pk\":false,\"columnName\":\"username\"},{\"capJavaField\":\"Companyid\",\"usableColumn\":false,\"columnId\":33,\"isIncrement\":\"0\",\"increment\":false,\"insert\":true,\"isList\":\"1\",\"dictType\":\"\",\"required\":false,\"superColumn\":false,\"updateBy\":\"\",\"isInsert\":\"1\",\"javaField\":\"companyid\",\"htmlType\":\"input\",\"edit\":true,\"query\":true,\"columnComment\":\"公司id\",\"isQuery\":\"1\",', '{\"msg\":\"操作成功\",\"code\":200}', 0, NULL, '2021-12-03 14:06:29');
INSERT INTO `sys_oper_log` VALUES (578, '代码生成', 2, 'com.ruoyi.generator.controller.GenController.editSave()', 'PUT', 1, 'admin', NULL, '/tool/gen', '192.168.1.105', '内网IP', '{\"sub\":false,\"functionAuthor\":\"kooklen\",\"columns\":[{\"capJavaField\":\"Recordnumber\",\"usableColumn\":false,\"columnId\":30,\"isIncrement\":\"1\",\"increment\":true,\"insert\":true,\"isList\":\"1\",\"dictType\":\"\",\"required\":false,\"superColumn\":false,\"updateBy\":\"\",\"isInsert\":\"1\",\"javaField\":\"recordnumber\",\"htmlType\":\"input\",\"edit\":true,\"query\":true,\"columnComment\":\"记录号\",\"isQuery\":\"1\",\"updateTime\":1638511589000,\"sort\":1,\"list\":true,\"params\":{},\"javaType\":\"Long\",\"queryType\":\"EQ\",\"columnType\":\"int\",\"createBy\":\"admin\",\"isPk\":\"1\",\"createTime\":1638235434000,\"isEdit\":\"1\",\"tableId\":5,\"pk\":true,\"columnName\":\"recordnumber\"},{\"capJavaField\":\"Userid\",\"usableColumn\":false,\"columnId\":31,\"isIncrement\":\"0\",\"increment\":false,\"insert\":true,\"isList\":\"1\",\"dictType\":\"\",\"required\":false,\"superColumn\":false,\"updateBy\":\"\",\"isInsert\":\"1\",\"javaField\":\"userid\",\"htmlType\":\"input\",\"edit\":true,\"query\":true,\"columnComment\":\"用户id\",\"isQuery\":\"1\",\"updateTime\":1638511589000,\"sort\":2,\"list\":true,\"params\":{},\"javaType\":\"Long\",\"queryType\":\"EQ\",\"columnType\":\"int\",\"createBy\":\"admin\",\"isPk\":\"0\",\"createTime\":1638235434000,\"isEdit\":\"1\",\"tableId\":5,\"pk\":false,\"columnName\":\"userid\"},{\"capJavaField\":\"Username\",\"usableColumn\":false,\"columnId\":32,\"isIncrement\":\"0\",\"increment\":false,\"insert\":true,\"isList\":\"1\",\"dictType\":\"\",\"required\":false,\"superColumn\":false,\"updateBy\":\"\",\"isInsert\":\"1\",\"javaField\":\"username\",\"htmlType\":\"input\",\"edit\":true,\"query\":true,\"columnComment\":\"用户名\",\"isQuery\":\"1\",\"updateTime\":1638511589000,\"sort\":3,\"list\":true,\"params\":{},\"javaType\":\"String\",\"queryType\":\"LIKE\",\"columnType\":\"varchar(255)\",\"createBy\":\"admin\",\"isPk\":\"0\",\"createTime\":1638235434000,\"isEdit\":\"1\",\"tableId\":5,\"pk\":false,\"columnName\":\"username\"},{\"capJavaField\":\"Companyid\",\"usableColumn\":false,\"columnId\":33,\"isIncrement\":\"0\",\"increment\":false,\"insert\":true,\"isList\":\"1\",\"dictType\":\"\",\"required\":false,\"superColumn\":false,\"updateBy\":\"\",\"isInsert\":\"1\",\"javaField\":\"companyid\",\"htmlType\":\"input\",\"edit\":true,\"query\":true,\"columnComment\":\"公司id\",\"isQuery\":\"1\",', '{\"msg\":\"操作成功\",\"code\":200}', 0, NULL, '2021-12-03 14:07:24');
INSERT INTO `sys_oper_log` VALUES (579, 'userTriggerRecord', 1, 'com.ruoyi.test.controller.TriggerRecordController.add()', 'POST', 1, 'admin', NULL, '/userTriggerRecord/userTriggerRecord', '192.168.1.105', '内网IP', '{\"address\":\"dasdas\",\"params\":{},\"recordnumber\":5,\"userid\":2131232,\"companyid\":12312,\"pushway\":\"dsad\",\"companyname\":\"3dasdasd\",\"triggertime\":1638470755000,\"username\":\"dsadasd\"}', '{\"msg\":\"操作成功\",\"code\":200}', 0, NULL, '2021-12-03 14:45:58');
INSERT INTO `sys_oper_log` VALUES (580, '代码生成', 2, 'com.ruoyi.generator.controller.GenController.editSave()', 'PUT', 1, 'admin', NULL, '/tool/gen', '192.168.1.105', '内网IP', '{\"sub\":false,\"functionAuthor\":\"kooklen\",\"columns\":[{\"capJavaField\":\"Recordnumber\",\"usableColumn\":false,\"columnId\":30,\"isIncrement\":\"1\",\"increment\":true,\"insert\":true,\"isList\":\"1\",\"dictType\":\"\",\"required\":false,\"superColumn\":false,\"updateBy\":\"\",\"isInsert\":\"1\",\"javaField\":\"recordnumber\",\"htmlType\":\"input\",\"edit\":true,\"query\":true,\"columnComment\":\"记录号\",\"isQuery\":\"1\",\"updateTime\":1638511644000,\"sort\":1,\"list\":true,\"params\":{},\"javaType\":\"Long\",\"queryType\":\"EQ\",\"columnType\":\"int\",\"createBy\":\"admin\",\"isPk\":\"1\",\"createTime\":1638235434000,\"isEdit\":\"1\",\"tableId\":5,\"pk\":true,\"columnName\":\"recordnumber\"},{\"capJavaField\":\"Userid\",\"usableColumn\":false,\"columnId\":31,\"isIncrement\":\"0\",\"increment\":false,\"insert\":true,\"isList\":\"1\",\"dictType\":\"\",\"required\":false,\"superColumn\":false,\"updateBy\":\"\",\"isInsert\":\"1\",\"javaField\":\"userid\",\"htmlType\":\"input\",\"edit\":true,\"query\":true,\"columnComment\":\"用户id\",\"isQuery\":\"1\",\"updateTime\":1638511644000,\"sort\":2,\"list\":true,\"params\":{},\"javaType\":\"Long\",\"queryType\":\"EQ\",\"columnType\":\"int\",\"createBy\":\"admin\",\"isPk\":\"0\",\"createTime\":1638235434000,\"isEdit\":\"1\",\"tableId\":5,\"pk\":false,\"columnName\":\"userid\"},{\"capJavaField\":\"Username\",\"usableColumn\":false,\"columnId\":32,\"isIncrement\":\"0\",\"increment\":false,\"insert\":true,\"isList\":\"1\",\"dictType\":\"\",\"required\":false,\"superColumn\":false,\"updateBy\":\"\",\"isInsert\":\"1\",\"javaField\":\"username\",\"htmlType\":\"input\",\"edit\":true,\"query\":true,\"columnComment\":\"用户名\",\"isQuery\":\"1\",\"updateTime\":1638511644000,\"sort\":3,\"list\":true,\"params\":{},\"javaType\":\"String\",\"queryType\":\"LIKE\",\"columnType\":\"varchar(255)\",\"createBy\":\"admin\",\"isPk\":\"0\",\"createTime\":1638235434000,\"isEdit\":\"1\",\"tableId\":5,\"pk\":false,\"columnName\":\"username\"},{\"capJavaField\":\"Companyid\",\"usableColumn\":false,\"columnId\":33,\"isIncrement\":\"0\",\"increment\":false,\"insert\":true,\"isList\":\"1\",\"dictType\":\"\",\"required\":false,\"superColumn\":false,\"updateBy\":\"\",\"isInsert\":\"1\",\"javaField\":\"companyid\",\"htmlType\":\"input\",\"edit\":true,\"query\":true,\"columnComment\":\"公司id\",\"isQuery\":\"1\",', '{\"msg\":\"操作成功\",\"code\":200}', 0, NULL, '2021-12-03 14:52:17');
INSERT INTO `sys_oper_log` VALUES (581, '代码生成', 8, 'com.ruoyi.generator.controller.GenController.batchGenCode()', 'GET', 1, 'admin', NULL, '/tool/gen/batchGenCode', '192.168.1.105', '内网IP', '{}', NULL, 0, NULL, '2021-12-03 14:52:20');
INSERT INTO `sys_oper_log` VALUES (582, '代码生成', 2, 'com.ruoyi.generator.controller.GenController.editSave()', 'PUT', 1, 'admin', NULL, '/tool/gen', '192.168.1.105', '内网IP', '{\"sub\":false,\"functionAuthor\":\"kooklen\",\"columns\":[{\"capJavaField\":\"Userid\",\"usableColumn\":false,\"columnId\":38,\"isIncrement\":\"0\",\"increment\":false,\"insert\":true,\"isList\":\"1\",\"dictType\":\"\",\"required\":false,\"superColumn\":false,\"updateBy\":\"\",\"isInsert\":\"1\",\"javaField\":\"userid\",\"htmlType\":\"input\",\"edit\":true,\"query\":true,\"columnComment\":\"用户id\",\"isQuery\":\"1\",\"updateTime\":1638238214000,\"sort\":1,\"list\":true,\"params\":{},\"javaType\":\"Long\",\"queryType\":\"EQ\",\"columnType\":\"int\",\"createBy\":\"admin\",\"isPk\":\"0\",\"createTime\":1638238045000,\"isEdit\":\"1\",\"tableId\":6,\"pk\":false,\"columnName\":\"userid\"},{\"capJavaField\":\"Username\",\"usableColumn\":false,\"columnId\":39,\"isIncrement\":\"0\",\"increment\":false,\"insert\":true,\"isList\":\"1\",\"dictType\":\"\",\"required\":false,\"superColumn\":false,\"updateBy\":\"\",\"isInsert\":\"1\",\"javaField\":\"username\",\"htmlType\":\"input\",\"edit\":true,\"query\":true,\"columnComment\":\"用户名\",\"isQuery\":\"1\",\"updateTime\":1638238214000,\"sort\":2,\"list\":true,\"params\":{},\"javaType\":\"String\",\"queryType\":\"LIKE\",\"columnType\":\"varchar(255)\",\"createBy\":\"admin\",\"isPk\":\"0\",\"createTime\":1638238045000,\"isEdit\":\"1\",\"tableId\":6,\"pk\":false,\"columnName\":\"username\"},{\"capJavaField\":\"Companyid\",\"usableColumn\":false,\"columnId\":40,\"isIncrement\":\"0\",\"increment\":false,\"insert\":true,\"isList\":\"1\",\"dictType\":\"\",\"required\":false,\"superColumn\":false,\"updateBy\":\"\",\"isInsert\":\"1\",\"javaField\":\"companyid\",\"htmlType\":\"input\",\"edit\":true,\"query\":true,\"columnComment\":\"公司id\",\"isQuery\":\"1\",\"updateTime\":1638238214000,\"sort\":3,\"list\":true,\"params\":{},\"javaType\":\"Long\",\"queryType\":\"EQ\",\"columnType\":\"int\",\"createBy\":\"admin\",\"isPk\":\"0\",\"createTime\":1638238045000,\"isEdit\":\"1\",\"tableId\":6,\"pk\":false,\"columnName\":\"companyid\"},{\"capJavaField\":\"Recordnumber\",\"usableColumn\":false,\"columnId\":41,\"isIncrement\":\"1\",\"increment\":true,\"insert\":true,\"dictType\":\"\",\"required\":false,\"superColumn\":false,\"updateBy\":\"\",\"isInsert\":\"1\",\"javaField\":\"recordnumber\",\"htmlType\":\"input\",\"edit\":false,\"query\":true,\"columnComment\":\"记录号\",\"isQuery\":\"1\",\"updateTime\":1', '{\"msg\":\"操作成功\",\"code\":200}', 0, NULL, '2021-12-03 15:14:10');
INSERT INTO `sys_oper_log` VALUES (583, '代码生成', 8, 'com.ruoyi.generator.controller.GenController.batchGenCode()', 'GET', 1, 'admin', NULL, '/tool/gen/batchGenCode', '192.168.1.105', '内网IP', '{}', NULL, 0, NULL, '2021-12-03 15:14:13');
INSERT INTO `sys_oper_log` VALUES (584, '代码生成', 2, 'com.ruoyi.generator.controller.GenController.editSave()', 'PUT', 1, 'admin', NULL, '/tool/gen', '127.0.0.1', '内网IP', '{\"sub\":false,\"functionAuthor\":\"kooklen\",\"columns\":[{\"capJavaField\":\"Userid\",\"usableColumn\":false,\"columnId\":1,\"isIncrement\":\"0\",\"increment\":false,\"insert\":true,\"isList\":\"1\",\"dictType\":\"\",\"required\":false,\"superColumn\":false,\"updateBy\":\"\",\"isInsert\":\"1\",\"javaField\":\"userid\",\"htmlType\":\"input\",\"edit\":true,\"query\":true,\"columnComment\":\"用户id\",\"isQuery\":\"1\",\"updateTime\":1638330692000,\"sort\":1,\"list\":true,\"params\":{},\"javaType\":\"String\",\"queryType\":\"EQ\",\"columnType\":\"varchar(255)\",\"createBy\":\"admin\",\"isPk\":\"0\",\"createTime\":1638171797000,\"isEdit\":\"1\",\"tableId\":1,\"pk\":false,\"columnName\":\"userid\"},{\"capJavaField\":\"Recordnumber\",\"usableColumn\":false,\"columnId\":2,\"isIncrement\":\"1\",\"increment\":true,\"insert\":true,\"isList\":\"1\",\"dictType\":\"\",\"required\":false,\"superColumn\":false,\"updateBy\":\"\",\"isInsert\":\"1\",\"javaField\":\"recordnumber\",\"htmlType\":\"input\",\"edit\":true,\"query\":true,\"columnComment\":\"记录号\",\"isQuery\":\"1\",\"updateTime\":1638330692000,\"sort\":2,\"list\":true,\"params\":{},\"javaType\":\"Long\",\"queryType\":\"EQ\",\"columnType\":\"int\",\"createBy\":\"admin\",\"isPk\":\"1\",\"createTime\":1638171797000,\"isEdit\":\"1\",\"tableId\":1,\"pk\":true,\"columnName\":\"recordnumber\"},{\"capJavaField\":\"Username\",\"usableColumn\":false,\"columnId\":3,\"isIncrement\":\"0\",\"increment\":false,\"insert\":true,\"isList\":\"1\",\"dictType\":\"\",\"required\":false,\"superColumn\":false,\"updateBy\":\"\",\"isInsert\":\"1\",\"javaField\":\"username\",\"htmlType\":\"input\",\"edit\":true,\"query\":true,\"columnComment\":\"用户名\",\"isQuery\":\"1\",\"updateTime\":1638330692000,\"sort\":3,\"list\":true,\"params\":{},\"javaType\":\"String\",\"queryType\":\"LIKE\",\"columnType\":\"varchar(255)\",\"createBy\":\"admin\",\"isPk\":\"0\",\"createTime\":1638171797000,\"isEdit\":\"1\",\"tableId\":1,\"pk\":false,\"columnName\":\"username\"},{\"capJavaField\":\"Companyid\",\"usableColumn\":false,\"columnId\":4,\"isIncrement\":\"0\",\"increment\":false,\"insert\":true,\"isList\":\"1\",\"dictType\":\"\",\"required\":false,\"superColumn\":false,\"updateBy\":\"\",\"isInsert\":\"1\",\"javaField\":\"companyid\",\"htmlType\":\"input\",\"edit\":true,\"query\":true,\"columnComment\":\"公司id\",\"isQuer', '{\"msg\":\"操作成功\",\"code\":200}', 0, NULL, '2021-12-03 15:30:20');
INSERT INTO `sys_oper_log` VALUES (585, '代码生成', 8, 'com.ruoyi.generator.controller.GenController.batchGenCode()', 'GET', 1, 'admin', NULL, '/tool/gen/batchGenCode', '127.0.0.1', '内网IP', '{}', NULL, 0, NULL, '2021-12-03 15:30:24');
INSERT INTO `sys_oper_log` VALUES (586, '代码生成', 2, 'com.ruoyi.generator.controller.GenController.editSave()', 'PUT', 1, 'admin', NULL, '/tool/gen', '127.0.0.1', '内网IP', '{\"sub\":false,\"functionAuthor\":\"kooklen\",\"columns\":[{\"capJavaField\":\"Userid\",\"usableColumn\":false,\"columnId\":81,\"isIncrement\":\"0\",\"increment\":false,\"insert\":true,\"isList\":\"1\",\"dictType\":\"\",\"required\":true,\"superColumn\":false,\"updateBy\":\"\",\"isInsert\":\"1\",\"isRequired\":\"1\",\"javaField\":\"userid\",\"htmlType\":\"input\",\"edit\":true,\"query\":true,\"columnComment\":\"用户id\",\"isQuery\":\"1\",\"updateTime\":1638342137000,\"sort\":1,\"list\":true,\"params\":{},\"javaType\":\"String\",\"queryType\":\"EQ\",\"columnType\":\"varchar(255)\",\"createBy\":\"\",\"isPk\":\"1\",\"createTime\":1638341454000,\"isEdit\":\"1\",\"tableId\":9,\"pk\":true,\"columnName\":\"userid\"},{\"capJavaField\":\"Username\",\"usableColumn\":false,\"columnId\":58,\"isIncrement\":\"0\",\"increment\":false,\"insert\":true,\"isList\":\"1\",\"dictType\":\"\",\"required\":true,\"superColumn\":false,\"updateBy\":\"\",\"isInsert\":\"1\",\"isRequired\":\"1\",\"javaField\":\"username\",\"htmlType\":\"input\",\"edit\":true,\"query\":true,\"columnComment\":\"用户名\",\"isQuery\":\"1\",\"updateTime\":1638342137000,\"sort\":2,\"list\":true,\"params\":{},\"javaType\":\"String\",\"queryType\":\"LIKE\",\"columnType\":\"varchar(255)\",\"createBy\":\"admin\",\"isPk\":\"0\",\"createTime\":1638258611000,\"isEdit\":\"1\",\"tableId\":9,\"pk\":false,\"columnName\":\"username\"},{\"capJavaField\":\"Region\",\"usableColumn\":false,\"columnId\":59,\"isIncrement\":\"0\",\"increment\":false,\"insert\":true,\"isList\":\"1\",\"dictType\":\"\",\"required\":true,\"superColumn\":false,\"updateBy\":\"\",\"isInsert\":\"1\",\"isRequired\":\"1\",\"javaField\":\"region\",\"htmlType\":\"input\",\"edit\":true,\"query\":true,\"columnComment\":\"地区\",\"isQuery\":\"1\",\"updateTime\":1638342137000,\"sort\":3,\"list\":true,\"params\":{},\"javaType\":\"String\",\"queryType\":\"EQ\",\"columnType\":\"varchar(255)\",\"createBy\":\"admin\",\"isPk\":\"0\",\"createTime\":1638258611000,\"isEdit\":\"1\",\"tableId\":9,\"pk\":false,\"columnName\":\"region\"},{\"capJavaField\":\"Starttime\",\"usableColumn\":false,\"columnId\":82,\"isIncrement\":\"0\",\"increment\":false,\"insert\":true,\"isList\":\"1\",\"dictType\":\"\",\"required\":true,\"superColumn\":false,\"updateBy\":\"\",\"isInsert\":\"1\",\"isRequired\":\"1\",\"javaField\":\"starttime\",\"htmlType\":\"dateti', '{\"msg\":\"操作成功\",\"code\":200}', 0, NULL, '2021-12-03 15:33:40');
INSERT INTO `sys_oper_log` VALUES (587, '代码生成', 3, 'com.ruoyi.generator.controller.GenController.remove()', 'DELETE', 1, 'admin', NULL, '/tool/gen/9', '127.0.0.1', '内网IP', '{tableIds=9}', '{\"msg\":\"操作成功\",\"code\":200}', 0, NULL, '2021-12-03 15:34:22');
INSERT INTO `sys_oper_log` VALUES (588, '代码生成', 2, 'com.ruoyi.generator.controller.GenController.editSave()', 'PUT', 1, 'admin', NULL, '/tool/gen', '127.0.0.1', '内网IP', '{\"sub\":false,\"functionAuthor\":\"kooklen\",\"columns\":[{\"capJavaField\":\"Userid\",\"usableColumn\":false,\"columnId\":85,\"isIncrement\":\"0\",\"increment\":false,\"insert\":true,\"isList\":\"1\",\"dictType\":\"\",\"required\":false,\"superColumn\":false,\"updateBy\":\"\",\"isInsert\":\"1\",\"javaField\":\"userid\",\"htmlType\":\"input\",\"edit\":true,\"query\":true,\"columnComment\":\"用户id\",\"isQuery\":\"1\",\"updateTime\":1638346354000,\"sort\":1,\"list\":true,\"params\":{},\"javaType\":\"String\",\"queryType\":\"EQ\",\"columnType\":\"varchar(255)\",\"createBy\":\"admin\",\"isPk\":\"0\",\"createTime\":1638342517000,\"isEdit\":\"1\",\"tableId\":12,\"pk\":false,\"columnName\":\"userid\"},{\"capJavaField\":\"Username\",\"usableColumn\":false,\"columnId\":87,\"isIncrement\":\"0\",\"increment\":false,\"insert\":true,\"isList\":\"1\",\"dictType\":\"\",\"required\":false,\"superColumn\":false,\"updateBy\":\"\",\"isInsert\":\"1\",\"javaField\":\"username\",\"htmlType\":\"input\",\"edit\":true,\"query\":true,\"columnComment\":\"用户名\",\"isQuery\":\"1\",\"updateTime\":1638346354000,\"sort\":3,\"list\":true,\"params\":{},\"javaType\":\"String\",\"queryType\":\"LIKE\",\"columnType\":\"varchar(255)\",\"createBy\":\"admin\",\"isPk\":\"0\",\"createTime\":1638342517000,\"isEdit\":\"1\",\"tableId\":12,\"pk\":false,\"columnName\":\"username\"},{\"capJavaField\":\"Starttime\",\"usableColumn\":false,\"columnId\":88,\"isIncrement\":\"0\",\"increment\":false,\"insert\":true,\"isList\":\"1\",\"dictType\":\"\",\"required\":false,\"superColumn\":false,\"updateBy\":\"\",\"isInsert\":\"1\",\"javaField\":\"starttime\",\"htmlType\":\"datetime\",\"edit\":true,\"query\":true,\"columnComment\":\"创建时间\",\"isQuery\":\"1\",\"updateTime\":1638346354000,\"sort\":4,\"list\":true,\"params\":{},\"javaType\":\"Date\",\"queryType\":\"LIKE\",\"columnType\":\"datetime\",\"createBy\":\"admin\",\"isPk\":\"0\",\"createTime\":1638342517000,\"isEdit\":\"1\",\"tableId\":12,\"pk\":false,\"columnName\":\"starttime\"},{\"capJavaField\":\"Searchfunction\",\"usableColumn\":false,\"columnId\":89,\"isIncrement\":\"0\",\"increment\":false,\"insert\":true,\"isList\":\"1\",\"dictType\":\"\",\"required\":false,\"superColumn\":false,\"updateBy\":\"\",\"isInsert\":\"1\",\"javaField\":\"searchfunction\",\"htmlType\":\"input\",\"edit\":true,\"query\":true,\"columnCo', '{\"msg\":\"操作成功\",\"code\":200}', 0, NULL, '2021-12-03 15:34:35');
INSERT INTO `sys_oper_log` VALUES (589, '代码生成', 8, 'com.ruoyi.generator.controller.GenController.batchGenCode()', 'GET', 1, 'admin', NULL, '/tool/gen/batchGenCode', '127.0.0.1', '内网IP', '{}', NULL, 0, NULL, '2021-12-03 15:34:38');
INSERT INTO `sys_oper_log` VALUES (590, '代码生成', 2, 'com.ruoyi.generator.controller.GenController.editSave()', 'PUT', 1, 'admin', NULL, '/tool/gen', '127.0.0.1', '内网IP', '{\"sub\":false,\"functionAuthor\":\"kooklen\",\"columns\":[{\"capJavaField\":\"Userid\",\"usableColumn\":false,\"columnId\":85,\"isIncrement\":\"0\",\"increment\":false,\"insert\":true,\"isList\":\"1\",\"dictType\":\"\",\"required\":false,\"superColumn\":false,\"updateBy\":\"\",\"isInsert\":\"1\",\"javaField\":\"userid\",\"htmlType\":\"input\",\"edit\":true,\"query\":true,\"columnComment\":\"用户id\",\"isQuery\":\"1\",\"updateTime\":1638516875000,\"sort\":1,\"list\":true,\"params\":{},\"javaType\":\"String\",\"queryType\":\"EQ\",\"columnType\":\"varchar(255)\",\"createBy\":\"admin\",\"isPk\":\"0\",\"createTime\":1638342517000,\"isEdit\":\"1\",\"tableId\":12,\"pk\":false,\"columnName\":\"userid\"},{\"capJavaField\":\"Username\",\"usableColumn\":false,\"columnId\":87,\"isIncrement\":\"0\",\"increment\":false,\"insert\":true,\"isList\":\"1\",\"dictType\":\"\",\"required\":false,\"superColumn\":false,\"updateBy\":\"\",\"isInsert\":\"1\",\"javaField\":\"username\",\"htmlType\":\"input\",\"edit\":true,\"query\":true,\"columnComment\":\"用户名\",\"isQuery\":\"1\",\"updateTime\":1638516875000,\"sort\":3,\"list\":true,\"params\":{},\"javaType\":\"String\",\"queryType\":\"LIKE\",\"columnType\":\"varchar(255)\",\"createBy\":\"admin\",\"isPk\":\"0\",\"createTime\":1638342517000,\"isEdit\":\"1\",\"tableId\":12,\"pk\":false,\"columnName\":\"username\"},{\"capJavaField\":\"Starttime\",\"usableColumn\":false,\"columnId\":88,\"isIncrement\":\"0\",\"increment\":false,\"insert\":true,\"isList\":\"1\",\"dictType\":\"\",\"required\":false,\"superColumn\":false,\"updateBy\":\"\",\"isInsert\":\"1\",\"javaField\":\"starttime\",\"htmlType\":\"datetime\",\"edit\":true,\"query\":true,\"columnComment\":\"创建时间\",\"isQuery\":\"1\",\"updateTime\":1638516875000,\"sort\":4,\"list\":true,\"params\":{},\"javaType\":\"Date\",\"queryType\":\"LIKE\",\"columnType\":\"datetime\",\"createBy\":\"admin\",\"isPk\":\"0\",\"createTime\":1638342517000,\"isEdit\":\"1\",\"tableId\":12,\"pk\":false,\"columnName\":\"starttime\"},{\"capJavaField\":\"Searchfunction\",\"usableColumn\":false,\"columnId\":89,\"isIncrement\":\"0\",\"increment\":false,\"insert\":true,\"isList\":\"1\",\"dictType\":\"\",\"required\":false,\"superColumn\":false,\"updateBy\":\"\",\"isInsert\":\"1\",\"javaField\":\"searchfunction\",\"htmlType\":\"input\",\"edit\":true,\"query\":true,\"columnCo', '{\"msg\":\"操作成功\",\"code\":200}', 0, NULL, '2021-12-03 15:38:14');
INSERT INTO `sys_oper_log` VALUES (591, '代码生成', 2, 'com.ruoyi.generator.controller.GenController.editSave()', 'PUT', 1, 'admin', NULL, '/tool/gen', '127.0.0.1', '内网IP', '{\"sub\":false,\"functionAuthor\":\"kooklen\",\"columns\":[{\"capJavaField\":\"Userid\",\"usableColumn\":false,\"columnId\":85,\"isIncrement\":\"0\",\"increment\":false,\"insert\":true,\"isList\":\"1\",\"dictType\":\"\",\"required\":false,\"superColumn\":false,\"updateBy\":\"\",\"isInsert\":\"1\",\"javaField\":\"userid\",\"htmlType\":\"input\",\"edit\":true,\"query\":true,\"columnComment\":\"用户id\",\"isQuery\":\"1\",\"updateTime\":1638517094000,\"sort\":1,\"list\":true,\"params\":{},\"javaType\":\"String\",\"queryType\":\"EQ\",\"columnType\":\"varchar(255)\",\"createBy\":\"admin\",\"isPk\":\"0\",\"createTime\":1638342517000,\"isEdit\":\"1\",\"tableId\":12,\"pk\":false,\"columnName\":\"userid\"},{\"capJavaField\":\"Username\",\"usableColumn\":false,\"columnId\":87,\"isIncrement\":\"0\",\"increment\":false,\"insert\":true,\"isList\":\"1\",\"dictType\":\"\",\"required\":false,\"superColumn\":false,\"updateBy\":\"\",\"isInsert\":\"1\",\"javaField\":\"username\",\"htmlType\":\"input\",\"edit\":true,\"query\":true,\"columnComment\":\"用户名\",\"isQuery\":\"1\",\"updateTime\":1638517094000,\"sort\":3,\"list\":true,\"params\":{},\"javaType\":\"String\",\"queryType\":\"LIKE\",\"columnType\":\"varchar(255)\",\"createBy\":\"admin\",\"isPk\":\"0\",\"createTime\":1638342517000,\"isEdit\":\"1\",\"tableId\":12,\"pk\":false,\"columnName\":\"username\"},{\"capJavaField\":\"Starttime\",\"usableColumn\":false,\"columnId\":88,\"isIncrement\":\"0\",\"increment\":false,\"insert\":true,\"isList\":\"1\",\"dictType\":\"\",\"required\":false,\"superColumn\":false,\"updateBy\":\"\",\"isInsert\":\"1\",\"javaField\":\"starttime\",\"htmlType\":\"datetime\",\"edit\":true,\"query\":true,\"columnComment\":\"创建时间\",\"isQuery\":\"1\",\"updateTime\":1638517094000,\"sort\":4,\"list\":true,\"params\":{},\"javaType\":\"Date\",\"queryType\":\"LIKE\",\"columnType\":\"datetime\",\"createBy\":\"admin\",\"isPk\":\"0\",\"createTime\":1638342517000,\"isEdit\":\"1\",\"tableId\":12,\"pk\":false,\"columnName\":\"starttime\"},{\"capJavaField\":\"Searchfunction\",\"usableColumn\":false,\"columnId\":89,\"isIncrement\":\"0\",\"increment\":false,\"insert\":true,\"isList\":\"1\",\"dictType\":\"\",\"required\":false,\"superColumn\":false,\"updateBy\":\"\",\"isInsert\":\"1\",\"javaField\":\"searchfunction\",\"htmlType\":\"input\",\"edit\":true,\"query\":true,\"columnCo', '{\"msg\":\"操作成功\",\"code\":200}', 0, NULL, '2021-12-03 15:38:58');
INSERT INTO `sys_oper_log` VALUES (592, 'UserSerarchRecorddd', 1, 'com.ruoyi.kooklen.controller.UserSerarchRecordddController.add()', 'POST', 1, 'admin', NULL, '/UserSerarchRecorddd/UserSerarchRecorddd', '127.0.0.1', '内网IP', '{\"endtime\":1640793600000,\"monitorf\":0,\"starttime\":1638288000000,\"params\":{},\"userid\":\"12321311\",\"password\":\"dasdas\",\"id\":15,\"searchfunction\":0,\"username\":\"teasd\"}', '{\"msg\":\"操作成功\",\"code\":200}', 0, NULL, '2021-12-03 16:02:35');
INSERT INTO `sys_oper_log` VALUES (593, 'UserSerarchRecorddd', 5, 'com.ruoyi.kooklen.controller.UserSerarchRecordddController.export()', 'POST', 1, 'admin', NULL, '/UserSerarchRecorddd/UserSerarchRecorddd/export', '127.0.0.1', '内网IP', '{\"params\":{}}', NULL, 0, NULL, '2021-12-03 16:03:02');
INSERT INTO `sys_oper_log` VALUES (594, 'WorkOrderManagement', 2, 'com.ruoyi.kooklen.controller.WorkOrderManagementController.edit()', 'PUT', 1, 'admin', NULL, '/WorkOrderManagement/WorkOrderManagement', '192.168.1.105', '内网IP', '{\"note\":\"\",\"createtime\":1638376991000,\"city\":\"东莞市\",\"orderid\":10001,\"params\":{},\"userid\":84446666,\"province\":\"广东省\",\"companyname\":\"广东城市第一工业有限公司\",\"finaltime\":1638461384000,\"legalpeople\":\"朱晓光\",\"contactphone\":\"13800138000\",\"id\":100001,\"state\":2,\"username\":\"江门工商行\"}', '{\"msg\":\"操作成功\",\"code\":200}', 0, NULL, '2021-12-06 11:40:19');
INSERT INTO `sys_oper_log` VALUES (595, '参数管理', 2, 'com.ruoyi.web.controller.system.SysConfigController.edit()', 'PUT', 1, 'admin', NULL, '/system/config', '192.168.1.105', '内网IP', '{\"configName\":\"主框架页-默认皮肤样式名称\",\"configKey\":\"sys.index.skinName\",\"createBy\":\"admin\",\"createTime\":1638153524000,\"updateBy\":\"admin\",\"configId\":1,\"remark\":\"蓝色 skin-blue、绿色 skin-green、紫色 skin-purple、红色 skin-red、黄色 skin-yellow\",\"configType\":\"Y\",\"configValue\":\"skin-red\",\"params\":{}}', '{\"msg\":\"操作成功\",\"code\":200}', 0, NULL, '2021-12-06 11:55:43');
INSERT INTO `sys_oper_log` VALUES (596, 'UserSerarchRecorddd', 2, 'com.ruoyi.kooklen.controller.UserSerarchRecordddController.edit()', 'PUT', 1, 'admin', NULL, '/UserSerarchRecorddd/UserSerarchRecorddd', '127.0.0.1', '内网IP', '{\"endtime\":1639411200000,\"monitorf\":1,\"starttime\":1639411200000,\"params\":{},\"userid\":\"88888888\",\"password\":\"888\",\"id\":17,\"searchfunction\":0,\"username\":\"测试账号\"}', '{\"msg\":\"操作成功\",\"code\":200}', 0, NULL, '2021-12-15 11:18:10');
INSERT INTO `sys_oper_log` VALUES (597, 'UserSerarchRecorddd', 2, 'com.ruoyi.kooklen.controller.UserSerarchRecordddController.edit()', 'PUT', 1, 'admin', NULL, '/UserSerarchRecorddd/UserSerarchRecorddd', '127.0.0.1', '内网IP', '{\"endtime\":1640275200000,\"monitorf\":1,\"starttime\":1638288000000,\"params\":{},\"userid\":\"21312311\",\"password\":\"fdsadsadasdsad1221\",\"id\":2,\"searchfunction\":0,\"username\":\"dasdasd\"}', '{\"msg\":\"操作成功\",\"code\":200}', 0, NULL, '2021-12-16 16:44:43');
INSERT INTO `sys_oper_log` VALUES (598, 'WorkOrderManagement', 2, 'com.ruoyi.kooklen.controller.WorkOrderManagementController.edit()', 'PUT', 1, 'admin', NULL, '/WorkOrderManagement/WorkOrderManagement', '127.0.0.1', '内网IP', '{\"note\":\"no\",\"createtime\":1638389732000,\"city\":\"珠海市\",\"orderid\":100003,\"params\":{},\"userid\":66668888,\"province\":\"广东省\",\"companyname\":\"但是撒多撒多\",\"finaltime\":1638387255000,\"legalpeople\":\"大萨达\",\"contactphone\":\"13800138000\",\"id\":100003,\"state\":2,\"username\":\"打算打算大所多\"}', '{\"msg\":\"操作成功\",\"code\":200}', 0, NULL, '2021-12-21 11:28:11');
INSERT INTO `sys_oper_log` VALUES (599, 'UserSerarchRecorddd', 2, 'com.ruoyi.kooklen.controller.UserSerarchRecordddController.edit()', 'PUT', 1, 'admin', NULL, '/UserSerarchRecorddd/UserSerarchRecorddd', '127.0.0.1', '内网IP', '{\"endtime\":1640793600000,\"monitorf\":0,\"starttime\":1638288000000,\"params\":{},\"userid\":\"12321311\",\"password\":\"dasdas\",\"id\":15,\"searchfunction\":1,\"username\":\"teasd\"}', '{\"msg\":\"操作成功\",\"code\":200}', 0, NULL, '2021-12-22 14:45:48');
INSERT INTO `sys_oper_log` VALUES (600, '代码生成', 2, 'com.ruoyi.generator.controller.GenController.synchDb()', 'GET', 1, 'admin', NULL, '/tool/gen/synchDb/user_monitor_company', '192.168.1.105', '内网IP', '{tableName=user_monitor_company}', '{\"msg\":\"操作成功\",\"code\":200}', 0, NULL, '2021-12-27 16:01:19');
INSERT INTO `sys_oper_log` VALUES (601, '代码生成', 2, 'com.ruoyi.generator.controller.GenController.editSave()', 'PUT', 1, 'admin', NULL, '/tool/gen', '192.168.1.105', '内网IP', '{\"sub\":false,\"functionAuthor\":\"kooklen\",\"columns\":[{\"capJavaField\":\"Userid\",\"usableColumn\":false,\"columnId\":38,\"isIncrement\":\"0\",\"increment\":false,\"insert\":true,\"isList\":\"1\",\"dictType\":\"\",\"required\":false,\"superColumn\":false,\"updateBy\":\"\",\"isInsert\":\"1\",\"javaField\":\"userid\",\"htmlType\":\"input\",\"edit\":true,\"query\":true,\"columnComment\":\"用户id\",\"isQuery\":\"1\",\"updateTime\":1638515649000,\"sort\":1,\"list\":true,\"params\":{},\"javaType\":\"Long\",\"queryType\":\"EQ\",\"columnType\":\"int\",\"createBy\":\"admin\",\"isPk\":\"0\",\"createTime\":1638238045000,\"isEdit\":\"1\",\"tableId\":6,\"pk\":false,\"columnName\":\"userid\"},{\"capJavaField\":\"Username\",\"usableColumn\":false,\"columnId\":39,\"isIncrement\":\"0\",\"increment\":false,\"insert\":true,\"isList\":\"1\",\"dictType\":\"\",\"required\":false,\"superColumn\":false,\"updateBy\":\"\",\"isInsert\":\"1\",\"javaField\":\"username\",\"htmlType\":\"input\",\"edit\":true,\"query\":true,\"columnComment\":\"用户名\",\"isQuery\":\"1\",\"updateTime\":1638515649000,\"sort\":2,\"list\":true,\"params\":{},\"javaType\":\"String\",\"queryType\":\"LIKE\",\"columnType\":\"varchar(255)\",\"createBy\":\"admin\",\"isPk\":\"0\",\"createTime\":1638238045000,\"isEdit\":\"1\",\"tableId\":6,\"pk\":false,\"columnName\":\"username\"},{\"capJavaField\":\"Companyid\",\"usableColumn\":false,\"columnId\":40,\"isIncrement\":\"0\",\"increment\":false,\"insert\":true,\"isList\":\"1\",\"dictType\":\"\",\"required\":false,\"superColumn\":false,\"updateBy\":\"\",\"isInsert\":\"1\",\"javaField\":\"companyid\",\"htmlType\":\"input\",\"edit\":true,\"query\":true,\"columnComment\":\"公司id\",\"isQuery\":\"1\",\"updateTime\":1638515649000,\"sort\":3,\"list\":true,\"params\":{},\"javaType\":\"Long\",\"queryType\":\"EQ\",\"columnType\":\"int\",\"createBy\":\"admin\",\"isPk\":\"0\",\"createTime\":1638238045000,\"isEdit\":\"1\",\"tableId\":6,\"pk\":false,\"columnName\":\"companyid\"},{\"capJavaField\":\"Recordnumber\",\"usableColumn\":false,\"columnId\":41,\"isIncrement\":\"1\",\"increment\":true,\"insert\":true,\"dictType\":\"\",\"required\":false,\"superColumn\":false,\"updateBy\":\"\",\"isInsert\":\"1\",\"javaField\":\"recordnumber\",\"htmlType\":\"input\",\"edit\":false,\"query\":true,\"columnComment\":\"记录号\",\"isQuery\":\"1\",\"updateTime\":1', '{\"msg\":\"操作成功\",\"code\":200}', 0, NULL, '2021-12-27 16:01:40');
INSERT INTO `sys_oper_log` VALUES (602, '代码生成', 8, 'com.ruoyi.generator.controller.GenController.batchGenCode()', 'GET', 1, 'admin', NULL, '/tool/gen/batchGenCode', '192.168.1.105', '内网IP', '{}', NULL, 0, NULL, '2021-12-27 16:01:47');
INSERT INTO `sys_oper_log` VALUES (603, '菜单管理', 3, 'com.ruoyi.web.controller.system.SysMenuController.remove()', 'DELETE', 1, 'admin', NULL, '/system/menu/2139', '192.168.1.105', '内网IP', '{menuId=2139}', '{\"msg\":\"操作成功\",\"code\":200}', 0, NULL, '2021-12-27 16:04:46');
INSERT INTO `sys_oper_log` VALUES (604, '菜单管理', 3, 'com.ruoyi.web.controller.system.SysMenuController.remove()', 'DELETE', 1, 'admin', NULL, '/system/menu/2140', '192.168.1.105', '内网IP', '{menuId=2140}', '{\"msg\":\"操作成功\",\"code\":200}', 0, NULL, '2021-12-27 16:04:48');
INSERT INTO `sys_oper_log` VALUES (605, '菜单管理', 3, 'com.ruoyi.web.controller.system.SysMenuController.remove()', 'DELETE', 1, 'admin', NULL, '/system/menu/2141', '192.168.1.105', '内网IP', '{menuId=2141}', '{\"msg\":\"操作成功\",\"code\":200}', 0, NULL, '2021-12-27 16:04:49');
INSERT INTO `sys_oper_log` VALUES (606, '菜单管理', 3, 'com.ruoyi.web.controller.system.SysMenuController.remove()', 'DELETE', 1, 'admin', NULL, '/system/menu/2142', '192.168.1.105', '内网IP', '{menuId=2142}', '{\"msg\":\"操作成功\",\"code\":200}', 0, NULL, '2021-12-27 16:04:50');
INSERT INTO `sys_oper_log` VALUES (607, '菜单管理', 3, 'com.ruoyi.web.controller.system.SysMenuController.remove()', 'DELETE', 1, 'admin', NULL, '/system/menu/2143', '192.168.1.105', '内网IP', '{menuId=2143}', '{\"msg\":\"操作成功\",\"code\":200}', 0, NULL, '2021-12-27 16:04:52');
INSERT INTO `sys_oper_log` VALUES (608, '菜单管理', 3, 'com.ruoyi.web.controller.system.SysMenuController.remove()', 'DELETE', 1, 'admin', NULL, '/system/menu/2138', '192.168.1.105', '内网IP', '{menuId=2138}', '{\"msg\":\"操作成功\",\"code\":200}', 0, NULL, '2021-12-27 16:04:53');
INSERT INTO `sys_oper_log` VALUES (609, '代码生成', 2, 'com.ruoyi.generator.controller.GenController.synchDb()', 'GET', 1, 'admin', NULL, '/tool/gen/synchDb/user_monitor_company', '192.168.1.105', '内网IP', '{tableName=user_monitor_company}', '{\"msg\":\"操作成功\",\"code\":200}', 0, NULL, '2021-12-27 16:34:13');
INSERT INTO `sys_oper_log` VALUES (610, 'userMonitorCompany', 3, 'com.ruoyi.test.controller.userMonitorCompanyController.remove()', 'DELETE', 1, 'admin', NULL, '/userMonitorCompany/userMonitorCompany/6', '127.0.0.1', '内网IP', '{recordnumbers=6}', '{\"msg\":\"操作成功\",\"code\":200}', 0, NULL, '2021-12-28 10:32:41');
INSERT INTO `sys_oper_log` VALUES (611, 'userMonitorCompany', 3, 'com.ruoyi.test.controller.userMonitorCompanyController.remove()', 'DELETE', 1, 'admin', NULL, '/userMonitorCompany/userMonitorCompany/8', '127.0.0.1', '内网IP', '{recordnumbers=8}', '{\"msg\":\"操作成功\",\"code\":200}', 0, NULL, '2021-12-28 10:32:43');
INSERT INTO `sys_oper_log` VALUES (612, 'userMonitorCompany', 3, 'com.ruoyi.test.controller.userMonitorCompanyController.remove()', 'DELETE', 1, 'admin', NULL, '/userMonitorCompany/userMonitorCompany/9', '127.0.0.1', '内网IP', '{recordnumbers=9}', '{\"msg\":\"操作成功\",\"code\":200}', 0, NULL, '2021-12-28 10:32:44');
INSERT INTO `sys_oper_log` VALUES (613, 'userMonitorCompany', 3, 'com.ruoyi.test.controller.userMonitorCompanyController.remove()', 'DELETE', 1, 'admin', NULL, '/userMonitorCompany/userMonitorCompany/10', '127.0.0.1', '内网IP', '{recordnumbers=10}', '{\"msg\":\"操作成功\",\"code\":200}', 0, NULL, '2021-12-28 10:32:45');
INSERT INTO `sys_oper_log` VALUES (614, 'userMonitorCompany', 3, 'com.ruoyi.test.controller.userMonitorCompanyController.remove()', 'DELETE', 1, 'admin', NULL, '/userMonitorCompany/userMonitorCompany/11', '127.0.0.1', '内网IP', '{recordnumbers=11}', '{\"msg\":\"操作成功\",\"code\":200}', 0, NULL, '2021-12-28 10:32:47');
INSERT INTO `sys_oper_log` VALUES (615, 'userMonitorCompany', 3, 'com.ruoyi.test.controller.userMonitorCompanyController.remove()', 'DELETE', 1, 'admin', NULL, '/userMonitorCompany/userMonitorCompany/12', '127.0.0.1', '内网IP', '{recordnumbers=12}', '{\"msg\":\"操作成功\",\"code\":200}', 0, NULL, '2021-12-28 10:32:49');
INSERT INTO `sys_oper_log` VALUES (616, 'userMonitorCompany', 3, 'com.ruoyi.test.controller.userMonitorCompanyController.remove()', 'DELETE', 1, 'admin', NULL, '/userMonitorCompany/userMonitorCompany/7', '127.0.0.1', '内网IP', '{recordnumbers=7}', '{\"msg\":\"操作成功\",\"code\":200}', 0, NULL, '2021-12-28 10:32:50');
INSERT INTO `sys_oper_log` VALUES (617, 'userMonitorCompany', 3, 'com.ruoyi.test.controller.userMonitorCompanyController.remove()', 'DELETE', 1, 'admin', NULL, '/userMonitorCompany/userMonitorCompany/13', '127.0.0.1', '内网IP', '{recordnumbers=13}', '{\"msg\":\"操作成功\",\"code\":200}', 0, NULL, '2021-12-28 10:32:51');
INSERT INTO `sys_oper_log` VALUES (618, 'userMonitorCompany', 3, 'com.ruoyi.test.controller.userMonitorCompanyController.remove()', 'DELETE', 1, 'admin', NULL, '/userMonitorCompany/userMonitorCompany/14', '127.0.0.1', '内网IP', '{recordnumbers=14}', '{\"msg\":\"操作成功\",\"code\":200}', 0, NULL, '2021-12-28 10:32:54');
INSERT INTO `sys_oper_log` VALUES (619, 'userMonitorCompany', 3, 'com.ruoyi.test.controller.userMonitorCompanyController.remove()', 'DELETE', 1, 'admin', NULL, '/userMonitorCompany/userMonitorCompany/15', '127.0.0.1', '内网IP', '{recordnumbers=15}', '{\"msg\":\"操作成功\",\"code\":200}', 0, NULL, '2021-12-28 10:32:55');
INSERT INTO `sys_oper_log` VALUES (620, 'userMonitorCompany', 3, 'com.ruoyi.test.controller.userMonitorCompanyController.remove()', 'DELETE', 1, 'admin', NULL, '/userMonitorCompany/userMonitorCompany/17', '127.0.0.1', '内网IP', '{recordnumbers=17}', '{\"msg\":\"操作成功\",\"code\":200}', 0, NULL, '2021-12-28 10:32:56');
INSERT INTO `sys_oper_log` VALUES (621, 'userMonitorCompany', 3, 'com.ruoyi.test.controller.userMonitorCompanyController.remove()', 'DELETE', 1, 'admin', NULL, '/userMonitorCompany/userMonitorCompany/19', '127.0.0.1', '内网IP', '{recordnumbers=19}', '{\"msg\":\"操作成功\",\"code\":200}', 0, NULL, '2021-12-28 10:32:58');
INSERT INTO `sys_oper_log` VALUES (622, '代码生成', 2, 'com.ruoyi.generator.controller.GenController.synchDb()', 'GET', 1, 'admin', NULL, '/tool/gen/synchDb/user_monitor_company', '127.0.0.1', '内网IP', '{tableName=user_monitor_company}', '{\"msg\":\"操作成功\",\"code\":200}', 0, NULL, '2021-12-28 11:39:57');
INSERT INTO `sys_oper_log` VALUES (623, '代码生成', 2, 'com.ruoyi.generator.controller.GenController.editSave()', 'PUT', 1, 'admin', NULL, '/tool/gen', '127.0.0.1', '内网IP', '{\"sub\":false,\"functionAuthor\":\"kooklen\",\"columns\":[{\"capJavaField\":\"Userid\",\"usableColumn\":false,\"columnId\":38,\"isIncrement\":\"0\",\"increment\":false,\"insert\":true,\"isList\":\"1\",\"dictType\":\"\",\"required\":false,\"superColumn\":false,\"updateBy\":\"\",\"isInsert\":\"1\",\"javaField\":\"userid\",\"htmlType\":\"input\",\"edit\":true,\"query\":true,\"columnComment\":\"用户id\",\"isQuery\":\"1\",\"updateTime\":1640592100000,\"sort\":1,\"list\":true,\"params\":{},\"javaType\":\"Long\",\"queryType\":\"EQ\",\"columnType\":\"int\",\"createBy\":\"admin\",\"isPk\":\"0\",\"createTime\":1638238045000,\"isEdit\":\"1\",\"tableId\":6,\"pk\":false,\"columnName\":\"userid\"},{\"capJavaField\":\"Username\",\"usableColumn\":false,\"columnId\":39,\"isIncrement\":\"0\",\"increment\":false,\"insert\":true,\"isList\":\"1\",\"dictType\":\"\",\"required\":false,\"superColumn\":false,\"updateBy\":\"\",\"isInsert\":\"1\",\"javaField\":\"username\",\"htmlType\":\"input\",\"edit\":true,\"query\":true,\"columnComment\":\"用户名\",\"isQuery\":\"1\",\"updateTime\":1640592100000,\"sort\":2,\"list\":true,\"params\":{},\"javaType\":\"String\",\"queryType\":\"LIKE\",\"columnType\":\"varchar(255)\",\"createBy\":\"admin\",\"isPk\":\"0\",\"createTime\":1638238045000,\"isEdit\":\"1\",\"tableId\":6,\"pk\":false,\"columnName\":\"username\"},{\"capJavaField\":\"Companyid\",\"usableColumn\":false,\"columnId\":40,\"isIncrement\":\"0\",\"increment\":false,\"insert\":true,\"isList\":\"1\",\"dictType\":\"\",\"required\":false,\"superColumn\":false,\"updateBy\":\"\",\"isInsert\":\"1\",\"javaField\":\"companyid\",\"htmlType\":\"input\",\"edit\":true,\"query\":true,\"columnComment\":\"公司id\",\"isQuery\":\"1\",\"updateTime\":1640592100000,\"sort\":3,\"list\":true,\"params\":{},\"javaType\":\"Long\",\"queryType\":\"EQ\",\"columnType\":\"int\",\"createBy\":\"admin\",\"isPk\":\"0\",\"createTime\":1638238045000,\"isEdit\":\"1\",\"tableId\":6,\"pk\":false,\"columnName\":\"companyid\"},{\"capJavaField\":\"Recordnumber\",\"usableColumn\":false,\"columnId\":41,\"isIncrement\":\"1\",\"increment\":true,\"insert\":true,\"dictType\":\"\",\"required\":false,\"superColumn\":false,\"updateBy\":\"\",\"isInsert\":\"1\",\"javaField\":\"recordnumber\",\"htmlType\":\"input\",\"edit\":false,\"query\":true,\"columnComment\":\"记录号\",\"isQuery\":\"1\",\"updateTime\":1', '{\"msg\":\"操作成功\",\"code\":200}', 0, NULL, '2021-12-28 11:40:11');
INSERT INTO `sys_oper_log` VALUES (624, '代码生成', 8, 'com.ruoyi.generator.controller.GenController.batchGenCode()', 'GET', 1, 'admin', NULL, '/tool/gen/batchGenCode', '127.0.0.1', '内网IP', '{}', NULL, 0, NULL, '2021-12-28 11:40:21');
INSERT INTO `sys_oper_log` VALUES (625, 'userMonitorCompany', 3, 'com.ruoyi.test.controller.userMonitorCompanyController.remove()', 'DELETE', 1, 'admin', NULL, '/userMonitorCompany/userMonitorCompany/37', '127.0.0.1', '内网IP', '{recordnumbers=37}', '{\"msg\":\"操作成功\",\"code\":200}', 0, NULL, '2021-12-29 15:10:32');
INSERT INTO `sys_oper_log` VALUES (626, 'userMonitorCompany', 3, 'com.ruoyi.test.controller.userMonitorCompanyController.remove()', 'DELETE', 1, 'admin', NULL, '/userMonitorCompany/userMonitorCompany/36', '127.0.0.1', '内网IP', '{recordnumbers=36}', '{\"msg\":\"操作成功\",\"code\":200}', 0, NULL, '2021-12-29 15:10:34');
INSERT INTO `sys_oper_log` VALUES (627, 'userMonitorCompany', 3, 'com.ruoyi.test.controller.userMonitorCompanyController.remove()', 'DELETE', 1, 'admin', NULL, '/userMonitorCompany/userMonitorCompany/35', '127.0.0.1', '内网IP', '{recordnumbers=35}', '{\"msg\":\"操作成功\",\"code\":200}', 0, NULL, '2021-12-29 15:10:36');
INSERT INTO `sys_oper_log` VALUES (628, 'userMonitorCompany', 3, 'com.ruoyi.test.controller.userMonitorCompanyController.remove()', 'DELETE', 1, 'admin', NULL, '/userMonitorCompany/userMonitorCompany/16', '127.0.0.1', '内网IP', '{recordnumbers=16}', '{\"msg\":\"操作成功\",\"code\":200}', 0, NULL, '2021-12-29 15:10:43');
INSERT INTO `sys_oper_log` VALUES (629, 'userMonitorCompany', 3, 'com.ruoyi.test.controller.userMonitorCompanyController.remove()', 'DELETE', 1, 'admin', NULL, '/userMonitorCompany/userMonitorCompany/18', '127.0.0.1', '内网IP', '{recordnumbers=18}', '{\"msg\":\"操作成功\",\"code\":200}', 0, NULL, '2021-12-29 15:10:44');
INSERT INTO `sys_oper_log` VALUES (630, 'userMonitorCompany', 3, 'com.ruoyi.test.controller.userMonitorCompanyController.remove()', 'DELETE', 1, 'admin', NULL, '/userMonitorCompany/userMonitorCompany/20', '127.0.0.1', '内网IP', '{recordnumbers=20}', '{\"msg\":\"操作成功\",\"code\":200}', 0, NULL, '2021-12-29 15:10:45');
INSERT INTO `sys_oper_log` VALUES (631, 'userMonitorCompany', 3, 'com.ruoyi.test.controller.userMonitorCompanyController.remove()', 'DELETE', 1, 'admin', NULL, '/userMonitorCompany/userMonitorCompany/21', '127.0.0.1', '内网IP', '{recordnumbers=21}', '{\"msg\":\"操作成功\",\"code\":200}', 0, NULL, '2021-12-29 15:10:47');
INSERT INTO `sys_oper_log` VALUES (632, 'userMonitorCompany', 3, 'com.ruoyi.test.controller.userMonitorCompanyController.remove()', 'DELETE', 1, 'admin', NULL, '/userMonitorCompany/userMonitorCompany/22', '127.0.0.1', '内网IP', '{recordnumbers=22}', '{\"msg\":\"操作成功\",\"code\":200}', 0, NULL, '2021-12-29 15:10:48');
INSERT INTO `sys_oper_log` VALUES (633, 'userMonitorCompany', 3, 'com.ruoyi.test.controller.userMonitorCompanyController.remove()', 'DELETE', 1, 'admin', NULL, '/userMonitorCompany/userMonitorCompany/23', '127.0.0.1', '内网IP', '{recordnumbers=23}', '{\"msg\":\"操作成功\",\"code\":200}', 0, NULL, '2021-12-29 15:10:49');
INSERT INTO `sys_oper_log` VALUES (634, 'userMonitorCompany', 3, 'com.ruoyi.test.controller.userMonitorCompanyController.remove()', 'DELETE', 1, 'admin', NULL, '/userMonitorCompany/userMonitorCompany/24', '127.0.0.1', '内网IP', '{recordnumbers=24}', '{\"msg\":\"操作成功\",\"code\":200}', 0, NULL, '2021-12-29 15:10:51');
INSERT INTO `sys_oper_log` VALUES (635, 'userMonitorCompany', 3, 'com.ruoyi.test.controller.userMonitorCompanyController.remove()', 'DELETE', 1, 'admin', NULL, '/userMonitorCompany/userMonitorCompany/25', '127.0.0.1', '内网IP', '{recordnumbers=25}', '{\"msg\":\"操作成功\",\"code\":200}', 0, NULL, '2021-12-29 15:10:52');
INSERT INTO `sys_oper_log` VALUES (636, 'userMonitorCompany', 3, 'com.ruoyi.test.controller.userMonitorCompanyController.remove()', 'DELETE', 1, 'admin', NULL, '/userMonitorCompany/userMonitorCompany/34', '127.0.0.1', '内网IP', '{recordnumbers=34}', '{\"msg\":\"操作成功\",\"code\":200}', 0, NULL, '2021-12-29 15:10:57');
INSERT INTO `sys_oper_log` VALUES (637, 'userMonitorCompany', 3, 'com.ruoyi.test.controller.userMonitorCompanyController.remove()', 'DELETE', 1, 'admin', NULL, '/userMonitorCompany/userMonitorCompany/42', '127.0.0.1', '内网IP', '{recordnumbers=42}', '{\"msg\":\"操作成功\",\"code\":200}', 0, NULL, '2021-12-30 15:53:17');
INSERT INTO `sys_oper_log` VALUES (638, 'userMonitorCompany', 3, 'com.ruoyi.test.controller.userMonitorCompanyController.remove()', 'DELETE', 1, 'admin', NULL, '/userMonitorCompany/userMonitorCompany/43', '127.0.0.1', '内网IP', '{recordnumbers=43}', '{\"msg\":\"操作成功\",\"code\":200}', 0, NULL, '2021-12-30 15:53:20');
INSERT INTO `sys_oper_log` VALUES (639, 'userTriggerRecord', 3, 'com.ruoyi.test.controller.TriggerRecordController.remove()', 'DELETE', 1, 'admin', NULL, '/userTriggerRecord/userTriggerRecord/5', '127.0.0.1', '内网IP', '{recordnumbers=5}', '{\"msg\":\"操作成功\",\"code\":200}', 0, NULL, '2021-12-30 17:09:35');

-- ----------------------------
-- Table structure for sys_post
-- ----------------------------
DROP TABLE IF EXISTS `sys_post`;
CREATE TABLE `sys_post`  (
  `post_id` bigint(0) NOT NULL AUTO_INCREMENT COMMENT '岗位ID',
  `post_code` varchar(64) CHARACTER SET utf8mb4 COLLATE utf8mb4_0900_ai_ci NOT NULL COMMENT '岗位编码',
  `post_name` varchar(50) CHARACTER SET utf8mb4 COLLATE utf8mb4_0900_ai_ci NOT NULL COMMENT '岗位名称',
  `post_sort` int(0) NOT NULL COMMENT '显示顺序',
  `status` char(1) CHARACTER SET utf8mb4 COLLATE utf8mb4_0900_ai_ci NOT NULL COMMENT '状态（0正常 1停用）',
  `create_by` varchar(64) CHARACTER SET utf8mb4 COLLATE utf8mb4_0900_ai_ci NULL DEFAULT '' COMMENT '创建者',
  `create_time` datetime(0) NULL DEFAULT NULL COMMENT '创建时间',
  `update_by` varchar(64) CHARACTER SET utf8mb4 COLLATE utf8mb4_0900_ai_ci NULL DEFAULT '' COMMENT '更新者',
  `update_time` datetime(0) NULL DEFAULT NULL COMMENT '更新时间',
  `remark` varchar(500) CHARACTER SET utf8mb4 COLLATE utf8mb4_0900_ai_ci NULL DEFAULT NULL COMMENT '备注',
  PRIMARY KEY (`post_id`) USING BTREE
) ENGINE = InnoDB AUTO_INCREMENT = 4 CHARACTER SET = utf8mb4 COLLATE = utf8mb4_0900_ai_ci COMMENT = '岗位信息表' ROW_FORMAT = Dynamic;

-- ----------------------------
-- Records of sys_post
-- ----------------------------
INSERT INTO `sys_post` VALUES (1, 'ceo', '董事长', 1, '0', 'admin', '2021-11-29 10:38:44', '', NULL, '');
INSERT INTO `sys_post` VALUES (2, 'se', '项目经理', 2, '0', 'admin', '2021-11-29 10:38:44', '', NULL, '');
INSERT INTO `sys_post` VALUES (3, 'hr', '人力资源', 3, '0', 'admin', '2021-11-29 10:38:44', '', NULL, '');
INSERT INTO `sys_post` VALUES (4, 'user', '普通员工', 4, '0', 'admin', '2021-11-29 10:38:44', '', NULL, '');

-- ----------------------------
-- Table structure for sys_role
-- ----------------------------
DROP TABLE IF EXISTS `sys_role`;
CREATE TABLE `sys_role`  (
  `role_id` bigint(0) NOT NULL AUTO_INCREMENT COMMENT '角色ID',
  `role_name` varchar(30) CHARACTER SET utf8mb4 COLLATE utf8mb4_0900_ai_ci NOT NULL COMMENT '角色名称',
  `role_key` varchar(100) CHARACTER SET utf8mb4 COLLATE utf8mb4_0900_ai_ci NOT NULL COMMENT '角色权限字符串',
  `role_sort` int(0) NOT NULL COMMENT '显示顺序',
  `data_scope` char(1) CHARACTER SET utf8mb4 COLLATE utf8mb4_0900_ai_ci NULL DEFAULT '1' COMMENT '数据范围（1：全部数据权限 2：自定数据权限 3：本部门数据权限 4：本部门及以下数据权限）',
  `menu_check_strictly` tinyint(1) NULL DEFAULT 1 COMMENT '菜单树选择项是否关联显示',
  `dept_check_strictly` tinyint(1) NULL DEFAULT 1 COMMENT '部门树选择项是否关联显示',
  `status` char(1) CHARACTER SET utf8mb4 COLLATE utf8mb4_0900_ai_ci NOT NULL COMMENT '角色状态（0正常 1停用）',
  `del_flag` char(1) CHARACTER SET utf8mb4 COLLATE utf8mb4_0900_ai_ci NULL DEFAULT '0' COMMENT '删除标志（0代表存在 2代表删除）',
  `create_by` varchar(64) CHARACTER SET utf8mb4 COLLATE utf8mb4_0900_ai_ci NULL DEFAULT '' COMMENT '创建者',
  `create_time` datetime(0) NULL DEFAULT NULL COMMENT '创建时间',
  `update_by` varchar(64) CHARACTER SET utf8mb4 COLLATE utf8mb4_0900_ai_ci NULL DEFAULT '' COMMENT '更新者',
  `update_time` datetime(0) NULL DEFAULT NULL COMMENT '更新时间',
  `remark` varchar(500) CHARACTER SET utf8mb4 COLLATE utf8mb4_0900_ai_ci NULL DEFAULT NULL COMMENT '备注',
  PRIMARY KEY (`role_id`) USING BTREE
) ENGINE = InnoDB AUTO_INCREMENT = 100 CHARACTER SET = utf8mb4 COLLATE = utf8mb4_0900_ai_ci COMMENT = '角色信息表' ROW_FORMAT = Dynamic;

-- ----------------------------
-- Records of sys_role
-- ----------------------------
INSERT INTO `sys_role` VALUES (1, '超级管理员', 'admin', 1, '1', 1, 1, '0', '0', 'admin', '2021-11-29 10:38:44', '', NULL, '超级管理员');
INSERT INTO `sys_role` VALUES (2, '普通角色', 'common', 2, '2', 1, 1, '0', '0', 'admin', '2021-11-29 10:38:44', 'admin', '2021-11-29 17:33:30', '普通角色');

-- ----------------------------
-- Table structure for sys_role_dept
-- ----------------------------
DROP TABLE IF EXISTS `sys_role_dept`;
CREATE TABLE `sys_role_dept`  (
  `role_id` bigint(0) NOT NULL COMMENT '角色ID',
  `dept_id` bigint(0) NOT NULL COMMENT '部门ID',
  PRIMARY KEY (`role_id`, `dept_id`) USING BTREE
) ENGINE = InnoDB CHARACTER SET = utf8mb4 COLLATE = utf8mb4_0900_ai_ci COMMENT = '角色和部门关联表' ROW_FORMAT = Dynamic;

-- ----------------------------
-- Records of sys_role_dept
-- ----------------------------
INSERT INTO `sys_role_dept` VALUES (2, 100);
INSERT INTO `sys_role_dept` VALUES (2, 101);
INSERT INTO `sys_role_dept` VALUES (2, 105);

-- ----------------------------
-- Table structure for sys_role_menu
-- ----------------------------
DROP TABLE IF EXISTS `sys_role_menu`;
CREATE TABLE `sys_role_menu`  (
  `role_id` bigint(0) NOT NULL COMMENT '角色ID',
  `menu_id` bigint(0) NOT NULL COMMENT '菜单ID',
  PRIMARY KEY (`role_id`, `menu_id`) USING BTREE
) ENGINE = InnoDB CHARACTER SET = utf8mb4 COLLATE = utf8mb4_0900_ai_ci COMMENT = '角色和菜单关联表' ROW_FORMAT = Dynamic;

-- ----------------------------
-- Records of sys_role_menu
-- ----------------------------
INSERT INTO `sys_role_menu` VALUES (2, 1);
INSERT INTO `sys_role_menu` VALUES (2, 2);
INSERT INTO `sys_role_menu` VALUES (2, 3);
INSERT INTO `sys_role_menu` VALUES (2, 100);
INSERT INTO `sys_role_menu` VALUES (2, 101);
INSERT INTO `sys_role_menu` VALUES (2, 102);
INSERT INTO `sys_role_menu` VALUES (2, 103);
INSERT INTO `sys_role_menu` VALUES (2, 104);
INSERT INTO `sys_role_menu` VALUES (2, 105);
INSERT INTO `sys_role_menu` VALUES (2, 106);
INSERT INTO `sys_role_menu` VALUES (2, 107);
INSERT INTO `sys_role_menu` VALUES (2, 108);
INSERT INTO `sys_role_menu` VALUES (2, 109);
INSERT INTO `sys_role_menu` VALUES (2, 110);
INSERT INTO `sys_role_menu` VALUES (2, 111);
INSERT INTO `sys_role_menu` VALUES (2, 112);
INSERT INTO `sys_role_menu` VALUES (2, 113);
INSERT INTO `sys_role_menu` VALUES (2, 114);
INSERT INTO `sys_role_menu` VALUES (2, 115);
INSERT INTO `sys_role_menu` VALUES (2, 116);
INSERT INTO `sys_role_menu` VALUES (2, 500);
INSERT INTO `sys_role_menu` VALUES (2, 501);
INSERT INTO `sys_role_menu` VALUES (2, 1001);
INSERT INTO `sys_role_menu` VALUES (2, 1002);
INSERT INTO `sys_role_menu` VALUES (2, 1003);
INSERT INTO `sys_role_menu` VALUES (2, 1004);
INSERT INTO `sys_role_menu` VALUES (2, 1005);
INSERT INTO `sys_role_menu` VALUES (2, 1006);
INSERT INTO `sys_role_menu` VALUES (2, 1007);
INSERT INTO `sys_role_menu` VALUES (2, 1008);
INSERT INTO `sys_role_menu` VALUES (2, 1009);
INSERT INTO `sys_role_menu` VALUES (2, 1010);
INSERT INTO `sys_role_menu` VALUES (2, 1011);
INSERT INTO `sys_role_menu` VALUES (2, 1012);
INSERT INTO `sys_role_menu` VALUES (2, 1013);
INSERT INTO `sys_role_menu` VALUES (2, 1014);
INSERT INTO `sys_role_menu` VALUES (2, 1015);
INSERT INTO `sys_role_menu` VALUES (2, 1016);
INSERT INTO `sys_role_menu` VALUES (2, 1017);
INSERT INTO `sys_role_menu` VALUES (2, 1018);
INSERT INTO `sys_role_menu` VALUES (2, 1019);
INSERT INTO `sys_role_menu` VALUES (2, 1020);
INSERT INTO `sys_role_menu` VALUES (2, 1021);
INSERT INTO `sys_role_menu` VALUES (2, 1022);
INSERT INTO `sys_role_menu` VALUES (2, 1023);
INSERT INTO `sys_role_menu` VALUES (2, 1024);
INSERT INTO `sys_role_menu` VALUES (2, 1025);
INSERT INTO `sys_role_menu` VALUES (2, 1026);
INSERT INTO `sys_role_menu` VALUES (2, 1027);
INSERT INTO `sys_role_menu` VALUES (2, 1028);
INSERT INTO `sys_role_menu` VALUES (2, 1029);
INSERT INTO `sys_role_menu` VALUES (2, 1030);
INSERT INTO `sys_role_menu` VALUES (2, 1031);
INSERT INTO `sys_role_menu` VALUES (2, 1032);
INSERT INTO `sys_role_menu` VALUES (2, 1033);
INSERT INTO `sys_role_menu` VALUES (2, 1034);
INSERT INTO `sys_role_menu` VALUES (2, 1035);
INSERT INTO `sys_role_menu` VALUES (2, 1036);
INSERT INTO `sys_role_menu` VALUES (2, 1037);
INSERT INTO `sys_role_menu` VALUES (2, 1038);
INSERT INTO `sys_role_menu` VALUES (2, 1039);
INSERT INTO `sys_role_menu` VALUES (2, 1040);
INSERT INTO `sys_role_menu` VALUES (2, 1041);
INSERT INTO `sys_role_menu` VALUES (2, 1042);
INSERT INTO `sys_role_menu` VALUES (2, 1043);
INSERT INTO `sys_role_menu` VALUES (2, 1044);
INSERT INTO `sys_role_menu` VALUES (2, 1045);
INSERT INTO `sys_role_menu` VALUES (2, 1046);
INSERT INTO `sys_role_menu` VALUES (2, 1047);
INSERT INTO `sys_role_menu` VALUES (2, 1048);
INSERT INTO `sys_role_menu` VALUES (2, 1049);
INSERT INTO `sys_role_menu` VALUES (2, 1050);
INSERT INTO `sys_role_menu` VALUES (2, 1051);
INSERT INTO `sys_role_menu` VALUES (2, 1052);
INSERT INTO `sys_role_menu` VALUES (2, 1053);
INSERT INTO `sys_role_menu` VALUES (2, 1054);
INSERT INTO `sys_role_menu` VALUES (2, 1055);
INSERT INTO `sys_role_menu` VALUES (2, 1056);
INSERT INTO `sys_role_menu` VALUES (2, 1057);
INSERT INTO `sys_role_menu` VALUES (2, 1058);
INSERT INTO `sys_role_menu` VALUES (2, 1059);
INSERT INTO `sys_role_menu` VALUES (2, 1060);

-- ----------------------------
-- Table structure for sys_user
-- ----------------------------
DROP TABLE IF EXISTS `sys_user`;
CREATE TABLE `sys_user`  (
  `user_id` bigint(0) NOT NULL AUTO_INCREMENT COMMENT '用户ID',
  `dept_id` bigint(0) NULL DEFAULT NULL COMMENT '部门ID',
  `user_name` varchar(30) CHARACTER SET utf8mb4 COLLATE utf8mb4_0900_ai_ci NOT NULL COMMENT '用户账号',
  `nick_name` varchar(30) CHARACTER SET utf8mb4 COLLATE utf8mb4_0900_ai_ci NOT NULL COMMENT '用户昵称',
  `user_type` varchar(2) CHARACTER SET utf8mb4 COLLATE utf8mb4_0900_ai_ci NULL DEFAULT '00' COMMENT '用户类型（00系统用户）',
  `email` varchar(50) CHARACTER SET utf8mb4 COLLATE utf8mb4_0900_ai_ci NULL DEFAULT '' COMMENT '用户邮箱',
  `phonenumber` varchar(11) CHARACTER SET utf8mb4 COLLATE utf8mb4_0900_ai_ci NULL DEFAULT '' COMMENT '手机号码',
  `sex` char(1) CHARACTER SET utf8mb4 COLLATE utf8mb4_0900_ai_ci NULL DEFAULT '0' COMMENT '用户性别（0男 1女 2未知）',
  `avatar` varchar(100) CHARACTER SET utf8mb4 COLLATE utf8mb4_0900_ai_ci NULL DEFAULT '' COMMENT '头像地址',
  `password` varchar(100) CHARACTER SET utf8mb4 COLLATE utf8mb4_0900_ai_ci NULL DEFAULT '' COMMENT '密码',
  `status` char(1) CHARACTER SET utf8mb4 COLLATE utf8mb4_0900_ai_ci NULL DEFAULT '0' COMMENT '帐号状态（0正常 1停用）',
  `del_flag` char(1) CHARACTER SET utf8mb4 COLLATE utf8mb4_0900_ai_ci NULL DEFAULT '0' COMMENT '删除标志（0代表存在 2代表删除）',
  `login_ip` varchar(128) CHARACTER SET utf8mb4 COLLATE utf8mb4_0900_ai_ci NULL DEFAULT '' COMMENT '最后登录IP',
  `login_date` datetime(0) NULL DEFAULT NULL COMMENT '最后登录时间',
  `create_by` varchar(64) CHARACTER SET utf8mb4 COLLATE utf8mb4_0900_ai_ci NULL DEFAULT '' COMMENT '创建者',
  `create_time` datetime(0) NULL DEFAULT NULL COMMENT '创建时间',
  `update_by` varchar(64) CHARACTER SET utf8mb4 COLLATE utf8mb4_0900_ai_ci NULL DEFAULT '' COMMENT '更新者',
  `update_time` datetime(0) NULL DEFAULT NULL COMMENT '更新时间',
  `remark` varchar(500) CHARACTER SET utf8mb4 COLLATE utf8mb4_0900_ai_ci NULL DEFAULT NULL COMMENT '备注',
  PRIMARY KEY (`user_id`) USING BTREE
) ENGINE = InnoDB AUTO_INCREMENT = 100 CHARACTER SET = utf8mb4 COLLATE = utf8mb4_0900_ai_ci COMMENT = '用户信息表' ROW_FORMAT = Dynamic;

-- ----------------------------
-- Records of sys_user
-- ----------------------------
INSERT INTO `sys_user` VALUES (1, 103, 'admin', '广州奇越网联', '00', 'ry@163.com', '13800138000', '1', '/profile/avatar/2021/11/30/da2ade01-aca7-4121-b08c-55c386da3e17.jpeg', '$2a$10$7JB720yubVSZvUI0rEqK/.VqGOZTH.ulu33dHOiBE8ByOhJIrdAu2', '0', '0', '192.168.1.105', '2022-02-22 11:39:51', 'admin', '2021-11-29 10:38:44', '', '2022-02-22 11:39:50', '管理员');
INSERT INTO `sys_user` VALUES (2, 105, 'ry', '若依', '00', 'ry@qq.com', '15666666666', '1', '', '$2a$10$7JB720yubVSZvUI0rEqK/.VqGOZTH.ulu33dHOiBE8ByOhJIrdAu2', '0', '0', '127.0.0.1', '2021-11-29 10:38:44', 'admin', '2021-11-29 10:38:44', 'admin', '2021-12-02 10:50:20', '测试员');

-- ----------------------------
-- Table structure for sys_user_post
-- ----------------------------
DROP TABLE IF EXISTS `sys_user_post`;
CREATE TABLE `sys_user_post`  (
  `user_id` bigint(0) NOT NULL COMMENT '用户ID',
  `post_id` bigint(0) NOT NULL COMMENT '岗位ID',
  PRIMARY KEY (`user_id`, `post_id`) USING BTREE
) ENGINE = InnoDB CHARACTER SET = utf8mb4 COLLATE = utf8mb4_0900_ai_ci COMMENT = '用户与岗位关联表' ROW_FORMAT = Dynamic;

-- ----------------------------
-- Records of sys_user_post
-- ----------------------------
INSERT INTO `sys_user_post` VALUES (1, 1);
INSERT INTO `sys_user_post` VALUES (2, 2);

-- ----------------------------
-- Table structure for sys_user_role
-- ----------------------------
DROP TABLE IF EXISTS `sys_user_role`;
CREATE TABLE `sys_user_role`  (
  `user_id` bigint(0) NOT NULL COMMENT '用户ID',
  `role_id` bigint(0) NOT NULL COMMENT '角色ID',
  PRIMARY KEY (`user_id`, `role_id`) USING BTREE
) ENGINE = InnoDB CHARACTER SET = utf8mb4 COLLATE = utf8mb4_0900_ai_ci COMMENT = '用户和角色关联表' ROW_FORMAT = Dynamic;

-- ----------------------------
-- Records of sys_user_role
-- ----------------------------
INSERT INTO `sys_user_role` VALUES (1, 1);
INSERT INTO `sys_user_role` VALUES (2, 2);

-- ----------------------------
-- Table structure for tag
-- ----------------------------
DROP TABLE IF EXISTS `tag`;
CREATE TABLE `tag`  (
  `id` bigint(0) NOT NULL AUTO_INCREMENT,
  `article_id` bigint(0) NOT NULL,
  `tag_id` bigint(0) NOT NULL,
  PRIMARY KEY (`id`) USING BTREE,
  INDEX `article_id`(`article_id`) USING BTREE,
  INDEX `tag_id`(`tag_id`) USING BTREE
) ENGINE = InnoDB AUTO_INCREMENT = 1 CHARACTER SET = utf8 COLLATE = utf8_general_ci ROW_FORMAT = Dynamic;

-- ----------------------------
-- Records of tag
-- ----------------------------

-- ----------------------------
-- Table structure for trigger_record
-- ----------------------------
DROP TABLE IF EXISTS `trigger_record`;
CREATE TABLE `trigger_record`  (
  `recordnumber` int(0) NOT NULL AUTO_INCREMENT,
  `userid` int(0) NULL DEFAULT NULL,
  `username` varchar(255) CHARACTER SET utf8mb4 COLLATE utf8mb4_0900_ai_ci NULL DEFAULT NULL,
  `companyid` int(0) NULL DEFAULT NULL,
  `companyname` varchar(255) CHARACTER SET utf8mb4 COLLATE utf8mb4_0900_ai_ci NULL DEFAULT NULL,
  `pushway` varchar(255) CHARACTER SET utf8mb4 COLLATE utf8mb4_0900_ai_ci NULL DEFAULT NULL,
  `triggertime` datetime(0) NULL DEFAULT NULL,
  `address` varchar(255) CHARACTER SET utf8mb4 COLLATE utf8mb4_0900_ai_ci NULL DEFAULT NULL,
  PRIMARY KEY (`recordnumber`) USING BTREE
) ENGINE = InnoDB AUTO_INCREMENT = 7 CHARACTER SET = utf8mb4 COLLATE = utf8mb4_0900_ai_ci ROW_FORMAT = Dynamic;

-- ----------------------------
-- Records of trigger_record
-- ----------------------------
INSERT INTO `trigger_record` VALUES (1, 88888888, '江门工商行', 6648559, '广东奇越网联公司', '用电异常预警', '2021-11-24 10:53:12', 'test');
INSERT INTO `trigger_record` VALUES (2, 88888888, '江门工商行', 6648559, '广东奇越网联公司', '用电异常预警', '2021-11-24 10:53:12', 'test');
INSERT INTO `trigger_record` VALUES (3, 88888888, '江门工商行2', 66485591, '奇越网联公司', '财务异常预警', '2021-12-03 00:00:00', '东方大道');
INSERT INTO `trigger_record` VALUES (4, 88888888, '江门工商行2', 66485591, '奇越网公司', '行业异常预警', '2021-12-03 00:00:22', '东方大道');
INSERT INTO `trigger_record` VALUES (6, 88888888, '江门工商行2', 66485591, '七月公司', '财务异常预警', '2022-01-04 17:28:43', '大苏打撒');
INSERT INTO `trigger_record` VALUES (7, 88888888, '江门工商行2', 66485591, '七月公司', '财务异常预警', '2022-02-08 17:28:43', '大苏打撒');

-- ----------------------------
-- Table structure for user_monitor_company
-- ----------------------------
DROP TABLE IF EXISTS `user_monitor_company`;
CREATE TABLE `user_monitor_company`  (
  `userid` int(0) NULL DEFAULT NULL,
  `username` varchar(255) CHARACTER SET utf8mb4 COLLATE utf8mb4_0900_ai_ci NULL DEFAULT NULL,
  `companyid` int(0) NULL DEFAULT NULL,
  `recordnumber` int(0) NOT NULL AUTO_INCREMENT,
  `companyname` varchar(255) CHARACTER SET utf8mb4 COLLATE utf8mb4_0900_ai_ci NULL DEFAULT NULL,
  `monitortime` datetime(0) NULL DEFAULT NULL,
  `state` tinyint(0) NULL DEFAULT NULL,
  `ismonitor` tinyint(0) NULL DEFAULT NULL,
  `canceltime` datetime(0) NULL DEFAULT NULL,
  PRIMARY KEY (`recordnumber`) USING BTREE
) ENGINE = InnoDB AUTO_INCREMENT = 67 CHARACTER SET = utf8mb4 COLLATE = utf8mb4_0900_ai_ci ROW_FORMAT = Dynamic;

-- ----------------------------
-- Records of user_monitor_company
-- ----------------------------
INSERT INTO `user_monitor_company` VALUES (88888888, '江门工商行', 6648559, 1, '广东奇越网联', '2021-11-24 09:42:30', 0, 1, '2021-12-29 17:25:01');
INSERT INTO `user_monitor_company` VALUES (88888888, '广州奇越银行', 41231233, 4, '恒大地产集团有限公司', '2021-12-21 14:08:58', 1, 1, '2021-12-29 17:22:23');
INSERT INTO `user_monitor_company` VALUES (2131232, 'buyingg', 123123, 5, '产集', '2021-12-27 10:45:22', 1, 1, '2021-12-29 15:13:51');
INSERT INTO `user_monitor_company` VALUES (88888888, '广州奇越银行', NULL, 26, '大苏打似的', '2021-12-28 10:00:16', 1, 0, '2021-12-30 10:49:56');
INSERT INTO `user_monitor_company` VALUES (88888888, '广州奇越银行', NULL, 28, 'test+', '2021-12-28 10:02:35', 1, 0, '2021-12-29 17:26:12');
INSERT INTO `user_monitor_company` VALUES (88888888, '广州奇越银行', NULL, 29, '的撒旦撒旦', '2021-12-28 10:06:37', 1, 0, '2021-12-29 17:26:03');
INSERT INTO `user_monitor_company` VALUES (88888888, '广州奇越银行', NULL, 30, '打折的但是', '2021-12-28 10:07:16', 1, 0, '2021-12-30 09:37:34');
INSERT INTO `user_monitor_company` VALUES (88888888, '广州奇越银行', NULL, 31, '撒大苏打撒旦撒萨达萨达萨达', '2021-12-28 10:07:29', 1, 0, '2021-12-29 17:25:41');
INSERT INTO `user_monitor_company` VALUES (88888888, '广州奇越银行', NULL, 32, 'tess是', '2021-12-28 10:22:14', 1, 1, '2021-12-29 16:56:08');
INSERT INTO `user_monitor_company` VALUES (88888888, '广州奇越银行', NULL, 33, '测试', '2021-12-28 10:22:40', 1, 0, '2021-12-29 17:34:24');
INSERT INTO `user_monitor_company` VALUES (88888888, '广州奇越银行', NULL, 41, 'beijingdaxue', '2021-12-29 12:07:03', 0, 0, '2021-12-29 17:25:47');
INSERT INTO `user_monitor_company` VALUES (88888888, '广州奇越银行', NULL, 44, '大萨达', '2021-12-30 09:28:04', 1, NULL, NULL);
INSERT INTO `user_monitor_company` VALUES (88888888, '广州奇越银行', NULL, 45, '大萨达撒', '2021-12-30 09:28:19', 1, NULL, NULL);
INSERT INTO `user_monitor_company` VALUES (88888888, '广州奇越银行', NULL, 46, '大大说', '2021-12-30 09:30:36', 1, 1, NULL);
INSERT INTO `user_monitor_company` VALUES (88888888, '广州奇越银行', NULL, 47, '大萨达', '2021-12-30 10:49:35', 1, 1, NULL);
INSERT INTO `user_monitor_company` VALUES (88888888, '广州奇越银行', NULL, 48, 'dasd ', '2021-12-30 11:48:16', 1, 1, NULL);
INSERT INTO `user_monitor_company` VALUES (88888888, '广州奇越银行', NULL, 49, 'dsadas', '2021-12-30 14:46:44', 1, 0, '2021-12-30 14:55:09');
INSERT INTO `user_monitor_company` VALUES (88888888, '广州奇越银行', NULL, 50, 'dasdas', '2021-12-30 14:54:47', 1, 0, '2021-12-30 14:55:02');
INSERT INTO `user_monitor_company` VALUES (88888888, '广州奇越银行', NULL, 51, 'dasdas', '2021-12-30 14:54:53', 1, 0, '2021-12-30 14:55:02');
INSERT INTO `user_monitor_company` VALUES (88888888, '广州奇越银行', NULL, 52, 'dsa', '2021-12-30 14:59:50', 1, 1, NULL);
INSERT INTO `user_monitor_company` VALUES (88888888, '广州奇越银行', NULL, 53, '打算打算', '2021-12-30 15:06:04', 1, 1, NULL);
INSERT INTO `user_monitor_company` VALUES (88888888, '广州奇越银行', NULL, 54, '线城市达到撒旦', '2021-12-30 15:07:53', 1, 1, NULL);
INSERT INTO `user_monitor_company` VALUES (88888888, '广州奇越银行', NULL, 55, '大大撒', '2021-12-30 15:14:15', 1, 0, '2021-12-30 15:46:04');
INSERT INTO `user_monitor_company` VALUES (88888888, '广州奇越银行', NULL, 56, '大苏打', '2021-12-30 15:14:31', 1, 0, '2021-12-30 15:45:33');
INSERT INTO `user_monitor_company` VALUES (88888888, '广州奇越银行', NULL, 57, '打死大四', '2021-12-30 15:14:45', 1, 0, '2021-12-30 15:44:25');
INSERT INTO `user_monitor_company` VALUES (88888888, '广州奇越银行', NULL, 58, '大大撒', '2021-12-30 15:41:13', 1, 0, '2021-12-30 15:46:04');
INSERT INTO `user_monitor_company` VALUES (88888888, '广州奇越银行', NULL, 59, '撒旦撒', '2021-12-30 15:46:29', 1, 0, '2021-12-30 15:46:43');
INSERT INTO `user_monitor_company` VALUES (88888888, '广州奇越银行', NULL, 60, '对策', '2022-01-04 17:19:05', 1, 1, NULL);
INSERT INTO `user_monitor_company` VALUES (88888888, '广州奇越银行', NULL, 61, '大苏打撒', '2022-01-20 15:29:21', 1, 0, '2022-02-16 10:09:12');
INSERT INTO `user_monitor_company` VALUES (88888888, NULL, NULL, 62, 'beijingdaxue', NULL, NULL, NULL, NULL);
INSERT INTO `user_monitor_company` VALUES (88888888, NULL, NULL, 63, 'beijingdaxue', NULL, NULL, NULL, NULL);
INSERT INTO `user_monitor_company` VALUES (88888888, NULL, NULL, 64, 'beijingdaxue', NULL, NULL, NULL, NULL);
INSERT INTO `user_monitor_company` VALUES (88888888, NULL, NULL, 65, 'beijingdaxue', NULL, NULL, NULL, NULL);
INSERT INTO `user_monitor_company` VALUES (88888888, NULL, NULL, 66, 'beijingdaxue', NULL, NULL, NULL, NULL);
INSERT INTO `user_monitor_company` VALUES (88888888, NULL, NULL, 67, 'beijingdaxue', NULL, NULL, NULL, NULL);

-- ----------------------------
-- Table structure for user_search_record
-- ----------------------------
DROP TABLE IF EXISTS `user_search_record`;
CREATE TABLE `user_search_record`  (
  `userid` varchar(255) CHARACTER SET utf8mb4 COLLATE utf8mb4_0900_ai_ci NULL DEFAULT NULL,
  `recordnumber` int(0) NOT NULL AUTO_INCREMENT,
  `username` varchar(255) CHARACTER SET utf8mb4 COLLATE utf8mb4_0900_ai_ci NULL DEFAULT NULL,
  `companyid` int(0) NULL DEFAULT NULL,
  `companyname` varchar(255) CHARACTER SET utf8mb4 COLLATE utf8mb4_0900_ai_ci NULL DEFAULT NULL,
  `searchtime` datetime(0) NULL DEFAULT NULL,
  `state` varchar(255) CHARACTER SET utf8mb4 COLLATE utf8mb4_0900_ai_ci NULL DEFAULT NULL,
  PRIMARY KEY (`recordnumber`) USING BTREE
) ENGINE = InnoDB AUTO_INCREMENT = 9 CHARACTER SET = utf8mb4 COLLATE = utf8mb4_0900_ai_ci ROW_FORMAT = Dynamic;

-- ----------------------------
-- Records of user_search_record
-- ----------------------------
INSERT INTO `user_search_record` VALUES ('81456', 1, '江门工商行', 6648559, '广东奇越网联2', '2021-11-23 10:58:35', '1');
INSERT INTO `user_search_record` VALUES ('81456', 2, '江门工商行', 6648559, '广东奇越网联', '2021-12-01 00:00:00', '1');
INSERT INTO `user_search_record` VALUES ('21312312', 3, 'test', 2132132, '59895', '2021-12-24 00:20:00', '1');
INSERT INTO `user_search_record` VALUES ('2312321', 4, 'testt', 312321, 'dasdasdsa', '2021-11-11 00:00:00', '1');
INSERT INTO `user_search_record` VALUES ('88888888', 8, '广州奇越银行', NULL, 'beijingdaxue', '2022-02-21 16:35:59', '1');
INSERT INTO `user_search_record` VALUES ('88888888', 9, '广州奇越银行', NULL, '萨达撒多', '2022-02-21 17:02:20', '1');

-- ----------------------------
-- Table structure for user_serarch_recorddd
-- ----------------------------
DROP TABLE IF EXISTS `user_serarch_recorddd`;
CREATE TABLE `user_serarch_recorddd`  (
  `userid` int(0) NULL DEFAULT NULL,
  `username` varchar(255) CHARACTER SET utf8mb4 COLLATE utf8mb4_0900_ai_ci NULL DEFAULT NULL,
  `starttime` datetime(0) NULL DEFAULT NULL,
  `searchfunction` tinyint(0) NULL DEFAULT NULL,
  `endtime` datetime(0) NULL DEFAULT NULL,
  `monitorf` tinyint(0) NULL DEFAULT NULL,
  `password` varchar(255) CHARACTER SET utf8mb4 COLLATE utf8mb4_0900_ai_ci NULL DEFAULT NULL,
  `id` int(0) NOT NULL AUTO_INCREMENT,
  PRIMARY KEY (`id`) USING BTREE
) ENGINE = InnoDB AUTO_INCREMENT = 18 CHARACTER SET = utf8mb4 COLLATE = utf8mb4_0900_ai_ci ROW_FORMAT = Dynamic;

-- ----------------------------
-- Records of user_serarch_recorddd
-- ----------------------------
INSERT INTO `user_serarch_recorddd` VALUES (21312311, 'dasdasd', '2021-12-01 00:00:00', 0, '2021-12-24 00:00:00', 1, 'fdsadsadasdsad1221', 2);
INSERT INTO `user_serarch_recorddd` VALUES (123123, 'dsadsa', '2021-12-01 00:20:01', 0, '2021-12-10 00:06:05', 1, '122133', 3);
INSERT INTO `user_serarch_recorddd` VALUES (12312322, '江门工商行', '2021-12-01 00:00:00', 1, '2021-12-18 00:00:00', 1, '123456', 4);
INSERT INTO `user_serarch_recorddd` VALUES (111111, '12333333456777', '2021-12-01 00:00:00', 0, '2021-12-07 00:00:00', 0, '1231231231', 5);
INSERT INTO `user_serarch_recorddd` VALUES (1231232, 'test', '2021-12-01 00:00:00', 0, '2021-12-01 00:00:00', 0, 'dasdasdsa', 6);
INSERT INTO `user_serarch_recorddd` VALUES (12312311, 'dasdasd', '2021-11-30 00:00:00', 1, '2021-12-30 00:00:00', 0, 'dasdas', 7);
INSERT INTO `user_serarch_recorddd` VALUES (312312, 'dasdasd', '2021-11-30 00:00:00', 1, '2021-12-01 00:00:00', 1, '213123', 8);
INSERT INTO `user_serarch_recorddd` VALUES (12345678, '12345677', '2021-12-02 00:04:40', 1, '2021-12-31 00:00:00', 1, '12345677', 12);
INSERT INTO `user_serarch_recorddd` VALUES (11111111, '1111111', '2021-12-02 00:04:59', 0, '2021-12-02 00:05:01', 0, '11111', 13);
INSERT INTO `user_serarch_recorddd` VALUES (12345678, '12345677', '2021-12-02 00:52:44', 1, '2021-12-02 00:52:47', 1, '12131212', 14);
INSERT INTO `user_serarch_recorddd` VALUES (12321311, 'teasd', '2021-12-01 00:00:00', 1, '2021-12-30 00:00:00', 0, 'dasdas', 15);
INSERT INTO `user_serarch_recorddd` VALUES (123, 'test', '2021-12-10 14:38:54', 1, '2021-12-10 14:38:58', 1, 'test', 16);
INSERT INTO `user_serarch_recorddd` VALUES (88888888, '广州奇越银行', '2021-12-14 00:00:00', 1, '2021-12-14 00:00:00', 1, '888', 17);

-- ----------------------------
-- Table structure for user_test_recordser
-- ----------------------------
DROP TABLE IF EXISTS `user_test_recordser`;
CREATE TABLE `user_test_recordser`  (
  `id` int(0) NOT NULL,
  `name` varchar(255) CHARACTER SET utf8mb4 COLLATE utf8mb4_0900_ai_ci NULL DEFAULT NULL,
  `etime` datetime(0) NULL DEFAULT NULL,
  PRIMARY KEY (`id`) USING BTREE
) ENGINE = InnoDB CHARACTER SET = utf8mb4 COLLATE = utf8mb4_0900_ai_ci ROW_FORMAT = Dynamic;

-- ----------------------------
-- Records of user_test_recordser
-- ----------------------------
INSERT INTO `user_test_recordser` VALUES (1232, 'tettt', NULL);

-- ----------------------------
-- Table structure for work_order_management
-- ----------------------------
DROP TABLE IF EXISTS `work_order_management`;
CREATE TABLE `work_order_management`  (
  `id` int(0) NOT NULL AUTO_INCREMENT,
  `userid` int(0) NULL DEFAULT NULL,
  `username` varchar(255) CHARACTER SET utf8mb4 COLLATE utf8mb4_0900_ai_ci NULL DEFAULT NULL,
  `companyname` varchar(255) CHARACTER SET utf8mb4 COLLATE utf8mb4_0900_ai_ci NULL DEFAULT NULL,
  `createtime` datetime(0) NULL DEFAULT NULL,
  `state` tinyint(0) NULL DEFAULT NULL,
  `legalpeople` varchar(255) CHARACTER SET utf8mb4 COLLATE utf8mb4_0900_ai_ci NULL DEFAULT NULL,
  `province` varchar(255) CHARACTER SET utf8mb4 COLLATE utf8mb4_0900_ai_ci NULL DEFAULT NULL,
  `city` varchar(255) CHARACTER SET utf8mb4 COLLATE utf8mb4_0900_ai_ci NULL DEFAULT NULL,
  `code` varchar(255) CHARACTER SET utf8mb4 COLLATE utf8mb4_0900_ai_ci NULL DEFAULT NULL,
  `contactphone` varchar(255) CHARACTER SET utf8mb4 COLLATE utf8mb4_0900_ai_ci NULL DEFAULT NULL,
  `note` varchar(255) CHARACTER SET utf8mb4 COLLATE utf8mb4_0900_ai_ci NULL DEFAULT NULL,
  `orderid` int(0) NULL DEFAULT NULL,
  `finaltime` datetime(0) NULL DEFAULT NULL,
  PRIMARY KEY (`id`) USING BTREE
) ENGINE = InnoDB AUTO_INCREMENT = 100033 CHARACTER SET = utf8mb4 COLLATE = utf8mb4_0900_ai_ci ROW_FORMAT = Dynamic;

-- ----------------------------
-- Records of work_order_management
-- ----------------------------
INSERT INTO `work_order_management` VALUES (100000, 84446666, '江门工商行', '广东城市第一工业有限公司', '2021-12-02 00:43:11', 2, '朱晓光', '广东省', '东莞市', NULL, '13800138000', '特殊', 10000, '2021-12-03 11:10:18');
INSERT INTO `work_order_management` VALUES (100001, 84446666, '江门工商行', '广东城市第一工业有限公司', '2021-12-02 00:43:11', 2, '朱晓光', '广东省', '东莞市', NULL, '13800138000', '', 10001, '2021-12-03 00:09:44');
INSERT INTO `work_order_management` VALUES (100002, 84446666, '江门工商行', '广东城市第一工业有限公司', '2021-12-02 00:43:11', 0, '朱晓光', '广东省', '东莞市', NULL, '13800138000', '查不到', 10002, '2021-12-02 00:34:13');
INSERT INTO `work_order_management` VALUES (100003, 66668888, '打算打算大所多', '但是撒多撒多', '2021-12-02 04:15:32', 2, '大萨达', '广东省', '珠海市', NULL, '13800138000', 'no', 100003, '2021-12-02 03:34:15');
INSERT INTO `work_order_management` VALUES (100004, 312312321, '敖德萨大所多所多', '大萨达撒多', '2021-12-02 00:53:13', 1, '大萨达', '四十多', '十点多', NULL, '1381001388', NULL, 100004, '2021-12-02 00:53:11');
INSERT INTO `work_order_management` VALUES (100005, 15515, 'Test', 'dsadsad', '2021-12-20 16:02:32', 1, 'wangyuanxin', 'guangdong', 'zhuhai', '32132132', '13800138000', NULL, 10005, NULL);
INSERT INTO `work_order_management` VALUES (100006, 15515, 'Test', 'dsadsad', '2021-12-20 16:02:39', 1, 'wangyuanxin', 'guangdong', 'zhuhai', '32132132', '13800138000', NULL, NULL, NULL);
INSERT INTO `work_order_management` VALUES (100007, 15515, 'Test', 'dsadsad', NULL, 1, 'wangyuanxin', 'guangdong', 'zhuhai', '32132132', '13800138000', NULL, NULL, NULL);
INSERT INTO `work_order_management` VALUES (100008, 15515, 'Test', 'dsadsad', '2021-12-20 16:32:56', 1, 'wangyuanxin', 'guangdong', 'zhuhai', '32132132', '13800138000', NULL, NULL, NULL);
INSERT INTO `work_order_management` VALUES (100009, 15515, 'Test', 'dsadsad', '2021-12-21 10:20:56', 1, 'wangyuanxin', 'guangdong', 'zhuhai', '32132132', '13800138000', NULL, NULL, NULL);
INSERT INTO `work_order_management` VALUES (100010, 15515, 'Test', 'dsadsad', '2021-12-21 10:23:31', 1, 'wangyuanxin', 'guangdong', 'zhuhai', '32132132', '13800138000', NULL, NULL, NULL);
INSERT INTO `work_order_management` VALUES (100011, 15515, 'Test', 'dsadsad', '2021-12-21 10:24:02', 1, 'wangyuanxin', 'guangdong', 'zhuhai', '32132132', '13800138000', NULL, NULL, NULL);
INSERT INTO `work_order_management` VALUES (100012, 15515, 'Test', 'dsadsad', '2021-12-21 10:24:07', 1, 'wangyuanxin', 'guangdong', 'zhuhai', '32132132', NULL, NULL, NULL, NULL);
INSERT INTO `work_order_management` VALUES (100013, 15515, 'Test', 'dsadsad', '2021-12-21 10:24:11', 1, 'wangyuanxin', 'guangdong', 'zhuhai', '32132132', '13800138000', NULL, NULL, NULL);
INSERT INTO `work_order_management` VALUES (100014, 88888888, '测试账号', NULL, '2021-12-21 10:28:59', 0, '谁谁谁', NULL, '升水', NULL, '13800138000', NULL, NULL, NULL);
INSERT INTO `work_order_management` VALUES (100015, 88888888, '测试账号', 'dsadsa', '2021-12-21 10:33:31', 0, 'das', NULL, 'sdasdxcsa', NULL, '13800138000', NULL, NULL, NULL);
INSERT INTO `work_order_management` VALUES (100016, 88888888, '测试账号', '撒打算大所', '2021-12-21 10:34:47', 0, '大萨达撒', '撒打算', '萨达', NULL, '13999999992', NULL, NULL, NULL);
INSERT INTO `work_order_management` VALUES (100017, 88888888, '测试账号', '撒打算大所', '2021-12-21 10:35:34', 0, '大萨达撒', '撒打算', '萨达', NULL, '13999999992', NULL, NULL, NULL);
INSERT INTO `work_order_management` VALUES (100018, 15515, 'Test', 'dsadsad', '2021-12-21 10:40:07', 1, 'wangyuanxin', 'guangdong', 'zhuhai', '913505215532300332', '13800138000', NULL, NULL, NULL);
INSERT INTO `work_order_management` VALUES (100019, 88888888, '测试账号', '升水', '2021-12-21 10:40:35', 0, '升水', '升水', '升水', '913505215532300332', '13800138000', NULL, NULL, NULL);
INSERT INTO `work_order_management` VALUES (100020, 88888888, '测试账号', '升水', '2021-12-21 10:42:15', 0, '升水', '升水', '升水', '913505215532300332', '13800000000', NULL, NULL, NULL);
INSERT INTO `work_order_management` VALUES (100021, 88888888, '测试账号', '升水', '2021-12-21 10:43:26', 0, '升水', '升水', '升水', '913505215532300332', '13800138000', NULL, NULL, NULL);
INSERT INTO `work_order_management` VALUES (100022, 88888888, '测试账号', '升水', '2021-12-21 10:43:55', 0, '升水', '升水', '升水', '913505215532300332', '13800138000', NULL, NULL, NULL);
INSERT INTO `work_order_management` VALUES (100023, 88888888, '测试账号', '升水', '2021-12-21 10:44:30', 0, '升水', '升水', '升水', '913505215532300332', '13800138000', NULL, NULL, NULL);
INSERT INTO `work_order_management` VALUES (100024, 15515, 'Test', 'dsadsad', '2021-12-21 11:26:32', 1, 'wangyuanxin', 'guangdong', 'zhuhai', '913505215532300332', '13800138000', NULL, NULL, NULL);
INSERT INTO `work_order_management` VALUES (100025, 15515, 'Test', 'dsadsad', '2021-12-21 11:26:33', 1, 'wangyuanxin', 'guangdong', 'zhuhai', '913505215532300332', '13800138000', NULL, NULL, NULL);
INSERT INTO `work_order_management` VALUES (100026, 15515, 'Test', 'dsadsad', '2021-12-21 11:26:33', 1, 'wangyuanxin', 'guangdong', 'zhuhai', '913505215532300332', '13800138000', NULL, NULL, NULL);
INSERT INTO `work_order_management` VALUES (100027, 15515, 'Test', 'dsadsad', '2021-12-21 11:26:58', 0, 'wangyuanxin', 'guangdong', 'zhuhai', '913505215532300332', '13800138000', NULL, NULL, NULL);
INSERT INTO `work_order_management` VALUES (100028, 15515, 'Test', 'dsadsad', '2021-12-21 11:26:58', 0, 'wangyuanxin', 'guangdong', 'zhuhai', '913505215532300332', '13800138000', NULL, NULL, NULL);
INSERT INTO `work_order_management` VALUES (100029, 15515, 'Test', 'dsadsad', '2021-12-21 11:26:59', 0, 'wangyuanxin', 'guangdong', 'zhuhai', '913505215532300332', '13800138000', NULL, NULL, NULL);
INSERT INTO `work_order_management` VALUES (100030, NULL, NULL, NULL, '2021-12-24 17:15:54', NULL, NULL, NULL, NULL, NULL, NULL, NULL, NULL, NULL);
INSERT INTO `work_order_management` VALUES (100031, 88888888, NULL, NULL, '2021-12-24 17:16:20', NULL, NULL, NULL, NULL, NULL, NULL, NULL, NULL, NULL);
INSERT INTO `work_order_management` VALUES (100032, 88888888, NULL, NULL, '2021-12-24 17:16:35', NULL, NULL, NULL, NULL, NULL, NULL, NULL, NULL, NULL);
INSERT INTO `work_order_management` VALUES (100033, 15515, 'Test', 'dsadsad', '2021-12-29 10:22:54', 0, 'wangyuanxin', 'guangdong', 'zhuhai', '913505215532300332', '13800138000', NULL, NULL, NULL);

SET FOREIGN_KEY_CHECKS = 1;
